:020000040804EE
:1000000000000824019006084D900608CD0B060854
:10001000D30B0608D90B0608DF0B0608000000000A
:10002000000000000000000000000000C9C6040835
:100030004D9006080000000063C7040873C7040859
:100040004D9006084D9006084D9006084D90060804
:100050004D9006084D9006084D9006084D900608F4
:100060004D9006084D9006084D9006084D900608E4
:100070004D9006084D9006084D9006084D900608D4
:100080004D9006084D9006084D900608959B060871
:10009000A59B0608A19B0608B19B06084D90060883
:1000A0004D9006084D9006084D9006084D900608A4
:1000B0004D9006084D9006084D9006084D90060894
:1000C0004D9006084D9006084D9006084D90060884
:1000D0004D9006084D9006084D9006084D90060874
:1000E0004D9006084D900608000000004D9006084F
:1000F0004D9006084D9006084D9006084D90060854
:100100004D900608798D06084D9006084D9006081A
:100110004D9006084D9006084D9006084D90060833
:100120004D9006084D9006084D9006084D90060823
:100130004D900608D7F604084D9006084D90060825
:100140004D9006084D9006080000000000000000D9
:100150004D9006084D9006084D9006084D900608F3
:100160004D9006084D9006084D9006084D900608E3
:100170004D9006084D9006084D90060800000000BE
:100180004D9006084D9006084D9006084D900608C3
:100190004D9006084D9006084D9006084D900608B3
:1001A0004D9006084D9006084D9006084D900608A3
:1001B0004D9006084D9006084D9006084D90060893
:1001C0004D9006084D9006084D9006084D90060883
:1001D0004D9006084D9006084D9006084D90060873
:1001E0004D9006084D9006084D9006084D90060863
:1001F0004D9006084D9006084D9006084D90060853
:100200004D9006084D9006084D9006084D90060842
:100210004D9006084D9006084D9006084D90060832
:100220004D9006084D9006084D9006084D90060822
:100230004D900608FD8F06084D9006084D90060863
:100240004D9006084D9006084D9006084D90060802
:100250004D9006084D9006084D9006084D900608F2
:100260004D9006084D9006084D9006084D900608E2
:100270004D9006084D9006084D9006084D900608D2
:100280004D9006084D9006084D90060800000000AD
:100290004D9006084D90060810B5054C237833B9EB
:1002A000044B13B10448AFF300800123237010BD49
:1002B000A018002400000000ACBA070808B5034BE2
:1002C0001BB103490348AFF3008008BD00000000E4
:1002D000A4180024ACBA0708154B002B08BF134B19
:1002E0009D46A3F5803A00218B460F461348144AD9
:1002F000121A30F075F90F4B002B00D098470E4BB7
:10030000002B00D098470020002104000D000D486C
:10031000002802D00C4821F013FB2FF061FC2000D4
:1003200029000EF0E5FB21F01FFD00BF00000800D2
:1003300000000824000000004DEA0408A018002472
:100340001820012441190608000000000020704711
:100350000022026042600A790270022282807047A5
:10036000002202604260142202701222428008229F
:100370008280012282717047044B10B5044640F818
:10038000083B21F087FF204610BD00BFD06507085D
:10039000044B10B5044640F8043B21F07BFF204697
:1003A00010BD00BFEC65070810B50446FFF7E4FF79
:1003B0003C21204621F048FD204610BD10B50446E2
:1003C000FFF7E6FF3421204621F03EFD204610BD18
:1003D000036810B504469B689847A368013BA36077
:1003E0002BB923682046DB68BDE81040184710BDD4
:1003F000F8B505461F460C4669B3072A2DD9061DD8
:10040000304621F00FFF6288238830469FED147A32
:1004100042EA0343E28907EE903AA38901242F635D
:10042000F8EEE77A42EA034285F82840C7EE876A89
:1004300007EE902AF8EEE77AC5ED0B6AC7EE876AF9
:10044000F5EEC06AF1EE10FACCBF2346002385F822
:10045000293021F005FF2046F8BD0020FCE700BF51
:1004600000007A4438B500F108040546204621F022
:10047000D9FE0023204685F82C30BDE8384021F015
:10048000EFBE38B5041D0546204621F0CBFE002303
:10049000204685F82830BDE8384021F0E1BE000054
:1004A0002DE9F041054698460C4631B3012A24D97E
:1004B00000F108070126384621F0B4FE85F82C60CB
:1004C00023883846DFED0E6A07EE103AB8EE477A19
:1004D00027EE267A85ED0D7AB4F90230C5F838801A
:1004E00007EE903AF8EEE77A67EEA67AC5ED0C7A59
:1004F00021F0B6FE3046BDE8F0810020FBE700BFEA
:10050000CDCCCC3D0022C2607047C3680BB19B6864
:10051000184770470021102210B504460170417041
:10052000043030F05DF8204610BD00002DE9F84F92
:10053000054600271E4B4FF0000905F1340805F170
:100540003C060324DFF86CA0BB4640F8043B21F0D6
:1005500061FE85F8287085F82970C5F82C902F6306
:1005600046F808AC304606F8047C21F053FE013C06
:1005700086F824B0C6F828903C36631C46F8109CD8
:1005800046F80CBCECD12846BDE8F88FC4F1030452
:100590003C2303FB0484444505D054F83C3D1B68D0
:1005A00020469847F7E72846FFF7F2FE2CF0E0FCDC
:1005B000EC650708D065070870B500F5927304462E
:1005C00000F134069E4208D0A3F13C0553F83C3CB0
:1005D00028461B6898472B46F4E72046FFF7D8FECD
:1005E000204670BD10B5044600F5947021F052FE0F
:1005F00004F1680021F0A2FF04F1180003F0CCF828
:10060000054B6069236028B14368013B43600BB927
:10061000FFF7DEFE204610BD286C070838B50446FB
:1006200000F5A16500F5C06021F034FE04F5B96065
:1006300021F030FE284621F081FF04F5BA7504F55B
:100640004470FFF7CFFF04F50E7021F023FE28461B
:1006500021F074FF04F15000FFF7AEFF204638BDD3
:10066000014800F063BB00BFBC180024014800F043
:10067000B2BD00BFBC18002410B504460021FFF72E
:1006800041FF204610BD10B50446FFF73EFF20464F
:1006900010BD00002DE9F347044605469A46164B67
:1006A00004F14006884645F8043B28469146FFF78A
:1006B000E3FF0021304621F00FFE04F154073846D5
:1006C00021F0A8FD0A9B4A46414620460093534626
:1006D00021F092FE0CE0384621F0DCFD304621F09E
:1006E0003AFE2846FFF7CFFF2CF042FCF6E7F8E78A
:1006F000204602B0BDE8F087B0A00708254BF7B54B
:10070000044600934FF480520023182104F1C006E0
:10071000FFF7C0FF0023304684F8BC3021F07AFD9B
:100720001022002104F1E40004F1F8072FF058FF33
:100730000023384684F8F4301D4621F06BFD04F5A3
:100740008E70FFF7E7FEC4F83051294604F59A7021
:1007500000F052F9012104F5A27000F04DF90221D8
:1007600004F5AA7000F048F9032104F5B27000F016
:1007700043F90CE0384621F08DFD304621F08AFD2A
:10078000204621F0DBFE2CF0F3FBF6E7F8E72046ED
:1007900003B0F0BD49660708F7B500234FF47A723D
:1007A000064604460146C0E90132C0E904333F4B26
:1007B00046F8183B304603F071FB3D4B04F16807E7
:1007C0004FF4C0521821009338460023FFF762FF10
:1007D000002504F5947084F8245184F8255184F898
:1007E000265121F017FD13E0384621F0A7FE3046D0
:1007F00002F0D2FF2F4B6069236028B14368013BB0
:1008000043600BB9FFF7E4FD2CF0B2FBEFE7F1E733
:10081000002640220021C4F84C5184F8505104F5C0
:10082000AE7084F85151C4F85461C4F858512FF097
:10083000D7FE84F89C5184F89D5104F5D270C4F819
:10084000A061FFF767FE0123204684F8B85184F8C1
:10085000D5314FF47A7384F8BC5184F8BD5184F8D3
:10086000BE5184F8BF5184F8C05184F8C151C4F816
:10087000C451C4F8C851C4F8CC51C4F8D05184F85C
:10088000D45184F8D651C4F8D851C4F8DC51C4F816
:10089000E051C4F8E451C4F8E831C4F8EC51C4F8AC
:1008A000F051C4F8F45103B0F0BD00BF086607086A
:1008B00044660708286C07082DE9F743044600251D
:1008C000002304F150070570836304F5BA76457080
:1008D0008570C5700571457105744574857480F81F
:1008E000245080F82550056380F8345080F8355046
:1008F000C0E90255C0E90555C0E90755C0E90A55E8
:100900003C30FFF707FE3846FFF710FE00952B46F8
:100910004FF4805218213046FFF7BCFE04F50E78E4
:1009200084F83052C4F83452404621F073FCA022BF
:10093000294604F5177004F544792FF051FE012380
:10094000A4F8FC52484684F8603284F8743284F883
:10095000883284F89C3284F8B03284F8C43284F847
:10096000D83284F8EC3284F8FE52C4F80053C4F84C
:100970000453C4F80853C4F80C53FFF70DFF07E005
:10098000304621F0DBFD3846FFF716FE2CF0F0FA7A
:1009900004F5A160FFF7B2FE08E04846FFF722FE2B
:1009A000404621F077FCEBE7FAE7ECE7204684F8D5
:1009B0007C5684F87D56C4F88056C4F88456C4F832
:1009C000885603B0BDE8F08310B5054C2046FFF70C
:1009D00073FF2046034A0449BDE8104020F0AEBF33
:1009E000BC180024000000241D060408014802F081
:1009F00057B900BFE0320024002303294FF0000262
:100A0000017043708370037398BF0123426082605A
:100A100098BF41708370704707EE901AF5EEC07A68
:100A2000F1EE10FA0AD4B7EE007AF4EE477AF1EE5E
:100A300010FA77FE277AC0ED027A7047DFED017A6F
:100A4000F9E700BF000000000023836070474068A2
:100A5000704780687047000007EE902AF8EE676ADA
:100A6000DFED1A7A86EEA77ADFED197AD0ED016A0A
:100A700027EE277AD0ED027AD9B137EE267AB4EE96
:100A8000E77AF1EE10FA77FE877AC0ED017AD0EDC1
:100A9000017AF5EEC07AF1EE10FA14D4B7EE007ACE
:100AA000F4EE477AF1EE10FA77FE277AC0ED017A7C
:100AB000704736EEC77AB4EEE77AF1EE10FA58BF17
:100AC000F0EE477AE1E7DFED037AEFE700007A44E2
:100AD000CDCC4C3E00000000D0ED017A07EE101A9C
:100AE00077EE277A90ED027AB4EEE77AF1EE10FA1B
:100AF000CCBF012000207047D0ED017A07EE101A1C
:100B000077EEC77A90ED027AB4EEE77AF1EE10FA5A
:100B10004CBF01200020704738B5837804460D464D
:100B200013B90025284638BD407800F029FD00287B
:100B3000F7D0B5FA85F00121400900F0BBFC012295
:100B40006078114600F0E8FC054610B101232373DC
:100B5000E8E720730249034801F083F8E2E700BFA9
:100B600051660708666607080021FFF7D5BF012117
:100B7000FFF7D2BF837810B5044683B1037B33B14E
:100B800000224078114600F0C7FC0023237300F0D8
:100B9000E1FC014618B9BDE8104000F08BBC10BD67
:100BA00000224260826000220273FFF7E3BFFFF77A
:100BB000E1BF000030B5002404704470002444609C
:100BC00014786CB3B3EE027AD2ED017AF4EEC77A00
:100BD000F1EE10FA0CDB4C6804B94B604C681C1B3E
:100BE000B4F5FA6F24BF01240C7000248C6015E06A
:100BF0000C7814B3B2EE087AF4EEC77AF1EE10FA7C
:100C00001BD88C6804B98B608C6842F20F751C1B72
:100C1000AC424FF0000488BF0C704C6054787CB933
:100C20004C788CB1CC6804B9CB60CC681B1B1A4CD7
:100C3000A34284BF00234B7006E000244C60D5E73C
:100C400001234B700023CB600B7813B10123037099
:100C500030BD4B78002BF9D192F84C10037009B9D4
:100C60000E4B0BE0F3EE077A92ED147AB4EEE77ACE
:100C7000F1EE10FA04DD01234370094B4360E7E70E
:100C800092ED157ADFED077AB4EEE77AF1EE10FA1D
:100C9000F1DC4370E4E700BFDF930400CDCC4C3EB1
:100CA0006666263F00009C420D4808B50378BFF3F6
:100CB0005B8FDB070DD420F051FE50B109481DF0C9
:100CC000F1F8074820F06CFE074A0849054820F073
:100CD00035FE044808BD024821F06AF82CF048F9B6
:100CE000481F00244C1F002400000024ABDE050830
:100CF0002DE9F04100F1080706460D4690463846BA
:100D000021F090FA96F82C4044B1B46B34B1AC4267
:100D10000AD82C1B44458CBF00240124384621F0FE
:100D20009FFA2046BDE8F0810024F7E72DE9F8435B
:100D300040F2DC5104464FF4E130002500F0E8FFBA
:100D40003349344804F5A16700F086FF04F5447880
:100D5000FFF7AAFF4FF4FA511DF0BCF82E4806F039
:100D6000B3FE04F18C0600F023FB4FF03C0938463B
:100D700000F072FC404601F051FC304621F052FA7E
:100D800009FB054010220021B03001352FF028FC6E
:100D9000304621F065FA042D06F13C06EDD104F150
:100DA0005406002504F15009304621F03BFA304644
:100DB000C4F88050C4E91E5521F052FA494604F5A2
:100DC000BA7001F011FB404601F026FF384600F0F2
:100DD00037FE12490F4800F03FFF01231422294635
:100DE00023700023657004F13C00A363A570E570D7
:100DF0002571657184F8345084F835502FF0F0FB7C
:100E00000BF0ECFAA0600BF0E9FAE060BDE8F883C3
:100E1000C1660708C9660708C8370024D6660708F0
:100E20002DE9F0418AB000F5BA7804460F4604ADCA
:100E3000414604A804F1100601F06AFA0FCD0FC66E
:100E40002B686D4604F544713360284601F02BFC95
:100E500004F1240695E80F0086E80F00637C002B60
:100E600041D1A370A36A002B49D10123E370A37879
:100E70003BB123792BB93449344800F0F2FE012309
:100E80002371A37803B92371E3783BB163792BB95C
:100E90002F492E4800F0E5FE01236371E37803B982
:100EA000637104F1840543F6982239462846FFF71A
:100EB0001FFF10B13C354545F5D1A37813B9E37850
:100EC00003B9A37C2278012A21D1002838D0002B35
:100ED00036D102231F49627023701C480AB0BDE856
:100EE000F04100F0B9BE63690BB90123B9E7FB1A01
:100EF00042F21072934294BF00230123B1E7FB1A20
:100F000041F28832934294BF00230123AEE7022AC4
:100F10000CD100B1A3B103230F490C482370002367
:100F200063700AB0BDE8F04100F09BBE032A07D110
:100F300030B12BB902230949237001236370CCE738
:100F40000AB0BDE8F08100BF78660708C9660708E7
:100F50008E660708A2660708AE660708B766070828
:100F60002DE9F04F2DED028BABB000F5A16A0446E0
:100F70008B466D465146684604F13C0600F0C7FBBF
:100F80000DF14C089FED458A04F18C094746F0EEBF
:100F9000488A0FCD0FC62B68582200214046336087
:100FA00004F154062FF01CFBCDF8A4B0304608AD78
:100FB00021F038F904F1780393E8070085E8070089
:100FC00030460FAE21F04CF995E80700002588E87F
:100FD0000700484621F026F909F124030FCB86E8E3
:100FE0000F00484621F03CF907F10C0C96E80F0081
:100FF0008CE80F003B7B4BB1D7ED047A013578EEDE
:10100000A78AD7ED057AEDB238EE278A103723ABE1
:1010100009F13C099F42DCD175B107EE905A0123DA
:10102000F8EE677A8DF8983088EEA77A8DED277AFA
:1010300088EE277A8DED287A627806AD22B35B467A
:10104000424604F27C612846FFF7B4FD9DF8186023
:101050009DF81920079B8DF8186034348DF81920FD
:1010600007930B930C930D9395E8030084E803001A
:101070006EB90E9332460BA9504600F02FFB2BB0F1
:10108000BDEC028BBDE8F08F00230126E3E71022C0
:1010900000210BA82FF0A4FAECE700BF000000002D
:1010A0002DE9F041B0B0044668220F4616AE04F1B7
:1010B0005408002101AD30462FF092FA40461597B2
:1010C00021F0B0F804F1780393E8070085E8070001
:1010D00040464FF0010821F0C3F895E8070008AD3D
:1010E00086E8070004F18C06304621F09BF806F1F3
:1010F00024030FCB85E80F0030463C3621F0B0F8D2
:1011000015AB03EB081C08F1010895E80F00B8F1D6
:10111000050F8CE80F00E7D104F1340229AB04F18C
:101120003C062BAD04F5BA7892E8030083E803008F
:101130000FCE0FC5336804A82B6004F1840500F0BE
:101140003BFA43F6982239462846FFF7D1FD06467A
:1011500010B13C35A845F4D1162200210DF136001E
:101160002FF03EFA2378A2780CA98DF830306378FE
:101170008DF835208DF8313001238DF833608DF8EE
:101180003230A37C002B08BF13468DF834306369DE
:101190000E93A3690F93E3691093236A04F54474D3
:1011A000119320469DF811308DF848309DF813308A
:1011B0008DF849309DF814308DF84A30069B139312
:1011C000079B149301F058FA15A9204601F03CFA48
:1011D00030B0BDE8F08138B5044600F047FD0BF0B3
:1011E000FDF8054600F034F920462946FFF718FEC1
:1011F000FFF75AFD1CF05AFEA368EB1AB3F5FA6F1D
:1012000004D329462046FFF7ABFEA560E36847F20A
:101210002F52EB1A934204D929462046FFF740FF8C
:10122000E5600520BDE8384021F09CB8F8B5FF2303
:101230000D4D0E4800242B7005F027FE0B4F06467F
:10124000B4420FDAE1B2384605F016FE0238012842
:1012500006D801202C70064B1870064B1870F8BD8C
:101260000134EDE70020F6E704000024C83700242D
:10127000531F0024541F002403282DE9F84F07466C
:101280000E46914601D900200BE01AD058B9012032
:101290000BF07EF9314609200BF07AF92F4B012033
:1012A000DE55BDE8F88F012805D102200BF070F95A
:1012B00031460820F0E703200BF06AF93146992007
:1012C000EAE7274BDFF8BCA093F90010DFF8B880FD
:1012D0000029244C05DB244B1B7813B1234B1B78CE
:1012E0001BB900238AF8003006E0214805F072FDA2
:1012F000054698B98AF8000001231E4A88F8003094
:10130000136801331360236801332360B9F1000FC0
:10131000B9D01949194800F0A4FCB4E7184B1A7861
:10132000C6B142F001021A7041F652712A6828468D
:10133000D2F810B01A78D8472B68012128461B6ACA
:1013400098470028CDD1012388F8000020608AF852
:101350000030A3E722F00102E5E700BF4F1F0024A1
:1013600004000024641F0024531F0024541F002481
:10137000C8370024601F0024E7660708FA660708DC
:101380005C1F002405000024681F002410B5002401
:101390000022E0B201341146FFF76EFF042CF7D1B2
:1013A00010BD10B50446006820F05AFF204610BD5D
:1013B00013B5224802AC44F8040D20F033FF01219C
:1013C00000200BF061F8012107200BF05DF80121EE
:1013D00008460BF059F8012109200BF055F80121BE
:1013E00002200BF051F8012108200BF04DF80121EB
:1013F00003200BF049F8012199200BF045F800215A
:101400000F4B084619700BF0C3F8002107200BF0B2
:10141000BFF8FFF7BBFFFFF709FF0A4B01220A499C
:101420000A481A7000F018FC2046FFF7BAFF02B015
:1014300010BD2046FFF7B5FF2BF09AFD6C1F00246E
:101440004E1F00244D1F002458930708FA66070812
:1014500013B5134802AC44F8040D20F0E3FE0AF083
:10146000BDFF104B1B7823B12046FFF79AFF02B057
:1014700010BD0D4A41F287311368C31A8B42F3D96C
:101480001060FFF7D3FE0028EED00849084800F0AE
:10149000E3FBE9E72046FFF784FF2BF069FD00BF7F
:1014A0006C1F0024531F0024581F002400670708E6
:1014B000FA66070873B504460E461448144D0190A9
:1014C00020F0B0FE4EB12B78A34206D00023114A83
:1014D000995C89B90133042BFAD1214600202C7084
:1014E0000BF056F8214607200BF052F807E001A850
:1014F000FFF757FF2BF03CFDFFF748FFEDE701A892
:10150000FFF74FFF012002B070BD00BF6C1F002429
:101510004E1F00244F1F0024F7B505460E460C4809
:10152000174602AC44F8040D20F07CFE3A463146E2
:101530002846FFF7A1FE04E02046FFF732FF2BF01C
:1015400017FD05462046FFF72CFF284603B0F0BDE7
:101550006C1F002413B50848019020F063FE00239F
:10156000064A9C5C14B90133042BFAD101A8FFF799
:1015700018FF204602B010BD6C1F00244F1F00242E
:1015800013B504460948019020F04CFE022C0AD9FC
:10159000074B1C780CB1074B1C7801A8FFF701FF23
:1015A000204602B010BD0124F7E700BF6C1F0024E5
:1015B000531F0024541F002437B5044602AD1148C0
:1015C00045F8040D20F02EFE0023284663600E4BE4
:1015D0001B7823700D4B1B7863700D4B1B78A37029
:1015E0000C4B1B78E3700C4B1B7823710B4B1B6867
:1015F000A3600B4B1B68E360FFF7D3FE204603B0EC
:1016000030BD00BF6C1F00244D1F0024531F002459
:10161000541F002405000024681F0024601F0024BC
:10162000641F002410B5054C204620F0F3FD204631
:10163000034A0449BDE8104020F080B96C1F002423
:10164000000000249522060870470B6803604B6871
:1016500043608B6883607047F0B5054687B000F53E
:101660009A701026FFF79CFA05F5A270FFF798FA1A
:1016700005F5AA70FFF794FA05F5B270FFF790FA36
:1016800006AC05F1C000002744F8140D20F0CAFD97
:101690003246002105F1E4002EF0A2FF85F8F47037
:1016A0002046FFF77EFE05F1F800009020F0BAFD1D
:1016B0003246394602A8019705F58E762EF090FF46
:1016C0000FCC0FC62368684633600123C5F830711C
:1016D00085F81C31FFF765FE07B0F0BD2DE9F34139
:1016E00007460D46C03002AE904607F1E40446F8C6
:1016F000040D20F097FD95E80F0084E80F0087F8AF
:10170000F4803046FFF74DFE02B0BDE8F081F7B53A
:101710000C46074602AE01F1F80004F58E743D4612
:1017200046F8040D20F07EFD0FCC0FC5236830462F
:101730002B60FFF736FE384603B0F0BD2DE9F04FC1
:1017400005462DED028B9FED9C8A93B0BFF35B8F16
:1017500095F8BC3005F59A76BFF35B8FBBB9304680
:10176000FFF725FA05F5A270FFF721FA05F5AA7033
:10177000FFF71DFA05F5B270FFF719FA8F49904887
:1017800000F06AFA13B0BDEC028BBDE8F08F0AF0EE
:1017900025FE019005F1C00009ACB146B0460D90A0
:1017A00020F040FD05F1E40300270FCB84E80F0093
:1017B00095F8F4300DA80093FFF7F3FD009B002B84
:1017C00000F0DC804046FFF73FF9013708F11008D0
:1017D000042FF3D10024B2460DF1140B2746A04686
:1017E000CDE90444CDE90644009B002B00F0CD80F8
:1017F0005046FFF72CF907EE900AF4EEC87AF1EEA6
:1018000010FACCBF01220022002F08BF17460BF8A8
:10181000042001340AF1100A042CE5D1B8F1000FBC
:1018200038D0002406AB012204A9095D49B106EBBA
:101830000410CDE90232FFF797F9DDE9023200B179
:10184000E2540134042CEFD14FF4FA7006AC20F0CE
:1018500089FD00231A5D2AB106EB03100293FFF7FE
:10186000A6F9029B0133042BF4D1FFF773FE014666
:1018700008B9FFF71FFE0023E25C42B106EB03103C
:101880004FF4FA7201210293FFF7E6F8029B01334D
:10189000042BF1D1E7B3002407AB01221BF804109D
:1018A00049B106EB0410CDE90232FFF760F9DDE93A
:1018B000023200B1E2540134042CEFD14FF0000B9E
:1018C00007AC4FF4FA7020F04DFD1BF804301BB14B
:1018D00006EB0B10FFF76BF90BF1010BBBF1040FDB
:1018E000F3D1FFF737FE014608B9FFF7E3FD4FF0EC
:1018F000000B14F80B3033B14FF4FA72002106EBF1
:101900000B10FFF7A9F80BF1010BBBF1040FF0D19D
:101910000EAC05F5BA76122200210DF136002EF03C
:101920005FFE484609F11009FFF793F844F8040BED
:101930004E45F6D105F1F8000DAC05F58E76089010
:1019400020F070FC01238DF834309DF800308DF8C4
:1019500035300FCC0FC6236808A83360019BC5F84B
:101960003031FFF71EFDB8F1000F7FF4EFAE002F0E
:101970007FF4ECAE642020F0F5FCE7E604EB87038F
:1019800040461968FFF748F81FE70E495046FFF731
:10199000A3F804AB0290185550460A49FFF7ACF87B
:1019A000029A0BF80400002F08BF0746B8F1000F99
:1019B00008BF90462DE700BF6F12833A30670708D3
:1019C000386707080AD7A33C10B4D0E90034096887
:1019D0006210E4075DF8044B01EB020044BF8A5833
:1019E000D35818470146043008B5FFF7EDFF08BD8E
:1019F000034A0346C26007C983E80700704700BF77
:101A00001067070810B586B004460391684606A91A
:101A100080E80C0001E90C00204603A9FFF7E8FF6D
:101A2000204606B010BD37B56C46054684E80C006C
:101A300094E80C00FFF7E6FF284603B030BD000035
:101A400030B5BFF35B8F90F8BC3087B00446BFF36E
:101A50005B8F03F0FF0223BB0123BFF35B8F0146C3
:101A600080F8BC30BFF35B8F114B02A8CDE9003288
:101A70006B460CCBFFF7D7FF02A9204620F086FD6E
:101A8000054602A8FEF7FFFD5DB10023BFF35B8FA3
:101A9000084A022084F8BC30BFF35B8F064900F08F
:101AA00015F807B030BD02A8FEF7EDFD2BF060FA87
:101AB0003D1704081C6707083867070808B5FFF7D3
:101AC00091FF08BD08B5FFF7F9FF08BD2DE9F04704
:101AD0001E4F81461E488846924620F0A3FB386878
:101AE0001C4B451C1B6805F01F05AB4228D09924F0
:101AF000194E1A4B18214443194AB8F1000F18BF68
:101B00004346601C06F8049006EB04084FF00009F9
:101B100030442EF087FF04F11900124B802188F821
:101B200018903044CA4518BF53460D4A2EF07AFF2C
:101B300088F898903D600648BDE8F04720F090BBDB
:101B40000348BDE8F04720F08BBB00BF941F002482
:101B5000981F0024901F0024C01F0024546707080A
:101B60007C670708DC9907080CB470B5C2B005465D
:101B70000E464FF4807146AB02AC53F8042B20465E
:101B8000019333F0AFF80023074A31469842A8BFCB
:101B90002246284684F8FF30FFF798FF42B0BDE8A0
:101BA000704002B0704700BF47670708012806D0A1
:101BB000044B054A02280CBF1846104670470348DC
:101BC000704700BF63670708596707085E67070823
:101BD0001B4B1B68F0B50746E5B00C46154633B302
:101BE000182104A89847002638468DF82760FFF78B
:101BF000DDFF144B4FF4B47100900AA8B44208BF43
:101C00001C46114B114AB54208BF1D4604ABCDE935
:101C100001452EF007FF0E488DF88F6108F06AFD30
:101C200018B10AA90A480AF01BFB65B0F0BD0AF01A
:101C3000D5FB084A0346182104A82EF0F3FED2E78C
:101C4000BC1F002454670708DC9907086F67070862
:101C500030430024696707080A4601460020FFF761
:101C6000B7BF0A4601460120FFF7B2BF2DE9F04198
:101C700000251A4EDFF87080ADF5995D184F1948B0
:101C800020F0D0FA3468D8F800309C420FD0202DD4
:101C90000DD099226B4602FB0471013402FB053022
:101CA000013504F01F042EF09DFB3460EAE70D4877
:101CB0000DF1010420F0D4FA992303FB0545AC4251
:101CC00008D004F11802214614F8010C9934FFF7EA
:101CD0007FFFF4E70DF5995DBDE8F081901F0024CA
:101CE000C01F0024981F0024941F002410B5054C29
:101CF000204620F08FFA2046034A0449BDE81040F0
:101D00001FF01CBE981F0024000000249522060826
:101D100070B50C460146084808F0D0FE064E0AF0A1
:101D20005DFB0546304608F0E5FC20B90AF056FB9D
:101D3000401BA042F6D370BD30430024D0F8903150
:101D4000022B06D8D0F89401022894BF002001206D
:101D500070470120704710B504460AF03FFBBFF3FF
:101D60005B8FC4F8C000BFF35B8F10BD2DE9F74354
:101D70000B9C064617469946BDF828506CB365B3D0
:101D800001290CBF4FF003084FF00208FFF7E3FFF3
:101D900000954B4642463946134806F0D7FF854228
:101DA0001BD1A71E04EB45040F4D3046023CFFF744
:101DB000D2FFA74215D03046FFF7CDFF284607F0E7
:101DC0000CF850B1284607F00AF8002805DB27F880
:101DD000020F3046FFF7BFFFEBE7002003B0BDE87E
:101DE000F0830120FAE700BF843E002473B5B2B14E
:101DF0000E78731EDBB2F62B11D88C88631E0F2B66
:101E00000DD84B881D19013DB5F5803F07D2897962
:101E1000CDE900423246FFF7A9FF02B070BD0020B5
:101E2000FBE700002DE9F7430A9F05460C461646DE
:101E30009846FFF7DBFF20B10126304603B0BDE82E
:101E4000F0832846FFF787FF0F2020F08BFA3246F9
:101E500021462846FFF7CAFF06460028ECD128464F
:101E6000FFF779FFA3792846012B0CBF4FF0030938
:101E70004FF00209FFF76FFFA288638800924A467D
:101E80002178074806F062FFB8F1000F01D0C8F8CA
:101E90000000002FD1D0024806F09FFF3860CCE749
:101EA000843E00242DE9F043044685B088469146DF
:101EB0001E4623B90024204605B0BDE8F0830B6818
:101EC00002A89B6898479DF80830013BDBB2F62BCF
:101ED000F0D8BDF80C20531E0F2BEBD8BDF80A30FC
:101EE0001344013BB3F5803FE4D204F1C40004AFD6
:101EF00047F80C0D20F096F994F88851072D24D856
:101F00000AF06CFA1422082E9DF8301002FB0542EC
:101F10008CBFF3080023C2F8F060861BC2F8E8808B
:101F200003FB0565002382F8EC9082F8ED10C2F8FF
:101F3000F45082F8F83094F88831013384F888310D
:101F400001243846FFF72DFAB5E70024F9E73846B3
:101F5000FFF727FA2BF00CF873B5D0F8983147F259
:101F60002F520446CB1A934226D9224A04F1C405C3
:101F7000C0F8981101202049FFF7A8FD1F4806F07E
:101F8000D3FE322020F0EEF940F213434FF4165204
:101F90001B491A4806F0AEFF064678B9194A0220D6
:101FA0001549FFF793FD2846019520F03BF984F889
:101FB0008A6101A8FFF7F5F902B070BD40F6AC5296
:101FC0000F48114608F0FEF84FF4FA710B4806F07E
:101FD0002FFF2846019520F025F9012301A884F858
:101FE0008A31FFF7DEF9084A03490020FFF76EFD4A
:101FF000E2E700BF196807082B680708843E002441
:10200000FC3E0024396807085068070837B50446C5
:102010000D46C430019020F005F935B9C4F890514F
:1020200001A8FFF7BEF903B030BD0023C4F8943116
:10203000F6E737B50446C4300D46019020F0F2F8BB
:10204000D4F88C310133C4F88C314DB9D4F89031C7
:102050000133C4F8903101A8FFF7A3F903B030BDF4
:10206000D4F894310133C4F89431F4E72DE9F04FFA
:102070009DB000F1C40504460DF1700928460A918F
:1020800049F8205D20F0CEF894F88871484694F81D
:1020900089310B93FFF785F9002F00F0D8804FF0BE
:1020A000000A5FFA8AF39F4240F2D1800B9B2846D8
:1020B0001495534493FBF7F607FB1633099320F06E
:1020C000B1F81423099A5343E833E11854F8038014
:1020D0004B7991F804B00C93D1E90203B8F1000FE9
:1020E00000F0B8800A9AD31A834234BF0023012338
:1020F00048460D93FFF755F90D9B0AF1010A002B95
:10210000CFD0D8F80030414612A89DF824A09B6893
:1021100098472022002148462EF062FA4FF0FF3304
:102120004A4612A92046CDE90F3310AB00930FABFE
:10213000FFF778FE099B01330B93002840F08C8059
:102140009DF84E30614A012B614B62480CBF49211A
:102150004821BBF1000F14BF914699460D9106F03E
:102160005AFE5D4B0D99002808BF1846109B02913E
:1021700006930F9B079001200593BDF84C30574AFA
:102180000493BDF84A30564903939DF848300193B3
:102190000C9B00934B46FFF7E7FC2846119520F077
:1021A00041F894F88831534540F284801423099A09
:1021B00003FB024393F8F89009F101095FFA89F9EA
:1021C00083F8F89011A8FFF7ECF8B9F1040F15D9CE
:1021D0000A992046FFF7C0FE2846119520F022F804
:1021E00094F88831534506D9099A142303FB024316
:1021F000002283F8F82011A8FFF7D3F8D8F80030B0
:1022000040461B69984759462046FFF712FF28466B
:10221000119520F007F894F88831534506D9142316
:10222000099A03FB02460A9BC6F8F4300B9B11A8DF
:102230000B9AB3FBF7F307FB132784F88971FFF7B9
:10224000B0F82046FFF787FD642020F08BF81DB022
:10225000BDE8F08F43464BE7D8F800304946BDF85B
:102260004C204046DB681E460A9BB04700283FF4DE
:1022700067AF284611951FF0D5FF94F88831534574
:1022800006D9099A142303FB0243002283F8F8209D
:1022900011A8FFF786F89DF84830BBF1000F0CD16C
:1022A000104A58460E49FFF75FFC59462046FFF793
:1022B000ADFEACE74FF0000984E7009300200C9BD3
:1022C000094A0749FFF750FCEFE700BF946707088A
:1022D0008C670708843E0024986707089D670708F5
:1022E0002B680708F36707080768070810B5044656
:1022F0002046FFF730FD0AF071F801462046FFF74F
:10230000B5FE2046FFF727FD142020F02BF8EFE75D
:1023100073B50D46044612220021023002AE2EF0A3
:102320005FF905F1C40046F8040D1FF07BFF95F836
:102330008A312846237095F8BC306370BFF35B8FF9
:10234000D5F8C030BFF35B8F6360D5F88C31A360E4
:10235000D5F89031E360D5F894312361FFF7EEFCB6
:10236000A0703046FFF71DF8204602B070BD10B4D3
:10237000D0E9003409686210E4075DF8044B01EB12
:10238000020044BF8A58D35818470146043008B5A4
:10239000FFF7EDFF08BD0000034A0346C26007C90E
:1023A00083E80700704700BF8067070810B586B054
:1023B00004460391684606A980E80C0001E90C0078
:1023C000204603A9FFF7E8FF204606B010BD37B549
:1023D0006C46054684E80C0094E80C00FFF7E6FF25
:1023E000284603B030BD00002DE9F04F90F8BC60E6
:1023F00089B004460F46002E65D100F1C405284679
:1024000004951FF00FFF224604F1A0010120A4F85B
:102410008861C2F8E86082F8EC0082F8ED6082F82A
:10242000F860C2E93C6614328A42F2D1C4F88C6189
:10243000C4F89061C4F89461C4F8986109F0CEFFC3
:10244000BFF35B8F4FF00009C4F8C00004A8BFF3CE
:102450005B8FDFF87CB1FEF7A4FF5C4A5C4900208B
:10246000FFF734FB09EB49035A4A13F80280B8F12D
:10247000000F2BD1381D04901FF0D4FEC7F8308018
:1024800004A8C7E90A88FEF78CFF09F10109B9F130
:10249000030FE7D140F213434FF416524E494F4811
:1024A00006F028FD0646002845D14D4A012048493E
:1024B000FFF70CFB284604951FF0B4FE84F88A61F0
:1024C00004A8FEF76EFF09B0BDE8F08FB8F1010F68
:1024D000DBD1404A13445E78032E06D93346414A85
:1024E00059460220FFF740FBCFE7C6EB06109B786A
:1024F000800000F1340A3C30BA4438448AF8043091
:1025000004901FF08FFE3C201022002100FB06707B
:1025100060302EF065F804A8FEF743FF009641F204
:102520008833424651462046FFF7BCFC0028ACD118
:1025300033462D4AD4E740F6AC522748114607F0FF
:1025400041FE4FF4FA71254806F072FC274A2049F3
:102550000020FFF7BBFA284604951FF063FE012315
:1025600004A884F88A31FEF71CFF214B214604A8F9
:1025700002930023039302AB0CCBFFF728FF04A9BF
:10258000204620F003F8064604A8FEF77CF87EB14A
:10259000284604951FF046FE002304A884F88A31DB
:1025A000FEF7FFFE134A0A490220FFF78FFA8AE777
:1025B000012384F8BC3086E704A8FEF7F2FE2AF077
:1025C000D7FC04A8FEF75FF8F9E700BF5D680708CD
:1025D0002B680708C9680708FC3E0024843E0024D5
:1025E000AB6807087668070895680708BF6807089A
:1025F000ED2204081C67070808B5FFF7C6FE08BDF2
:1026000008B5FFF7F9FF08BDBFF35B8F0078BFF394
:102610005B8F003018BF01207047000010B500F13B
:10262000180440F25B720749204601F01BFC4FF48E
:102630002071204601F01AFC20461E21BDE8104002
:1026400001F048BC7E69070873B505460E4600F5E3
:10265000947002AC44F8040D1FF0E4FD6C22314686
:1026600005F5A6702DF0BEFE0123204685F8B83191
:10267000FEF797FE02B070BD73B5044602AE00F5DA
:1026800094700D4604F5DE7446F8040D1FF0CAFD83
:102690000FCD0FC40FCD0FC42B6830462360FEF75B
:1026A00080FE02B070BD002373B504460D46438022
:1026B00002AE01F5947046F8040D1FF0B3FD05213C
:1026C00005F59370FFF7A0FF0521207005F2251096
:1026D000FFF79AFFD5F8EC31607030466360D5F8AB
:1026E000F031A360D5F8F431E360FEF75AFE2046DE
:1026F00002B070BD37B5054602AC00F5947044F8E1
:10270000040D1FF08FFD09F069FEC5F8EC012046AD
:10271000FEF747FE03B030BD2046FEF742FE2AF02A
:1027200027FC000038B50446FFF7E4FF4FF47A6356
:102730004EF660221149124800F004FB054620467F
:1027400075B9FFF7D7FF0F4A0F490120BFF35B8F21
:1027500084F82551BFF35B8FBDE83840FFF7B6B969
:10276000FFF7C8FF0123BFF35B8F084A84F82531C8
:102770000020BFF35B8F0449EEE700BF0600002492
:10278000E0320024E0680708EC680708F4680708EE
:1027900038B504460D4600F225100521FFF734FF39
:1027A00068B9D4F8E03141F28732EB1A93420ED97E
:1027B000C4F8E0512046BDE83840FFF7B3BF2046DB
:1027C000FFF798FF2046BDE83840FFF793BF38BDBC
:1027D000F7B500F1180604460F46304601F007F938
:1027E000054688BBBFF35B8F052184F8260104F200
:1027F0002510BFF35B8FFFF707FF28B3D4F8E43150
:10280000D4F8E821FB1A93421ED32046C4F8E471A1
:10281000FFF770FF1F4B204A3046204901F006FAAF
:10282000A0B12046FFF766FF0123BFF35B8F1C4A70
:1028300084F826312846BFF35B8F1A49FFF746F923
:102840004FF47A73C4F8E83103B0F0BD204602AD0E
:10285000FFF750FF144A13490120FFF737F904F539
:10286000947045F8040D1FF0DDFCD4F8F0312846D3
:102870000133C4F8F031FEF794FDD4F8E83147F2A3
:1028800030525B00934294BFC4F8E831C4F8E821A9
:10289000DAE700BFFF680708256907081769070816
:1028A0002A69070834690708406907082DE9F04FCD
:1028B0000446B3B08B4600F5937005211D46914642
:1028C000FFF7A2FE0521209004F225100DF1C808A3
:1028D000FFF79AFE824604F5947048F8040D1FF045
:1028E000A1FC94F8BC314046D4F8D811219394F857
:1028F000BD312F91229394F8BE31D4F8C461239353
:1029000094F8BF31D4F8EC71249394F8C031259336
:1029100094F8C1312693D4F8C8312793D4F8CC3138
:102920002893D4F8D031299394F8D4312A9394F889
:10293000D5312B9394F8D6312C93D4F8DC312D93E8
:10294000D4F8F0312E93D4F8F441FEF72AFD9FED30
:10295000397A284605F1400C0023F0EE476A2F999A
:10296000027C4AB1D0ED057A013376EEA76AD0ED4C
:10297000067ADBB237EE277A10306045F0D13BB1F2
:1029800007EE903AF8EE677AC6EEA76A87EE277AE6
:102990002D9A58462B689E42B7EEC77A94BF9E1B6D
:1029A00000269F42119694BFDF1B0027CDE91D1220
:1029B0002C9A49461C922B9A1B922A9ACDE91942CD
:1029C0002E9ACDE917A2209A1692299A1592289A42
:1029D0001492279ACDE91272269A1092259A0F9294
:1029E000249A0E92239A0D92229A95ED155A0C92E2
:1029F000219AB7EEC55A8DED067BB7EEE67A0B92BB
:102A000095F850208DED047B95ED027A0A92B7EE91
:102A1000C77A6A798DED085B0292074A8DED007BDB
:102A20002EF000F8814594BF0020012033B0BDE8AE
:102A3000F08F00BF000000008C69070870B50446E5
:102A4000ADF51C7D6C22002104F5947501A82DF0D4
:102A5000C7FD28461C951FF0E5FB94F8B86146B108
:102A60006C2204F5A67101A82DF0BCFC002384F8AB
:102A7000B8311CA8FEF795FCA6B304F11806304641
:102A800000F0B5FF70B301AB4FF400721CA92046F3
:102A9000FFF70CFF30B32046FFF72CFE00231CAAE3
:102AA0001449304601F0C9F9F8B92046FFF722FE73
:102AB000114A12490120FFF709F8284600951FF036
:102AC000B1FBD4F8F4316C2201A904F5A6700133EE
:102AD000C4F8F4312DF086FC0123684684F8B8313F
:102AE000FEF75FFC0DF51C7D70BD2046FFF702FE72
:102AF000F8E700BF4F6907086F69070834690708DE
:102B00002DE9F041044600F5927600F225170521E3
:102B10003046FFF779FD04F59373D0B32046FFF7F5
:102B2000E9FD09F05BFC05462046FFF7E3FD294679
:102B30002046FFF72DFE2046FFF7DCFD2946204604
:102B400004F11805FFF744FE05213846FFF75CFD48
:102B50008046284600F04BFFBFF35B8F84F82601C8
:102B6000BFF35B8FB8F1000F0FD070B12046FFF7B5
:102B7000C1FD284601F068F82046FFF7BBFD20465E
:102B8000FFF75CFF2046FFF7B5FD14201FF0EAFBBE
:102B9000BDE7BFF35B8F1870BFF35B8FBDE8F081BB
:102BA00010B4D0E9003409686210E4075DF8044B02
:102BB00001EB020044BF8A58D3581847014604303D
:102BC00008B5FFF7EDFF08BD034A0346C26007C919
:102BD00083E80700704700BFD468070810B586B0C7
:102BE00004460391684606A980E80C0001E90C0040
:102BF000204603A9FFF7E8FF204606B010BD37B511
:102C00006C46054684E80C0094E80C00FFF7E6FFEC
:102C1000284603B030BD000030B5052187B004461A
:102C200000F59270FFF7F0FC28BB0123BFF35B8F28
:102C3000214684F82431BFF35B8F124BCDE900307D
:102C40006B4602A80CCBFFF7DAFF02A904F168007B
:102C50001FF09CFC054602A8FDF715FD5DB10023A1
:102C6000BFF35B8F084A022084F82431BFF35B8FE7
:102C70000649FEF72BFF07B030BD02A8FDF703FDA4
:102C80002AF076F9012B04081C6707083469070845
:102C900008B5FFF793FF08BD08B5FFF7F9FF08BDBA
:102CA000D0F88C0018B1036853F88C3C1844704776
:102CB00070B5074B044605460E4644F8043B0B1D11
:102CC0000FCB84E80F00337D28462B7570BD00BF05
:102CD000607B0708D0F88C0008B520B103681B6E34
:102CE0009847012800D0022008BD70B5044616465A
:102CF00029B1D0F88C30586803685B69984709F0AF
:102D00006DFB0546D4F88C00002103685B6E984784
:102D1000D4F88C0003681B6D984709F05FFB401BDB
:102D2000B04208D22046FFF7D5FF012803D00A2081
:102D300009F066FBF1E72046FFF7CCFF431E58423F
:102D4000584170BD2DE9F0410446D0F88C000D4685
:102D500016461F4658B103680121DB6C98473B4675
:102D6000324629462046BDE8F041FFF7BEBFBDE828
:102D7000F08110B50446006808B11FF078F82046CD
:102D800010BD00000B4B10B5044640F8643BFFF744
:102D9000F0FF04F14C00FFF7ECFF04F13400FFF703
:102DA000E8FF04F11C00FFF7E4FF201DFFF7E1FF3F
:102DB000204610BDF46B07082DE9F04100220546BE
:102DC0001E4B0446114645F8043B284618F0EEFB1E
:102DD00004F11C0600223046114618F0E7FB04F10E
:102DE000340700223846114618F0E0FB04F14C0885
:102DF00000224046114618F0D9FB002204F164007D
:102E0000114618F0D3FB10E04046FFF7B2FF3846FA
:102E1000FFF7AFFF3046FFF7ACFF2846FFF7A9FFEB
:102E20002AF0A6F8F3E7F5E7F7E70023204684F851
:102E30007C30C4F88030BDE8F08100BFF46B070837
:102E400038B518F08CF998B1A0F1C404094D2846A2
:102E5000FFF7B2FF084BC5F88C4028462B600023D3
:102E6000064A85F888300649BDE838401EF066BD40
:102E70000446EBE7E0320024006C07080000002461
:102E8000852D0408006918B18068003018BF012042
:102E90007047000003692DE9F041044686B00E46F4
:102EA000904613B903689B6B9847256901AC2B6862
:102EB0009F68084B0093331D0FCB84E80F00337DD0
:102EC0004246694628468DF81430B84706B0BDE83A
:102ED000F08100BF607B0708036970B504460D46AA
:102EE000164613B903689B6B9847206932462946FA
:102EF0000368BDE87040DB6818477047C06810B1D0
:102F000003685B68184770470020704710B5044697
:102F100010211EF099FF204610BD08B5FFF7F6FFFF
:102F200008BD006908B100F09AB97047006908B19E
:102F300000F0E7B97047006908B100F00FB97047B9
:102F4000006908B100F0F0B87047006908B100F0FE
:102F500085B97047006908B100F00BB97047006986
:102F600008B100F009B94FF0FF307047006908B1AF
:102F700000F02FB97047006908B100F064B94FF054
:102F8000FF307047036810B504469B689847A368F4
:102F9000013BA3602BB923682046DB68BDE81040E5
:102FA000184710BD38B504464FF4AA701EF018FF3C
:102FB000054600F0BBF910201EF012FF0122034667
:102FC000C5602561C0E90122124A0260606963613F
:102FD00090B92368204625695B6B9847686038BDC7
:102FE00029F0FEFE2B6828465B6898472AF0F2F825
:102FF00029F036FF29F0BCFF4368013B4360002BFA
:10300000E7D1FFF7BFFFE4E74FF4AA7128461EF0AF
:103010001BFFEFE70C6C07080121D0F848011FF0F7
:1030200095B800002DE9F0410446C0B04FF001080A
:103030002E4FA3684BB32D4D01236422FF21D4F8FA
:1030400048011FF0A4F8D4F84C011FF0EBF8A06879
:10305000D8B1D4F81431B3F5807F0AD1D4F84C013B
:103060001FF0FEF809F0DEF9BD42ECD0002DEADCDD
:10307000DFE7D4F8142169460368C2F580725B6902
:103080009847061E07DABE4206D0002384F818319E
:1030900040B0BDE8F08107D109F0C4F9D4F84C0183
:1030A0001FF0DEF83546DFE70025D4F81431B3F51C
:1030B000807F10D0D4F80C311DF8052023441A73FA
:1030C000D4F80C310133DBB2C4F80C31D4F814312C
:1030D0000133C4F814310135AE42E6D1D4F84C01C5
:1030E0001FF0BEF884F81881ADE700BF47F4FFFF7A
:1030F0000C30704738B500250446112240F8045BB7
:1031000029462DF06DFAE582204638BD08B5034604
:1031100090F8180138B1586803681B6E9847012869
:10312000CCBF0020012008BD70B5054680680C4664
:10313000164690B10368D5F850111B6B9847A868E4
:103140002146324603681B6998470446A868002157
:103150000368DB6A984724EAE47070BD07B502ABE8
:10316000012203F8011D1946FFF7DEFF03B05DF8E9
:1031700004FBD0F81401704738B58368044653B196
:10318000D0F84C011FF04EF8D4F8143133B9D4F80C
:103190004C011FF065F84FF0FF3515E0D4F81431FD
:1031A000A3B1D4F8103123441D7BD4F8103101337E
:1031B000DBB2C4F81031D4F81431013BC4F8143137
:1031C000D4F84C011FF04CF8284638BD4FF0FF35BD
:1031D000F6E770B5044680680D46164660B1D4F82F
:1031E0004C011FF01FF8D4F8143133B9D4F84C0156
:1031F0001FF036F84FF0FF3070BD9E422946A8BF41
:103200001E46A819814218D0D4F8143193B1D4F8CD
:10321000103123441A7BD4F810310133DBB2C4F8E7
:103220001031D4F81431013BC4F81431134601F8BD
:10323000013BE7E74FF0FF33F9E7D4F84C011FF00B
:103240000FF83046D8E7D0F8143123B1D0F8103158
:103250001844007B70474FF0FF307047704738B517
:103260000446D0F84C0108B11EF0DCFFA06840B164
:1032700094F819210368002A3AD05B689847002324
:10328000A360D4F84C0108B11EF0EAFFD4F8440161
:1032900050B11FF0DDF8D4F8440110B103685B6849
:1032A00098470023C4F84431D4F848514DB128461A
:1032B0001EF052FF142128461EF0C6FD0023C4F85C
:1032C0004831D4F84C514DB128461EF0E3FF24217B
:1032D00028461EF0B9FD0023C4F84C310023C4F881
:1032E0000C3184F81831C4F81031C4F8143138BDE9
:1032F0001B6BD4F850119847A06803689B689847E7
:10330000BDE710B50446FFF701FF012805D0D4F84A
:1033100014010028D4BF0020012010BD10B50446C0
:103320000021FDF7EFF8204610BD000038B500255C
:10333000144B04464FF4807203602946C0E90155DE
:103340000C302DF04DF9C4F80C5184F8185104F5E7
:103350008E70C4F8105184F81951C4F81451FFF755
:10336000DDFF04F59670FFF7C5FE40F2DC53C4F8AC
:1033700044512046C4F84851C4F84C51C4F8503167
:1033800038BD00BF846C070810B50446FDF7BDF8D2
:10339000204610BD074B10B504460360FFF75FFFE2
:1033A00004F59670FFF7E5FC04F58E70FFF7ECFF6F
:1033B000204610BD846C070810B50446FFF7EAFFED
:1033C0004FF4AA7120461EF03FFD204610BD10B4F8
:1033D000D0E9003409686210E4075DF8044B01EBA2
:1033E000020044BF8A58D35818470146043008B534
:1033F000FFF7EDFF08BD0000034A0346C26007C99E
:1034000083E80700704700BF646C070810B586B0FA
:1034100004460391684606A980E80C0001E90C0007
:10342000204603A9FFF7E8FF204606B010BD37B5D8
:103430006C46054684E80C0094E80C00FFF7E6FFB4
:10344000284603B030BD00002DE9F0430B680E465E
:1034500004468BB0DB6A002130469847336804F598
:10346000967130469B6C9847D4F848313BB914208C
:103470001EF0B6FC05461EF059FEC4F84851D4F8BB
:103480004C313BB924201EF0ABFC05461EF0C2FEB9
:10349000C4F84C51D4F84C011EF0C4FED4F8449149
:1034A000B9F1000F43D1BC201EF09AFC0546074637
:1034B000314B05F1400847F8043B3846FDF7DCF88E
:1034C000494640461EF008FF05F1540948461EF0E3
:1034D000A1FE2A4B4FF48052182128460093002366
:1034E0001EF08AFF264B214606A8C4F844510293D9
:1034F0000023039302AB0CCBFFF799FF06A92846E4
:103500001FF044F810E048461EF0C4FE40461EF08E
:1035100022FF3846FDF7B7F8BC2128461EF094FC80
:1035200029F026FDF2E7F4E706A8FDF7ACF8D4F899
:103530004C011EF095FE3368214606A85D6B114BC9
:1035400004930023059304AB0CCBFFF770FF06A98F
:103550003046A84706A8FDF796F8012384F81831ED
:103560000BB0BDE8F0831421D7E72421D5E706A8E6
:10357000FDF789F8D4E7FAE7B0A00708706C0708F0
:10358000253004081930040870B504460E46FFF7CC
:1035900066FEA3684BB990201EF022FC054618F089
:1035A00029FA0123A56084F81931A56815B9002509
:1035B000284670BD60680368DB6F9847014628465F
:1035C00017F09AFC05460028F1D1A068314603683F
:1035D000DB689847094B984203D010B184F8185122
:1035E000E6E7A1682046FFF72FFF0125F6E79021C7
:1035F00028461EF029FC29F0BBFC00BF39F4FFFF70
:10360000F0B5124B8DB006460D4600930B1D1746C4
:1036100001AC0FCB84E80F002B7D694606A83A4623
:103620008DF8143000F052F806A93046FFF7ACFFD1
:1036300004E006A8FFF79DFB29F09AFC044606A8C3
:10364000FFF797FB20460DB0F0BD00BF607B070879
:1036500070B58CB004460D46164600211822684607
:103660002CF0BEFF6846FFF745FD6A4629466068B4
:10367000ADF8166000F05BF8694606A817F059FF30
:1036800006A92046FFF780FF08E006A8FFF771FBB8
:103690006846FFF76EFB29F06BFCF9E7044606A8C5
:1036A000FFF767FB6846FFF764FB20460CB070BD70
:1036B00008B5FFF79AFE08BD08B5FFF7F9FF08BD8A
:1036C000CB68C3600BB15B6818477047F0B587B033
:1036D0000C460546174601261122002101A82CF0B0
:1036E0007FFF002120468DF8046008F067FD037815
:1036F000314620468DF8053008F060FD0378022140
:1037000020468DF8063008F059FD03780321204645
:103710008DF8073008F052FD03783A4601A9284693
:103720008DF8083017F0EEFE284607B0F0BDF0B572
:10373000002385B004460E4602AD02938DF80C308E
:103740001746036829465B6C9847236800953A46FC
:103750001D68314601232046A84705B0F0BD7047DB
:1037600070B504460D4608F039FEA0612946A068F0
:103770000368BDE870401B68184770B504460D46E5
:10378000164608F02BFEA0612946A0683246036861
:10379000BDE870405B68184710B50446C0682CF05F
:1037A000DDFA204610BD2DE9F04105460E464FF4E6
:1037B0007A7708F013FE8046A86803681B6998476B
:1037C000044658B908F02EFE08F008FEAB8AA0EBBC
:1037D00008007B439842EFD3204605E0A8680368C1
:1037E0005B69984730700120BDE8F08138B51488D6
:1037F00015462144FFF7D7FF08B101342C8038BDAE
:103800002DE9F74F002602AD8A46C16825F8026D02
:103810002A460446FFF7EAFF18B9002003B0BDE8C6
:10382000F08FE3680DF10809012793F8008009F88B
:10383000036DBDF80630052B07D14FF0FF33A068AC
:10384000E36403689B6A9847E7E749462046FFF729
:10385000AAFF0028E1D0BDF80630E268591CADF897
:1038600006109DF80510D1549DF8053003F07F0235
:1038700007FB02661A064FEAC717DAD408F0F00809
:103880009DF80630B8F1300F03F1FF338AF80030AD
:103890001DD12A46E1682046FFF7A8FF0028BCD0CA
:1038A0002A46E1682046FFF7A1FF0028B5D0E2686C
:1038B0009AF80030134459789D78137805EB012568
:1038C0009B07ADB201D50235ADB2022701E000275A
:1038D0003D46BDF806B0A7EB0B0707EB0B0296427F
:1038E0002AD949462046FFF75EFF002895D0A06CF4
:1038F00088B1B8F1300F0ED19AF80020C2F1FF2242
:1039000002F57F02FE325A44AA4204D902689DF8A9
:10391000051012689047BDF80620218A914208D907
:103920009DF80500E1688854BDF806200132ADF825
:1039300006200BF1010BD0E7A26C22B9218A594570
:1039400038BFADF80620BDF8060067E773B500255F
:10395000DC1103F07F06A3B20CB146F08006681CB0
:103960000DF1080CC0B2654405F8046C0546002C46
:10397000EED1C0F10405515501ADA04205DD231A79
:10398000615D013413445971F7E7013002B070BD35
:10399000F8B5064617461C46FFF7D8FFB368C0B215
:1039A0001A680444C0F10501184655682246394496
:1039B000A847054608F012FDB061A8B2031B5842A3
:1039C0005841F8BD023330B598B20C46631A14F86A
:1039D000015B9BB21DB1431C155498B2F6E7C11AA6
:1039E0000A44191202F8013C02F8021C30BD38B535
:1039F0000546806808B9002038BD0368DB6A98472F
:103A0000EC6C68B9002CF6D1A8686FF00203EB6487
:103A10000368DB689847A86803689B6A9847EAE7E9
:103A2000B4FA84F04009E7E72DE9F04F8BB0044683
:103A3000894617461E46149D9DF860A0FFF7D7FFE4
:103A40008046002840F0E980A0680368DB6A984758
:103A5000002840D00123E382734B049345F2544382
:103A6000ADF8143004238DF81630052304A9E2685C
:103A7000194411F8051CD15401330C2BF6D1002D3B
:103A800047D09DF858309DF854205B0143F0040363
:103A900043EAC203DBB2BAF1000F01D043F00203E4
:103AA0001FB1002E37D143F08003E26848461373FC
:103AB000638AE2681B125373E368628A9A73218AED
:103AC0002DF0DEFC238A1130984227D9A0680368C4
:103AD0009B6A9847A1E0D4F808B0216CDBF800306D
:103AE00051B11B6A5846B4F8442098470128B1D018
:103AF0006FF00103E36490E0DB6904F1280104A89E
:103B00000193FFF7D5F8B4F8442004A95846019B67
:103B1000EBE72B46BFE743F0C003C6E749460F2358
:103B2000E2682046FFF74EFF814605B3218A28460A
:103B30002DF0A6FC09F102031844238A9842C5D847
:103B40004B462946E2682046FFF73CFF218A05469E
:103B500017982DF095FC0230238A28449842B5D856
:103B60002B46E26817992046FFF72CFF814617B3D2
:103B7000218A38462DF084FC09F102031844238A77
:103B80009842A3D84B46E26839462046FFF71AFF11
:103B9000814686B1218A30462DF072FC09F102037C
:103BA0001844238A984291D84B46E2683146204611
:103BB000FFF708FF8146A9F105034FF47A75E26823
:103BC00010219BB22046FFF7E3FE08F007FCC4E992
:103BD0000600A06803681B69984758B908F0FEFB07
:103BE000E369C01AA38A6B439842F2D36FF00303D0
:103BF000E3646BE70DF10F012046FFF701FE042897
:103C00007FF464AFE368DD785DB94FF0010808F038
:103C1000E5FB84F82050E061E56440460BB0BDE868
:103C2000F08FE56452E700BF00044D5110B54FF02E
:103C3000010C86B00024CDE9034CCDE90144009489
:103C4000FFF7F2FE06B010BD2DE9F3470446FFF77B
:103C5000CEFE8046D0B108F0C1FB628A4FF47A7381
:103C600007465343E269821A9A4203D8A269821A2C
:103C700093421FD294F8203063B16FF00303A06821
:103C80004FF00008E36403689B6A9847404602B01F
:103C9000BDE8F087E268C0211170E268537002222B
:103CA000A068E16803685B6898470123C4E9067768
:103CB00084F82030A06803681B6998470028E5D085
:103CC0000DF107012046FFF79BFD064683B2002B4E
:103CD00073D0E368E7611A7802F0F002302A57D116
:103CE000626A002AD2D09DF807209918901C497862
:103CF0001D5C184405EB0125D11CADB219442A46C0
:103D00002CF00AFCE3689DF807202B4413440022A2
:103D10009A70B2B2E1689DF807C091F800900CF17A
:103D20000200666A09F006090CF103030844A2EBDD
:103D30000C02B9F1020F25D12B440CF1050C521BDA
:103D400011F803E00B446544053A93F801A02944B7
:103D50000AEB0E2AB047E36840221FFA8AFA1A706B
:103D60004FEA2A22E36883F80190E3689A700422FC
:103D7000E36883F803A0A068E16803685B6898477C
:103D8000A76183E72B44033A1944521BB0477DE7F0
:103D9000C02A0BD1D0221A700022E3685A70022286
:103DA000A068E16803685B6898476FE7D02A7FF4F2
:103DB0006DAF002384F8203068E72046FFF717FE38
:103DC000002808BF4FF0000860E72DE9F0470446DF
:103DD000884617461D469DF82060FFF708FE48B349
:103DE000B4F81090404649462DF04AFBEB1D1844AC
:103DF00081451FD341460523E2682046FFF7E2FDD7
:103E000000211FFA81FC4318E2680131AC459BB2E6
:103E100004D217F80CC002F803C0F2E7002EA3F199
:103E2000050320469BB214BF31213021BDE8F04785
:103E3000FFF7AEBD0020BDE8F087F7B505460E469A
:103E40001F46144662B1018A10462DF019FB034645
:103E50002246314600972846FFF7B7FF03B0F0BD72
:103E60001046F4E70164A0F84420704738B50446D2
:103E70000D4609B9002038BD038A4BB908462BF01E
:103E800065FFE060E0682582003018BF0120F2E79E
:103E9000C0682CF005FC0028F3D1EBE770B50C4BA3
:103EA000002504460E46456040F8283B08F06CF9B2
:103EB0004FF0FF33A6604FF48071E3642046A564A1
:103EC0002582FFF7D3FF0F2320466382A38270BDB4
:103ED0009C6C07084182704701207047012A03D07B
:103EE000022A03D0002070470160FBE70B680360E3
:103EF000F8E7012A03D0022A03D0002070470160AE
:103F0000FBE70B680360F8E7012A03D0022A03D01D
:103F1000002070470160FBE70B680360F8E7012AA7
:103F200003D0022A03D0002070470160FBE70B6832
:103F30000360F8E7012A03D0022A03D0002070476B
:103F40000160FBE70B680360F8E7012A03D0022A4F
:103F500003D0002070470160FBE70B680360F8E7BF
:103F6000012A03D0022A03D0002070470160FBE73A
:103F70000B680360F8E7012A03D0022A03D000206F
:103F800070470160FBE70B680360F8E7012A03D084
:103F9000022A03D0002070470160FBE70B68036032
:103FA000F8E7012A03D0022A03D0002070470160FD
:103FB000FBE70B680360F8E7012A03D0022A03D06D
:103FC000002070470160FBE70B680360F8E7012AF7
:103FD00003D0022A03D0002070470160FBE70B6882
:103FE0000360F8E7012A03D0022A03D000207047BB
:103FF0000160FBE70B680360F8E7012A03D0022A9F
:1040000003D0002070470160FBE70B680360F8E70E
:10401000012A03D0022A03D0002070470160FBE789
:104020000B680360F8E7012A03D0022A03D00020BE
:1040300070470160FBE70B680360F8E7012A03D0D3
:10404000022A03D0002070470160FBE70B68036081
:10405000F8E7012A03D0022A03D00020704701604C
:10406000FBE70B680360F8E7012A03D0022A03D0BC
:10407000002070470160FBE70B680360F8E7012A46
:1040800003D0022A03D0002070470160FBE70B68D1
:104090000360F8E7012A03D0022A03D0002070470A
:1040A0000160FBE70B680360F8E7012A03D0022AEE
:1040B00003D0002070470160FBE70B680360F8E75E
:1040C000012A03D0022A03D0002070470160FBE7D9
:1040D0000B680360F8E7012A03D0022A03D000200E
:1040E00070470160FBE70B680360F8E7012A03D023
:1040F000022A03D0002070470160FBE70B680360D1
:10410000F8E7012A03D0022A03D00020704701609B
:10411000FBE70B680360F8E7012A03D0022A03D00B
:10412000002070470160FBE70B680360F8E7012A95
:1041300003D0022A03D0002070470160FBE70B6820
:104140000360F8E7012A03D0022A03D00020704759
:104150000160FBE70B680360F8E7012A03D0022A3D
:1041600003D0002070470160FBE70B680360F8E7AD
:10417000034B10B50446036003F0F6FD204610BD66
:10418000C86C070810B50446FFF7F2FF642120460B
:104190001DF05AFE204610BD2DE9F0410A4C0027C3
:1041A000A4F24C4604F12C0504F1D80855F8040B90
:1041B00018B11DF05CFE45F8047CA845F6D1DC3C46
:1041C000B442EFD1BDE8F081E036002404F0E4B859
:1041D000B1F57A6F19D0A1F6AA73132B15D9A1F6F0
:1041E000C8721B2A03D80A4BD340DB070DD4A1F6B3
:1041F000E6711C2997BF07480120C840C04398BFFB
:1042000000F0010080F0010070470120704700BFFE
:10421000FFFCF30FFFFCF71F2A2909D800EB8103ED
:10422000DB6A2BB140560428D4BF00200120704720
:104230000020704770B501F10D050C460646E9B245
:10424000FFF7EAFF48B106EB8404206E08B11DF0C9
:104250000EFE00232366FF23735570BD2DE9F04148
:104260002A2A1E464FF0010305468846144680F868
:10427000D83013D896B100EB8207F86A28B11DF048
:10428000F6FD0023FB62FF232B5530461DF0C0FDD9
:104290003246F86241462CF0A5F82E55BDE8F08173
:1042A00010B58368044613B103220146984720469F
:1042B00010BD000000F10803002213B5036002A93D
:1042C0001323044641F8043D29F0D4F9019B074A21
:1042D0002060A360A2F1130129F0F8F9019B226884
:1042E000002120466360D15402B010BDBF6C0708A6
:1042F00010B54FF47A61044603F06FFD50B340F6F9
:10430000AF71204603F069FD20B34FF47B61204676
:1043100003F063FDF0B140F6B271204603F05DFD9D
:10432000C0B140F6B371204603F057FD90B140F69E
:10433000B171204603F051FD60B140F6B4712046E2
:1043400003F04BFD30B1204640F6B571BDE810409A
:1043500003F043BD002010BD10B54FF47A61044650
:1043600003F03BFDF0B140F6AA71204603F035FDA5
:10437000C0B140F6AB71204603F02FFD90B140F67E
:10438000AC71204603F029FD60B140F6AD712046C6
:1043900003F023FD30B1204640F6AE71BDE8104079
:1043A00003F01BBD002010BD10B54FF47A61044628
:1043B00003F013FDC0B140F6BA71204603F00DFDC5
:1043C00090B140F6BB71204603F007FD60B140F6A6
:1043D000BC71204603F001FD30B1204640F6BD71AE
:1043E000BDE8104003F0F9BC002010BD10B54FF43B
:1043F0007A61044603F0F1FC60B140F6B7712046E3
:1044000003F0EBFC30B1204640F6B871BDE8104037
:1044100003F007BD002010BDC06B20B10022222197
:104420003C3004F030B970470068FFF7F5BF03680F
:1044300013211B6A1847036811211B6A18470729B3
:1044400038B5044615460BD80368002201F6FA7108
:104450001B69984725B12046BDE83840FFF7EBBF00
:1044600038BDC06B00220B213C3004F017B9006846
:10447000FFF7F7BFC06B002212213C3004F00EB9E9
:104480000068FFF7F7BFC06B20B1002220210C307D
:1044900004F0DBB870470068FFF7F5BF0068FFF76E
:1044A000F2BF0068FFF7EFBF0068FFF7ECBF0068DE
:1044B000FFF7E9BF0068FFF7E6BF0068FFF7E3BF5B
:1044C0000068FFF7E0BF0068FFF7DDBF0068FFF797
:1044D000DABF70B506460C464CB1E1683046FFF7CE
:1044E000F8FFA56820461DF0A3FC2C46F4E770BD3C
:1044F00070B506460C464CB1E1683046FFF7F8FF50
:10450000A56820461DF094FC2C46F4E770BD13B559
:104510000B4604466A46D0E9000182E8030093E8AE
:10452000030084E8030092E8030083E8030002B07C
:1045300010BD38B505460C46FFF7E9FFAB68A26829
:10454000AA60A360E268EB68EA60E36038BD38B552
:1045500005460C46FFF7DBFFAB68A268AA60A360C4
:10456000E268EB68EA60E36038BD70B58B680446CA
:1045700016460D1D012053B11A691D463068904240
:1045800039BF9A680120DA6800201346F3E790B13A
:10459000CA68AA4203D1C4E90035204670BD284646
:1045A00028F0B0FF336802699A424FF00003F2D35B
:1045B000C4E90003F1E72846F4E72DE9F74300F1E9
:1045C000040805460E46836844464BB132681969B3
:1045D00091423ABFDA6823469A681C461346F4E7CC
:1045E000A04503D0326823699A422CD218201DF0CE
:1045F000F7FB3668074600F110090661A0454FF049
:104600000000786124D16B691BB12A691369B34238
:104610000AD34A4629466846FFF7A7FFDDE900426C
:10462000002A4ED0002C4AD1904548D010698642CD
:104630002CBF002001204346394628F065FF6B69F6
:1046400001336B613C4604F1140003B0BDE8F08314
:104650002369B34219D9EB689C420BD0204628F05D
:1046600051FF0369B34208D2C368002B0ABF044656
:104670002346002322461C46D2E74A46294668467E
:10468000FFF773FFDDE90034F4E71AD22A69944298
:1046900009D0204628F01AFF0369B34205D9E36820
:1046A0005BB9224618460446BAE74A466846294698
:1046B000FFF75BFFDDE90002F5E70246F3E70120C3
:1046C000B9E7384627461DF0B3FBBBE72DE9F743B2
:1046D000804603F021FB1B4B02AD444644F8083BE7
:1046E00041F20203204645F8043D2946FFF765FFE5
:1046F000002640F6A2722946066020460192FFF786
:104700005CFF40F6A3730660294620460193FFF73D
:1047100054FF3746066040F6E47940F6DC762946D9
:1047200020460196FFF749FF013607604E45F6D156
:10473000404603B0BDE8F083404603F015FB28F087
:1047400017FC00BFC86C070810B564201DF048FBBB
:104750000446FFF7BBFF05E0642120461DF074FB13
:1047600028F006FC204610BD2DE9F04F85B04FF42F
:104770007A6300F10806044604AD304645F8043D6E
:104780002946FFF71AFF0368072B08D994F8383039
:10479000042B04D90027384605B0BDE8F08FE36B41
:1047A000002BF7D02046FFF7D7FD0028F2D04FF4BA
:1047B0007A63E76B294630460393FFF7FEFE032238
:1047C0000178384602F0FAFA40F6AA73E76B2946F8
:1047D00030460393FFF7F1FE04220178384602F0D9
:1047E000EDFA40F6AB73E76B294630460393FFF7CB
:1047F000E4FE05220178384602F0E0FA40F6AC7398
:10480000E76B294630460393FFF7D7FE062201786F
:10481000384602F0D3FA40F6AD73E76B29463046CE
:104820000393FFF7CAFE07220178384602F0C6FA62
:1048300040F6AE73E76B294630460393FFF7BDFEA3
:1048400008220178384602F0B9FA40F6A2732946E8
:1048500030460393FFF7B1FE0168092201293ED1DA
:104860004FF00D0AE06B02F0A9FA40F6A273294658
:104870003046DFF878800393FFF79FFE002307227E
:1048800009214FF47A6B0360E06B3C3003F0FBFED0
:10489000DC2394F8389007462946304609FB038903
:1048A0000193CDF80CB0FFF788FE01784846FFF77A
:1048B000C1FC94F83820019B29463046E46B02FB8A
:1048C0000388CDF80CB0FFF778FE02683C343B4615
:1048D000404652442146D2B2FFF7C0FC5BE70221BA
:1048E000E06B02F06BFA4FF0000ABEE77033002471
:1048F0000068FFF739BF00002DE9F74F4FF47A63E6
:1049000002AD00F10806044645F8043D294630464C
:10491000FFF753FE0368072B08D994F83830042BAF
:1049200004D90027384603B0BDE8F08FE36B002BB5
:10493000F7D02046FFF7DCFC0028F2D0E76B4FF4FD
:104940007A6929463046CDF80490FFF736FE0322F7
:1049500001783846DFF818B102F030FAE76B40F61C
:10496000AF73294630464FF0DC080193FFF725FE70
:1049700004220178384602F021FA4FF47B63E76B9A
:10498000294630460193FFF718FE05220178384684
:1049900002F014FA0622E06B012102F00FFAE76B35
:1049A00040F6B173294630460193FFF706FE072211
:1049B0000178384602F002FAE76B40F6B4732946F4
:1049C00030460193FFF7F9FD08220178384602F0DE
:1049D000F5F9E76B40F6B573294630460193FFF7CA
:1049E000ECFD09220178384602F0E8F9E76B40F661
:1049F000B273294630460193FFF7DFFD0A220178A2
:104A0000384602F0DBF940F6B373E76B29463046CF
:104A10000193FFF7D2FD0B220178384602F0CEF960
:104A2000E06B092211213C3003F02DFE94F838A0F0
:104A3000074629460AFB08BA3046CDF80490FFF72E
:104A4000BCFD01785046FFF7F5FB94F83830E46B75
:104A5000294603FB08B830463C34CDF80490FFF7F4
:104A6000ACFD3B46027821464046FFF7F7FB59E78D
:104A7000703300240068FFF73FBF00002DE9F74FB7
:104A80004FF47A6302AD00F10806044645F8043D90
:104A900029463046FFF791FD0368072B08D994F8A3
:104AA0003830042B04D90027384603B0BDE8F08F16
:104AB000E36B002BF7D02046FFF776FC0028F2D0FE
:104AC000E76B4FF47A6929463046CDF80490FFF73A
:104AD00074FD032201783846DFF8C0B002F06EF9A9
:104AE000E76B40F6BA73294630464FF0DC08019375
:104AF000FFF763FD04220178384602F05FF9E76BA7
:104B000040F6BB73294630460193FFF756FD052258
:104B10000178384602F052F9E76B40F6BC7329463B
:104B200030460193FFF749FD06220178384602F02E
:104B300045F940F6BD73E76B294630460193FFF710
:104B40003CFD07220178384602F038F9E06B052277
:104B50000C213C3003F097FD94F838A00746294615
:104B60000AFB08BA3046CDF80490FFF726FD01781D
:104B70005046FFF75FFB94F83830E46B294603FB9F
:104B800008B830463C34CDF80490FFF716FD3B469C
:104B9000027821464046FFF761FB85E77033002429
:104BA0000068FFF76BBF00002DE9F74F4FF47A6301
:104BB00002AF00F10808054647F8043D3946404673
:104BC000FFF7FBFC0368072B08D995F83830042B56
:104BD00004D90024204603B0BDE8F08FEC6B002C14
:104BE000F8D04FF47A6939464046CDF80490FFF783
:104BF000E4FC03220178204602F0E0F8E86B012291
:104C000024213C3003F03FFD95F838B00446BBF159
:104C1000040FDFD8DFF840A0DC2639464046CDF847
:104C20000490FFF7CAFC01780BFB06A0FFF702FB1C
:104C300095F83830ED6B394603FB06A640463C3507
:104C4000CDF80490FFF7B9FC234602782946304698
:104C5000FFF704FBBEE700BF703300240068FFF7D6
:104C6000A3BF37B54FF47A630D4602A90446083056
:104C700041F8043DFFF7A1FC2368142105601B6A7D
:104C80002046984703B030BD37B540F6B9730D469E
:104C900002A90446083041F8043DFFF78EFC236862
:104CA000122105601B6A2046984703B030BDF7B556
:104CB00041F2040302AC00F10806054644F8043D45
:104CC0000F4630462146FFF778FC40F6A373076095
:104CD000214630460193FFF770FC01231221036047
:104CE00028462B681B6A984703B0F0BD2DE9F347AF
:104CF00090F838300446042B04D90025284602B029
:104D0000BDE8F08702AD00F1080640F6A377304613
:104D100045F8047D2946FFF750FC0368002B41D07D
:104D20002946304601974FF02A08FFF746FC4FF01E
:104D30003109002341F204070360E36B002BDCD050
:104D40003946204603F049F80028D6D0D4F83CA0D4
:104D5000294630460197FFF730FC03220178504680
:104D600002F02CF8D4F83CA0294630460197FFF712
:104D700024FC04224178504602F020F8E06B4946BA
:104D800002223C3003F07FFC94F838600546E16B6A
:104D90000346084CDC2042463C3106FB0040FFF74E
:104DA0005DFAABE74FF00C084FF0100940F6B97709
:104DB000C3E700BF703300240068FFF797BF2DE9F9
:104DC000F347A1F108089A46064691465FFA88F330
:104DD000032B5AD80AB1524557D94FF47A6702AC1F
:104DE00006F1080544F8047D21462846FFF7E5FB57
:104DF0002146C0F8008028460197FFF7DEFB0368D4
:104E000021462846019703F6C878FFF7D6FB0768C6
:104E10003046414607F6CC7702F0DFFFA0B92146C5
:104E20002846CDF80480FFF7C8FB2146C0F8009063
:104E300028460197FFF7C1FB3368C0F800A00E2198
:104E40001B6A3046984720E03946304602F0C5FFDD
:104E50000028E4D040F6A373214628460193FFF7CB
:104E6000ACFB0368012BDAD002A9284641F8088D73
:104E7000FFF7A3FB03684B45D1D121462846019794
:104E8000FFF79BFB03685345C9D102B0BDE8F0872B
:104E9000F7B50D461F4602A940F6A3730446083035
:104EA00041F8043D1646FFF788FB012332462946A8
:104EB00003603B462046FFF782FF03B0F0BD0000D1
:104EC000C36B2DE9F347044623B90027384602B0E7
:104ED000BDE8F0874FF47A6902AD00F1080645F8A5
:104EE000049D29463046FFF768FB2946D0F800802C
:104EF0003046CDF80490FFF760FB4946076820462E
:104F000002F06BFF0028E0D008F6C8782046414642
:104F100002F063FF0028D8D007F6CC772046394648
:104F200002F05BFF0028D0D0D4F83CA029463046E0
:104F3000CDF80490FFF741FB03220178504601F0C1
:104F40003DFFD4F83C9029463046CDF80480FFF769
:104F500034FB04220178484601F030FFD4F83C903D
:104F600029463046CDF80480FFF727FB052241781B
:104F7000484601F023FFD4F83C9029463046CDF84E
:104F80000480FFF71AFB06228178484601F016FFDD
:104F9000D4F83C9029463046CDF80480FFF70DFB4D
:104FA0000722C178484601F009FFD4F83C80294621
:104FB00030460197FFF701FB08220178404601F0D7
:104FC000FDFED4F83C80294630460197FFF7F5FAFC
:104FD00009224178404601F0F1FED4F83C80294690
:104FE00030460197FFF7E9FA0A228178404601F03E
:104FF000E5FED4F83C80294630460197FFF7DDFAFC
:1050000040F6A377C1780B22404601F0D7FE29462F
:1050100030460197FFF7D1FA0368012B2AD12946C0
:10502000304601974FF02609FFF7C7FA00233321D6
:105030000360E06B09223C3003F025FB94F83880D4
:105040000746B8F1040F3FF641AF4FF47A63E46BC3
:105050002946304601933C34FFF7AFFA02682146F7
:1050600006484A44DC243B46D2B208FB0400FFF762
:10507000F5F82BE74FF008091321DAE77033002425
:105080000068FFF71DBFC36B37B5044613B9002096
:1050900003B030BD4FF47A6102F09FFE0028F6D0D5
:1050A00002A94FF47A63E56B04F1080041F8043D6E
:1050B000FFF783FA03220178284601F07FFEE06BB8
:1050C00001220A213C3003F0E9FAE1E70068FFF72A
:1050D000DABF2DE9F7430546C06B20B900273846F3
:1050E00003B0BDE8F08303220A210C3003F099FAE3
:1050F00007460028F2D00321E86B01F065FE07287F
:105100000446ECD805F1080802AE0421E86B04F669
:10511000D27401F059FE8146404646F8044D3146AE
:10512000FFF74BFA0521C0F80090E86B01F04CFE48
:105130003146054640460194FFF73FFA036803EB0A
:1051400005230360CBE70068FFF7C3BF07292DE9FC
:10515000F74307460E469146984630D800F10804BA
:1051600002AD4FF47A63204645F8043D2946FFF727
:1051700024FA066006F6DC76294620460196FFF7FB
:105180001CFA41F6FF732946994594BFC0F8009078
:10519000036040F6A173204603240193FFF70DFA44
:1051A000C0F800803B680F2138461B6A984730B131
:1051B000013C052007F024F914F0FF04F2D103B0FC
:1051C000BDE8F08373B540F6A3730D4602A904460B
:1051D0000830164641F8043DFFF7EFF90123324647
:1051E0002946036000232046FFF7B0FF02B070BDE0
:1051F0002DE9F7434FF47A6302AE00F10805044647
:1052000046F8043D31462846FFF7D7F90368072BD7
:1052100008D994F83830042B04D90027384603B055
:10522000BDE8F083E76B002FF8D04FF47A61204699
:1052300002F0D3FD0028F0D04FF47A6831462846BA
:10524000CDF80480FFF7B9F90168204601F6DC715A
:1052500002F0C3FD0028E0D0E76B31462846CDF8C8
:105260000480FFF7AAF90178384602AF032201F063
:10527000A5FD47F8088D28463946D4F83C90FFF73D
:105280009CF903683146284603F6DC730193FFF767
:1052900094F904220178484601F090FD39462846E9
:1052A000D4F83C90CDF80080FFF787F903683146C9
:1052B000284603F6DC730193FFF77FF90522417856
:1052C000484601F07BFD40F6A173E76B3146284666
:1052D0000193FFF772F906220178384640F6A3776A
:1052E00001F06CFD314628460197FFF766F9036827
:1052F00043B33146284601974FF01E08FFF75DF98A
:1053000000233D210360E06B04224FF0DC093C30B8
:1053100003F0B9F994F838200C4B0746314628467B
:1053200002FB09394FF47A63E46B0193FFF745F907
:1053300002683C343B46484642442146D2B2FEF71E
:105340008DFF6BE74FF015080D21DCE7703300246B
:105350000068FFF74DBFC36B37B5044613B9002093
:1053600003B030BD4FF47A6102F037FD0028F6D06B
:1053700002A94FF47A63E56B04F1080041F8043D9B
:10538000FFF71BF903220178284601F017FDE06BB7
:1053900001220F213C3003F081F9E1E70068FFF7BB
:1053A000DABF2DE9F34100F1080702AD4FF47A6846
:1053B0000646384645F8048D2946FFF7FEF803688F
:1053C000072B15D8F46BACB129463846CDF80480CC
:1053D000FFF7F3F803220178204601F0EFFCF06BB1
:1053E000012240213C3003F059F902B0BDE8F081C0
:1053F0000020FAE72046F8E70068FFF7D2BF2DE962
:10540000F3410546C06B20B90026304602B0BDE826
:10541000F081022240210C3003F003F906460028F7
:10542000F2D00321E86B01F0CFFC05F1080740F64C
:10543000A57302AC8046384644F8043D2146FFF788
:10544000BCF80421C0F80080E86B01F0BDFC40F618
:10545000A4730546214638460193FFF7AEF8056070
:10546000D3E70068FFF7CBBFF7B54FF47A6302AD1F
:1054700000F10806044645F8043D29463046FFF78A
:105480009CF80368072B07D994F83830042B03D90C
:105490000025284603B0F0BDE36B002BF8D041F2A5
:1054A0000201204602F099FC0028F1D041F20203EB
:1054B000E76B294630460193FFF77FF80322017816
:1054C000384601F07BFCE06B012215213C3003F0F3
:1054D000DAF894F838600546E16B0346044CDC20AA
:1054E0001D223C3106FB0040FEF7B8FED1E700BFAD
:1054F000703300240068FFF7B7BF2DE9F347064675
:10550000C06B10220B210C3003F08BF8804648B39F
:1055100040F6D27406F1080740F6DA79E5B2F06B8E
:1055200069005F31C9B201F04FFC01A982463846DB
:105530000194FFF742F805F13001C0F800A0F06BCC
:10554000490001F0FE0101F03FFC01A90546384683
:105550000194FFF732F8013403684C4503EB05234F
:105560000360DBD1404602B0BDE8F0870068FFF77A
:10557000C4BF73B50446C06B012212210C3003F086
:1055800050F8054670B10321E06B01F01DFC02A943
:1055900040F6F873064604F1080041F8043DFFF7B1
:1055A0000CF80660284602B070BD0068FFF7E1BF46
:1055B00070B58B68044616460D1D012053B11A695B
:1055C0001D463068904239BF9A680120DA68002091
:1055D0001346F3E790B1CA68AA4203D1C4E9003583
:1055E000204670BD284627F08DFF336802699A4235
:1055F0004FF00003F2D3C4E90003F1E72846F4E7D3
:105600002DE9F74300F1040805460E468368444639
:105610004BB13268196991423ABFDA6823469A68F9
:105620001C461346F4E7A04503D0326823699A422A
:105630002BD218201CF0D4FB36680023A045074667
:1056400000F110090661436124D16B691BB12A691D
:105650001369B3420AD34A4629466846FFF7A8FFB2
:10566000DDE90042002A4ED0002C4AD1904548D0B6
:10567000106986422CBF002001204346394627F09E
:1056800043FF6B6901336B613C4604F1140003B0C6
:10569000BDE8F0832369B34219D9EB689C420BD073
:1056A000204627F02FFF0369B34208D2C368002BBE
:1056B0000ABF04462346002322461C46D2E74A4638
:1056C00029466846FFF774FFDDE90034F4E71AD293
:1056D0002A69944208D0204627F0F8FE0369B342B5
:1056E00004D9E3685BB92246002006E04A466846D2
:1056F0002946FFF75DFFDDE900020446B2E70246F6
:10570000FBE70120B9E7384627461CF091FBBBE7D1
:105710002DE9F04F85B04FF47A6300F10806044696
:1057200004AD304645F8043D2946FEF746FF0368C0
:10573000072B08D994F83830042B04D900273846B1
:1057400005B0BDE8F08FE36B002BF7D02046FEF7E5
:105750004DFE0028F2D04FF47A63E76B29463046BD
:105760000393FEF72AFF03220178384640F6B87803
:1057700001F024FB40F6B773E76B294630460393EC
:10578000FEF71BFF04220178384601F017FB04F1F5
:10579000200704A9384641F8088DFFF731FFF3EEE2
:1057A000097A90ED007AB4EEE77AF1EE10FA07D5B7
:1057B00029463846CDF80C80FFF722FFD0ED007A5D
:1057C0000DF1100817EE903A002748F80C3D7A1DAD
:1057D00018F807100137E06BD2B201F0EFFA042F8E
:1057E000F5D1E06B06220E21DFF854B03C304FF0CB
:1057F000DC0802F048FF94F838904FF47A6A0746C4
:1058000009FB08B929463046CDF80CA0FEF7D5FEB5
:1058100001784846FEF70EFD94F83830E46B2946CF
:1058200003FB08B830463C34CDF80CA0FEF7C5FEAB
:105830003B46027821464046FEF710FD7FE700BF59
:10584000703300240068FFF763BF73B50546C06B73
:1058500018B90026304602B070BD05220F210C3069
:1058600002F0DFFE06460028F3D00024211DE86B7D
:10587000C9B201F0A9FA0DF804000134042CF5D1E5
:105880000321E86B01F0A0FA02A900F6E67041F8E6
:10589000040D05F12000FFF7B3FE009B0360D9E77C
:1058A0000068FFF7D2BF436810B50C46FBB15A68D9
:1058B0004260D2B1D1688B424FF0000113D1D16068
:1058C000926842B142604268D16809B14160FAE72A
:1058D000926802B1426003F1100294E8030082E88A
:1058E0000300184610BD9160F5E70260F3E7182049
:1058F0001CF076FA0346EEE72DE9F0470D468046A8
:105900001031184616461F46FFF7CDFF2B7846602C
:10591000044603700023C0E90233E96829B1024656
:105920003B464046FFF7E8FFE060AE68A1464FF017
:10593000000A26B306F110013846FFF7B4FF3378AA
:1059400005460370C0E902AAC9F80800C0F804902F
:10595000F16829B102463B464046FFF7CDFFE860BB
:10596000B668A946E5E727F03BFA21464046FEF730
:10597000B0FD27F02FFC27F073FA27F0F9FA204644
:10598000BDE8F087436810B50C46FBB15A68426029
:10599000D2B1D1688B424FF0000113D1D16092682F
:1059A00042B142604268D16809B14160FAE7926849
:1059B00002B1426003F1100294E8030082E80300A0
:1059C000184610BD9160F5E70260F3E718201CF05F
:1059D00007FA0346EEE72DE9F0470D468046103101
:1059E000184616461F46FFF7CDFF2B784660044643
:1059F00003700023C0E90233E96829B102463B463F
:105A00004046FFF7E8FFE060AE68A1464FF0000AAD
:105A100026B306F110013846FFF7B4FF3378054688
:105A20000370C0E902AAC9F80800C0F80490F16840
:105A300029B102463B464046FFF7CDFFE860B66815
:105A4000A946E5E727F0CCF921464046FEF750FD90
:105A500027F0C0FB27F004FA27F08AFA2046BDE8B9
:105A6000F087000030B587B004460D4602F054F9C7
:105A7000474B0022236084F8392084F83A20EB6BEE
:105A8000E363FF2384F8383095F83930042B3ED196
:105A900004F1080005F10803984224D02369A169A4
:105AA0000093CDE9011013B15A608B6803B10193E3
:105AB000002304F10C022361E361C4E90522296992
:105AC00069B16B46FFF718FF03469A6812BB636122
:105AD0000346DA6802BBA361EB692061E3610099C8
:105AE0000298FEF7F6FC04F1200005F1200398422D
:105AF0001DD195F8393084F8393095F83A3084F86A
:105B00003A30EB6BE36395F8383084F83830204650
:105B100007B030BD1346D8E71346DAE7009902987C
:105B2000FEF7D7FC204602F01FF927F021FAA36AFE
:105B3000226B0393CDE904201BB1002159609368C7
:105B400003B10493002304F12402A3626363C4E954
:105B50000B22A96A69B103ABFFF73DFF03469A68C0
:105B600062B9E3620346DA6852B923636B6BA062E1
:105B7000636303990598FEF7BBFCBAE71346EEE7AB
:105B80001346F0E703990598FEF7B2FCCAE700BF99
:105B9000C86C07082DE9F04F80469FB0B8B100F1FE
:105BA0003C03414D002703933946404601F056F926
:105BB000014605A8FFF756FF05A802F01EF848B9F0
:105BC000013705A8FEF7D4FADC35052FECD11FB05C
:105BD000BDE8F08F95F8D84064B30026AA57531C4F
:105BE00011D005EB8603D96A19B103982AF0FAFBA4
:105BF000A95711F0FF0408D101362B2EEED105A8CC
:105C0000FEF715FCDCE70021F3E700209DF84E903D
:105C10009DF84CA09DF84DB002F000FD5B46524649
:105C20004946CDE90040404601F008FD322006F02B
:105C3000E7FBE1E7E6B205A83146FFF712F80022DC
:105C4000314605A8FFF7BEFA0134082CF2D1E6B2BE
:105C5000002305A81A463146FFF7B1F80023314664
:105C600005A81A46FFF714F901340C2CEFD10024D3
:105C70000022E1B205A8FEF7E2FB0134082CF7D1BF
:105C800005A8FEF7D8FB4FF47A7105A8FEF7FCFFD4
:105C90004FF6FF7105A8FFF70AF891E705A8FEF790
:105CA00067FA27F065F900BF70330024124A002319
:105CB0002DE9F0411846561E02F12C0702F1D80CCE
:105CC0004FF0FF0E40F24C45D118F4180CEB0308CE
:105CD00081F8D800F91804F801EF41F8040B4145A8
:105CE000F9D1DC33AB42EFD1044A00200449BDE8CE
:105CF000F0411BF023BE00BF7033002400000024DD
:105D000099410408002330B5036685B0C36B04468F
:105D1000002B00F0EF818B1E132B00F2E781DFE8F0
:105D200013F0F70085001501E501E501E501E50146
:105D3000E50114003D004F0061007300A300C7009F
:105D4000E500B50033014501C701A14B00F1400159
:105D50000090684603939F4B0293FEF7EAFB684668
:105D6000FEF79EFA9C4B009403939C4B04F1500168
:105D700068460293FEF7EBFB6846FEF791FA23684C
:105D800000209D6B02F04AFC01462046A8472146B0
:105D9000E06B01F0ACFB206E05B030BD904B00F124
:105DA00040010090684603938E4B0293FEF7C1FBBF
:105DB0006846FEF775FA8C4B009403938B4BD5E73E
:105DC0008B4B00F14001009068460393894B02938E
:105DD000FEF7AFFB6846FEF763FA874B0094039328
:105DE000864BC3E7864B00F1400100906846039361
:105DF000844B0293FEF79DFB6846FEF751FA824BF7
:105E000000940393814BB1E7814B00F14001009076
:105E1000684603937F4B0293FEF78BFB6846FEF7C1
:105E20003FFA7D4B009403937C4B9FE77C4B00F142
:105E300040010090684603937A4B0293FEF779FB8A
:105E40006846FEF72DFA784B04F15001684603933B
:105E5000764B00940293FEF77AFB6846FEF720FA31
:105E6000236803209D6B8DE7714B00F1400100908A
:105E7000684603936F4B0293FEF75BFB6846FEF7A1
:105E80000FFA6D4B009403936C4B6FE76C4B00F172
:105E900040010090684603936A4B0293FEF749FB6A
:105EA0006846FEF7FDF9684B00940393674B5DE786
:105EB000674B00F14001009068460393654B0293E5
:105EC000FEF737FB6846FEF7EBF9634B04F1500130
:105ED00068460393614B00940293FEF738FB6846D3
:105EE000FEF7DEF9236805209D6B4BE75C4B00F164
:105EF00040010090684603935A4B0293FEF719FB4A
:105F00006846FEF7CDF9584B00940393574B2DE7A5
:105F1000574B00F14001009068460393554B0293A4
:105F2000FEF707FB6846FEF7BBF9534B04F150013F
:105F300068460393514B00940293FEF708FB6846B2
:105F4000FEF7AEF9236801209D6B1BE74C4B00F177
:105F500040010090684603934A4B0293FEF7E9FA2A
:105F60006846FEF79DF9484B04F1500168460393DB
:105F7000464B00940293FEF7EAFA6846FEF790F962
:105F8000236810209D6BFDE6414B00F1400100901D
:105F9000684603933F4B0293FEF7CBFA6846FEF741
:105FA0007FF93D4B009403933C4BDFE63C4B00F103
:105FB00040010090684603933A4B0293FEF7B9FA0A
:105FC0006846FEF76DF9384B00940393374BCDE6E6
:105FD000F1480408DD3E040897440408F33E040831
:105FE000754A0408093F04089D4404081F3F04083B
:105FF00045580408353F0408A34404084B3F0408EF
:10600000A14B0408613F0408A9440408773F040831
:10601000815004088D3F0408AF440408A33F0408DE
:10602000CD500408B93F040847510408CF3F040885
:1060300051530408E53F0408B5440408FB3F040835
:10604000B94D040811400408BB4404082740040863
:106050009D5304083D400408A15804085340040817
:10606000F554040869400408C14404087F4004084A
:106070008144040895400408AB550408AB4004086B
:106080006F440408C14004086D550408D740040853
:1060900029440408ED400408C744040803410408E7
:1060A0005D4C040819410408CD4404082F4104083C
:1060B000124B00F14001009068460393104B02938D
:1060C000FEF737FA6846FEF7EBF80E4B04F1500185
:1060D000684603930C4B00940293FEF738FA684627
:1060E000FEF7DEF8236802209D6B4BE601F0C0FE50
:1060F00020664CE6022303664DE600BFF953040810
:1061000045410408635404085B4104080368F7B57B
:106110001B6B06460C461746984718B3A4F6D27375
:10612000072B1FD9A4F6E673072B1BD9A4F57F63B1
:10613000082B17D9A4F6FA73072B0ED8012506F100
:10614000080001A99D4041F20203019367B9FEF7DF
:1061500034FA036823EA050505603A4621463046CD
:1061600001F091FF03B0F0BDFEF727FA03681D436D
:10617000F2E703682DE9F3411B6B06468846174694
:1061800098470546A0B1A8F57F64072C14D840F6BF
:10619000F87302A906F1080041F8043DFEF70DFA74
:1061A0000123026803FA04F4144018BF1C463C6043
:1061B000284602B0BDE8F0813A464146304601F03B
:1061C0006EFF0546F4E7012A03D0022A03D000201F
:1061D00070470160FBE70B680360F8E7012A03D012
:1061E000022A03D0002070470160FBE70B680360C0
:1061F000F8E7012A03D0022A03D00020704701608B
:10620000FBE70B680360F8E7012A03D0022A03D0FA
:10621000002070470160FBE70B680360F8E7012A84
:1062200003D0022A03D0002070470160FBE70B680F
:106230000360F8E7012A03D0022A03D00020704748
:106240000160FBE70B680360F8E7012A03D0022A2C
:1062500003D0002070470160FBE70B680360F8E79C
:10626000012A03D0022A03D0002070470160FBE717
:106270000B680360F8E70000034B10B504460360A9
:1062800001F072FD204610BD246D070810B50446CC
:10629000FFF7F2FF642120461BF0D6FD204610BD1B
:1062A000B1F5FA5F14D0A1F5FA53A3F10A02082A56
:1062B0000ED9A1F5FB51A1F108020F2A08D9143B10
:1062C000102B05D91C3921298CBF002001207047D3
:1062D0000120704700F10803002213B5036002A9F2
:1062E0001423044641F8043D27F0C4F9019B074AF2
:1062F0002060A360A2F1140127F0E8F9019B226855
:10630000002120466360D15402B010BD186D07080B
:1063100070B50C460546E0B104291AD80E4B03228D
:106320000E4E595C00F04AFD16F81410284604225F
:1063300000F044FD36F8141028460522090A00F042
:106340003DFD05F13C0003220821BDE8704002F04C
:106350009AB9002070BD00BFC13700240C00002492
:10636000C06B20B1002206210C3002F06EB97047DC
:106370000068FFF7F5BFC06B20B1002204213C305C
:1063800002F08CB970470068FFF7F5BFC06B20B111
:10639000002207213C3002F081B970470068FFF706
:1063A000F5BF0000F7B5074601F0B6FC544B02AD4F
:1063B0003C4644F8083B4FF4FA53204645F8043D68
:1063C0002946FEF7FAF8002641F652722946066081
:1063D00020460192FEF7F1F841F664730660294603
:1063E00020460193FEF7E9F841F6687206602946F7
:1063F00020460192FEF7E1F841F6697306602946EE
:1064000020460193FEF7D9F841F66A7206602946E4
:1064100020460192FEF7D1F841F66B7306602946DB
:1064200020460193FEF7C9F841F66C7206602946D2
:1064300020460192FEF7C1F841F66D7306602946C9
:1064400020460193FEF7B9F841F66E7206602946C0
:1064500020460192FEF7B1F841F66F7306602946B7
:1064600020460193FEF7A9F841F6707206602946AE
:1064700020460192FEF7A1F841F6717306602946A5
:1064800020460193FEF799F841F67272066029469C
:1064900020460192FEF791F841F673730660294693
:1064A00020460193FEF789F841F67472066029468A
:1064B00020460192FEF781F841F675730660294681
:1064C00020460193FEF779F841F676720660294678
:1064D00020460192FEF771F841F67773066029466F
:1064E00020460193FEF769F804E0384601F03CFCD1
:1064F00026F03EFD00230360384603B0F0BD00BF28
:10650000246D070810B564201BF06AFC0446FFF7F1
:1065100049FF05E0642120461BF096FC26F028FD8B
:10652000204610BD73B50446C06B20B394F83830D4
:1065300004F10805042B0BD841F6527301A9284633
:106540000193FEF73AF894F8383001680B4AD154B9
:1065500041F65273E66B01A928460193FEF72DF828
:1065600003220178304600F029FCE06B012206216D
:106570003C3002F088F802B070BD00BFBC37002488
:106580000068FFF7CFBF2DE9F7430546C06B20B980
:106590000026304603B0BDE8F083022204210C300F
:1065A00002F03FF806460028F2D005F1080702ACD9
:1065B0000321E86B41F6647800F006FC814638461A
:1065C00044F8048D2146FDF7F8FF0421C0F800903F
:1065D000E86B00F0F9FB214605463846CDF804800B
:1065E000FDF7EBFF036803EB05230360D1E70068C9
:1065F000FFF7C9BFC36B37B5044613B9002003B01A
:1066000030BD4FF4FA5101F0E8FB0028F6D002A9A2
:106610004FF4FA53E56B04F1080041F8043DFDF72F
:10662000CCFF03220178284600F0C8FBE06B012272
:1066300005213C3002F032F8E1E70068FFF7DABFED
:106640002DE9F7430646C06B20B90027384603B052
:10665000BDE8F083022205210C3001F0E2FF07467D
:106660000028F2D04FF4FA5306F1080802AD404674
:1066700045F8043D2946FDF7A0FF04680321F06BAF
:1066800004F5FB5400F0A0FB81462946083440463F
:106690000194FDF792FF0421C0F80090F06B00F028
:1066A00093FB2946064640460194FDF786FF0368A2
:1066B00003EB06230360C9E70068FFF7C1BF2DE9BC
:1066C000F3470646C06BA0B3202207210C3001F02F
:1066D000A8FF074668B341F6687406F1080841F65A
:1066E0007879E5B2F06B69003331C9B200F06CFB28
:1066F00001A9824640460194FDF75FFF05F11A01AA
:10670000C0F800A0F06B490001F0FE0100F05CFB56
:1067100001A9054640460194FDF74FFF0134036887
:106720004C4503EB05230360DBD1384602B0BDE8DE
:10673000F0870027F9E70068FFF7C1BF30B587B0E1
:1067400004460D4601F0E8FA474B0022236084F826
:10675000392084F83A20EB6BE363FF2384F8383068
:1067600095F83930013B022B3ED804F1080005F1C1
:106770000803984224D02369A1690093CDE9011050
:1067800013B15A608B6803B10193002304F10C022A
:106790002361E361C4E90522296969B16B46FFF70A
:1067A000ABF803469A6812BB63610346DA6802BB22
:1067B000A361EB692061E36100990298FDF789FE0E
:1067C00004F1200005F1200398421DD195F83930DD
:1067D00084F8393095F83A3084F83A30EB6BE3635B
:1067E00095F8383084F83830204607B030BD13466D
:1067F000D8E71346DAE700990298FDF76AFE2046CB
:1068000001F0B2FA26F0B4FBA36A226B0393CDE940
:1068100004201BB100215960936803B10493002345
:1068200004F12402A3626363C4E90B22A96A69B17B
:1068300003ABFFF7D0F803469A6862B9E3620346F8
:10684000DA6852B923636B6BA0626363039905989E
:10685000FDF74EFEBAE71346EEE71346F0E703995D
:106860000598FDF745FECAE7246D07082DE9F047B6
:1068700004469CB098B10025294F2946204600F0D7
:10688000EDFA014603A8FFF759FF03A801F0B5F997
:1068900040B9013503A8FFF7EFFC052DEDD11CB081
:1068A000BDE8F087E9B22046FFF732FD064628B979
:1068B0000322795D204600F081FA11E000209DF866
:1068C00046809DF844909DF845A001F0A7FE5346F0
:1068D0004A464146CDE90060204600F0AFFEE7E7BA
:1068E0000122062104F13C0001F0CDFE06460028FD
:1068F000CFD000209DF846809DF844909DF845A09B
:1069000001F08CFE53464A464146CDE900602046E0
:1069100000F094FEBDE703A8FFF7AEFC26F028FBCD
:10692000BC370024002330B5036685B0C36B044632
:10693000002B00F082804B1E032B7AD8DFE803F097
:10694000022B495B3E4B00F14001009068460393E7
:106950003C4B0293FDF7EDFD6846FDF7A1FC3A4B79
:1069600004F1500168460393384B00940293FDF7FD
:10697000EEFD6846FDF794FC236800209D6B01F056
:106980004DFE01462046A8472146E06B00F0AFFDD2
:10699000206E05B030BD2E4B00F1400100906846DE
:1069A00003932C4B0293FDF7C4FD6846FDF778FC7A
:1069B000294B00940393294B04F15001684602933C
:1069C000FDF7C5FD6846FDF76BFC236802209D6B53
:1069D000D5E7234B00F14001009068460393214B1B
:1069E0000293FDF7A6FD6846FDF75AFC1E4B009486
:1069F00003931E4BE0E71E4B00F1400100906846F8
:106A000003931C4B0293FDF794FD6846FDF748FC89
:106A1000194B04F1500168460393184B00940293FC
:106A2000FDF795FD6846FDF73BFC236820209D6B34
:106A3000A5E701F01DFA2066A6E702230366A7E793
:106A400081650408C761040871630408DD610408F6
:106A500087630408F3610408EF6504080962040809
:106A60003B6604081F620408B9660408356204081E
:106A70009D6304084B6204083767040861620408D8
:106A8000036873B51B6B04460D4616469847E0B184
:106A9000A5F5FA53A3F114020F2A16D9A5F5FB5157
:106AA00008390F2911D90A3B072B15D804F1080022
:106AB000012401A99C4041F6527301933EB9FDF7B0
:106AC0007CFD036823EA0403036002B070BDFDF798
:106AD00074FD03682343F7E732462946204601F058
:106AE000D2FAF2E703682DE9F7431B6B05468846A7
:106AF000174698470646C0B1A8F5FA54A4F1140900
:106B0000B9F10F0F15D841F6647302A905F1080019
:106B100041F8043DFDF751FD0123026803FA09F332
:106B2000134214BF012300233B60304603B0BDE88D
:106B3000F0830A3C072C0ED841F6527302A905F1E6
:106B4000080041F8043DFDF738FD012303FA04F481
:106B500003681C42E5E73A464146284601F09FFAA1
:106B60000646E2E7034B10B50446036001F0FCF86B
:106B7000204610BD246D070810B50446FFF7F2FF4C
:106B8000642120461BF060F9204610BD10B5044674
:106B9000FFF708FC014B2046236010BD846D0708F9
:106BA00010B564201BF01CF90446FFF7EFFF05E069
:106BB000642120461BF048F926F0DAF9204610BD82
:106BC00000F10803002213B5036002A9192304464B
:106BD00041F8043D26F04EFD019B074A2060A3606A
:106BE000A2F1190126F072FD019B226800212046C6
:106BF0006360D15402B010BD796D0708034B10B526
:106C00000446036001F0B0F8204610BD246D07086B
:106C100010B50446FFF7F2FF642120461BF014F97B
:106C2000204610BD10B50446FFF7BCFB014B2046C3
:106C3000236010BDE86D070810B564201BF0D0F884
:106C40000446FFF7EFFF05E0642120461BF0FCF847
:106C500026F08EF9204610BD00F10803002213B57E
:106C6000036002A91C23044641F8043D26F002FDFE
:106C7000019B074A2060A360A2F11C0126F026FDBB
:106C8000019B2268002120466360D15402B010BDF0
:106C9000DC6D07082DE9F04180460E461746054693
:106CA0001446AE4211D06CB12B6805F10C0104F111
:106CB0000C0023602B792371AB68A36026F04AFD9A
:106CC0006B6A636228352834EBE7A6EB08060548B3
:106CD000F6084643282026F0604600FB0670BDE813
:106CE000F08100BFCDCCCC0C10B5044618201BF0B1
:106CF00077F8034604F1100100F1100203C982E89D
:106D00000300227818461A700022C3E9022210BD3F
:106D100010B5044618201BF063F8034604F1100177
:106D200000F1100203C982E80300227818461A70A5
:106D30000022C3E9022210BD2DE9F047054686B0C6
:106D40000E4600241C4F4FF02808D5E900239B1A5B
:106D5000DB107B439C422BD208FB04FA3146684689
:106D600002EB0A0926F044FD019BD9F810209A4253
:106D700016D1C2B1D9F80C00009929F001FBB0FA84
:106D800080F94FEA5919684626F098FCB9F1000FCE
:106D90000CD02B689A44DAF8080006B0BDE8F087FA
:106DA0004FF00009EFE74FF00109ECE70134CCE7C1
:106DB0004FF0FF30F1E700BFCDCCCCCC2F2A9CBFE9
:106DC000801880F83C1070472F299ABF4018007B2C
:106DD0000020704704292DE9F04106460C4638DCB6
:106DE00000EB8105D5F8880078BB1B4906EB040C45
:106DF000D6E90032D21AD2104A4301468A420DD057
:106E00009E4628339CF8808053F8207CB8451ED1DC
:106E1000DEF8003003B19847C5F88800D5F888300F
:106E20008BB183F838403444D5F8883094F880200A
:106E300083F83920D5F8883094F87B2083F83A20FD
:106E4000D5F88830DE63D5F88800BDE8F0810131DF
:106E5000D4E70020F9E700BFCDCCCCCC042910B595
:106E6000044602DD0348C46310BDFFF7B3FF0028EA
:106E7000FAD1F7E77438002490F87A308B4286BF55
:106E8000401890F880000020704790F87A00704712
:106E900038B5682005F0F6FB044688B1B4FA84F0F2
:106EA000400938BD013DF9D0682005F0EBFB012811
:106EB0000446F3D0012005F0A3FA002CF2D0EDE750
:106EC0003225F1E738B5682005F0DCFB01280446DF
:106ED0000CD13225682005F0D5FB044630B10120E5
:106EE00005F08EFA012C01D1013DF3D1631E584209
:106EF000584138BD562301223C30C370114601F081
:106F0000C2BB80F83F10012202213C3001F0BBBB24
:106F1000002225213C3001F0C1BB002203213C307E
:106F200001F0BCBBF0B521228DB0054625210C3007
:106F300001F077FB18B9002528460DB0F0BDEB7BBA
:106F400005F1100602AA0CAC0F2B06EB030700920A
:106F500044F8183D07D900222146684626F08AFBEE
:106F6000069B009002933A463146009826F0AEFB0D
:106F7000069B0021009A01932046D154694626F0D1
:106F800037FC21462846FFF7D7FE0546204626F067
:106F900095FB684626F092FB6B1CCDD1CBE72046D3
:106FA00026F08CFB684626F089FB25F0E1FFF9E727
:106FB00038B5022204460D460C30032101F031FBA6
:106FC000C0B1E17BA94215D194F86D30994212D13C
:106FD0004B1C84F86D3094F96E30E21801335BB2CB
:106FE00082F86F10217C052B82F87410A8BF002353
:106FF00084F86E3038BD94F979209142FAD194F832
:107000007A30042B08D8E118013381F87B20257CE5
:1070100081F8805084F87A3094F86E300132013B68
:1070200084F879205BB2002BB8BF042384F86E305B
:10703000E0E770B50446D0E90056AE4205D005F150
:107040000C00283526F03AFBF7E7206808B11AF063
:10705000EFFE204670BDF8B5044600F1880500F14A
:107060009C06002755F8040B20B103685B6898471D
:1070700045F8047CB542F5D12046FFF7DAFF2046FB
:10708000F8BD00002DE9F047D0E900341746064668
:10709000E41AA1EB030988462E4BE2102E4C544310
:1070A00014BF22460122A41848D29C4246D8002C84
:1070B00045D1254615EB090A12D03B6807F10C01B2
:1070C00045F809300AF10C093B7948468AF8043042
:1070D000BB68CAF8083026F08BFB7B6ACAF82430FC
:1070E00041462A463068FFF7D5FD716800F1280255
:1070F0004046FFF7CFFD8046D6E90079B94505D077
:1071000007F10C00283726F0D9FAF7E7306808B104
:107110001AF08EFE282303FB0454C6E90058B4601D
:10712000BDE8F08725F05CFE7DB9484626F0C6FA3A
:1071300026F050F825F094FE25F01AFF1C46282072
:1071400060431AF04DFE0546B4E728461AF070FE7B
:10715000EEE700BF66666606CDCCCCCC70B5D0E954
:10716000014306460D469C4213D074B10B6804F1EE
:107170000C000C31236011F8083C237151F8043CD9
:10718000A36026F035FB6B6A636273682833736013
:1071900070BD0A462146FFF775FFF9E730B591B09B
:1071A000002305460BAA8DF81C308DF82C3068465C
:1071B0000F93CDE90923012308932E4B0693FFF784
:1071C00089F8694609A826F08FFA68462A4C26F005
:1071D00075FA06A928460F94FFF7C0FF02236846F8
:1071E0000893264B0693FFF7EBFC694609A826F0A7
:1071F0007BFA684626F062FA06A928460F94FFF744
:10720000ADFF0323684608931D4B0693FFF724FD4B
:10721000694609A826F068FA684626F04FFA06A9DA
:1072200028460F94FFF79AFF042368460893154BEE
:107230000693FDF73FF8694609A826F055FA684617
:1072400026F03CFA104B06A928460F93FFF786FF5D
:1072500009A826F033FA11B030BD684626F02EFAA0
:1072600009A826F02BFA25F083FEF6E7F5E7F4E708
:10727000F6E700BF056504086D680408A16B040803
:10728000396C040849470408955B040838B50025A3
:107290000446302285602946C0E900550C3029F0AB
:1072A0009FF93022294604F13C0029F099F94FF466
:1072B000805384F86E502046A4F86C300B2384F879
:1072C0007A5084F87930C4F89C5084F8A05084F83F
:1072D000A150C4E92955FFF761FF04E02046FFF7FC
:1072E000A8FE25F045FEC4E92255C4E92455C4F89A
:1072F0009850204638BD2DE9F8430D4616460746FE
:1073000008469946FFF7F0FC46600446E96829B153
:1073100002464B463846FFF7EEFFE060AE68A046F7
:10732000F6B13046FFF7E0FCC8F808000546C0F8A3
:107330000480F16829B102464B463846FFF7DBFF6F
:10734000E860B668A846EBE725F04AFD21463846D6
:10735000FDF7BFF825F03EFF25F082FD25F008FE81
:107360002046BDE8F8832DE9F8430D46164607464A
:1073700008469946FFF7CCFC46600446E96829B107
:1073800002464B463846FFF7EEFFE060AE68A04687
:10739000F6B13046FFF7BCFCC8F808000546C0F857
:1073A0000480F16829B102464B463846FFF7DBFFFF
:1073B000E860B668A846EBE725F012FD214638469E
:1073C000FDF796F825F006FF25F04AFD25F0D0FDE3
:1073D0002046BDE8F883F0B589B000230F4609695F
:1073E00003AD04468DF80C3002AE04930793CDE94B
:1073F000055599B108AB2A46304643F81C6DFFF796
:107400007AFF03469A68002A69D105930346DA6831
:10741000002A66D10693FB6904900793216904F161
:107420000800FDF756F8002304F10C01049A2361CB
:10743000E361C4E9051172B19DF80C00226120736B
:10744000059860610698A0615160079ACDE90435FE
:10745000E261CDE9065304993046FDF73AF800237E
:10746000B96A8DF80C30CDE90435CDE9065391B1F8
:1074700008AB2A46304643F81C6DFFF774FF0346FD
:107480009A68002A2FD105930346DA686ABB0693EF
:107490007B6B04900793A16A04F12000FDF728F8A4
:1074A000002304F12401049AA3626363C4E90B116D
:1074B0007AB19DF80C00A26284F824000598E0627D
:1074C000069820635160079ACDE904356263CDE9DF
:1074D000065304993046FDF70BF809B0F0BD13468A
:1074E00090E7134693E71346CAE71346CDE738B54E
:1074F00091F838400346042C13D804F1220053F8C5
:10750000200070B1234491F83A4093F87B50A54293
:1075100007D193F8804091F839309C4201D1FFF7B0
:107520005AFF38BD38B50A4C0A4D204600F0F4FB2E
:107530002046094C2A4609491AF000FA2046FFF76E
:10754000A5FE2A4620460649BDE838401AF0F6B99D
:107550007438002400000024C8370024697D040822
:10756000577004082DE9F0470446CFB20025DFF834
:10757000589004F13C083946134892461E4601F0E3
:1075800045F9554508DA302D06D018F8011B484654
:1075900001F04EF90135F4E70B4801F03DF90546DD
:1075A00084F8A00040B1B4F89E3043F02003A4F862
:1075B0009E302846BDE8F087002EFADD3246394677
:1075C000014801F02DF9F4E70C3A00242DE9F047C9
:1075D00005460E4617469A46002404F0FFFEDFF8E3
:1075E0005880814604F0FAFEA0EB0900504501D214
:1075F000BC4206D3BC4285F86C4011D10120BDE8E5
:10760000F087404601F074F90028EBD0404601F0C5
:1076100079F92F2CF5D8631C2C442073DCB2F0E7E9
:10762000D5F8A8302BB1FF2E03D095F83D10304689
:1076300098470020E3E700BF0C3A0024F8B5154650
:107640000746042DDDE906261CDCDBB1441994F85D
:1076500080E09E4518D194F87B308B4214D1002AEB
:1076600014DD3346FFF77EFF044640B9002E07DDE8
:107670003223F2B2E9B23846FFF7A8FF00B904247A
:107680002046F8BD0124FBE70224F9E70324F7E7CD
:107690002DE9F84F6FF07F08044600F18005DFF810
:1076A0009C90A8EB000894F87A2008EB05039A4216
:1076B00042DD2B782E46013B622B1CD9204615F863
:1076C000057CFFF725FC8246212000F0A7FF5246EB
:1076D000034639462046FFF745FF212000F09EFF74
:1076E00032230246FF212046FFF770FF18B12046E3
:1076F000FFF718FC287033780135002BD3D0002712
:107700004FF0280A4FF0010BD4E900639B1BDB10FC
:1077100009FB03F39F42C6D20AFB076615F8012C4A
:10772000B3689A4206D1337923B9736A20469847E1
:1077300086F804B00137E7E7BDE8F88FCDCCCCCCB4
:1077400001232DE9F74F80F89C300446682004F0AF
:1077500099FF01280AD194F87A30002B0CBF03233B
:10776000022384F89C3003B0BDE8F08F2046FFF779
:107770008FFB824604F032FE0746BAF1000F58D064
:1077800000230B2584F86F3084F8743084F870304F
:1077900084F8753084F8713084F8763084F872306B
:1077A00084F8773084F8733084F8783084F87A304D
:1077B00084F86E30102384F86D302046FFF79AFB72
:1077C00029460135024600232046FFF7CBFE152D42
:1077D000F3D1292542F2107B4FF4FA6004F010FE39
:1077E000013DADB23DBBB4F89E30D1464FF000082C
:1077F00043F00403A4F89E300B2304F16F014FF013
:10780000FF3684F8793000231A4684F87A3011F86C
:10781000010B984288BF164602F1010288BF034659
:10782000052AF4D1731C79D1B9F1000F6BD005236F
:1078300097E7042395E704F0D1FDC01B5845D2D843
:1078400094F86D9020464946FFF75BFB0023024603
:107850000A212046FFF786FE28B1B4F89E3043F097
:107860002003A4F89E300226642004F0C9FD94F899
:107870006D802046FFF751FB0090022000F0CEFE05
:10788000009A034641462046FFF76CFE68B1B4F803
:107890009E3043F02003013EA4F89E301420F6B23F
:1078A00004F0AEFDFF2EE2D112E0022000F0B6FEA1
:1078B00064230246FF212046FFF788FEF0B194F8CA
:1078C0006D102046FFF774FB98B10A2004F098FD74
:1078D0002046FFF7F7FA8046002881D094F86D30F3
:1078E000013B99454FF000091CBF042384F89C30EC
:1078F00082E7B4F89E3043F00203CCE7B4F89E3040
:1079000043F00103C7E7B8F1000F05D1682004F088
:10791000B9FE002800F0CE80032322E729270025A6
:1079200084F86E6004F05AFD0090013FBFB2002F52
:1079300055D004F053FD009BC01A42F210739842D8
:107940004DD894F96E30204694F87910234493F87A
:107950006FB0FFF7D6FA0023024659462046FFF7DC
:1079600001FE002856D1642004F04AFD94F979B054
:107970002046FFF7D2FA0190022000F04FFE019A54
:10798000034659462046FFF7EDFD28B1B4F89E3076
:1079900043F02003A4F89E30022000F03FFE642351
:1079A0000246FF212046FFF711FE8346C8B394F933
:1079B00079102046FFF7FCFA30B194F96EB0BBEBBA
:1079C000060B18BF4FF0010B002594F96E302344CD
:1079D00093F86F30EBB3BBF1000FA6D106E0B4F81B
:1079E0009E30D34643F01003A4F89E304FF49670B7
:1079F000282604F005FD334AD4E900135B1ADB1096
:107A00005A4300231D469A4225D006FB031001333A
:107A10000571F8E7B4F89E3043F02003A4F89E30D7
:107A2000A1E70135022D12DD94F86EB00BF1FF3B9A
:107A30004FFA8BFBBBF1000FB8BF4FF0040B84F87B
:107A40006EB0BBEB060B18BF4FF0010BBDE7D34682
:107A5000BBE79B46CAE704F1880504F19C060027B2
:107A60002046FFF715FE55F8040B20B103685B684C
:107A7000984745F8047CAE42F5D1BBF1000F01D028
:107A800007236EE6B9F1000F7FF4D1AEB8F1000F15
:107A90000BD094F87A30002B3FF43EAFB4F89E3010
:107AA000002B7FF4C6AE02235BE6682004F0EAFDFB
:107AB0000028EED1B4F89E3043F00803A4F89E30BD
:107AC00006234EE6CDCCCCCC38B502210446682046
:107AD000002504F023FD682004F0D4FDB0FA80F006
:107AE000C4F8A450400984F8A100224800F0C2FE66
:107AF0002149204800F0EDFE0123A4F89E5084F8AF
:107B00009C3084F8A05001352046EDB284F89D5099
:107B1000FFF7F0F9002302460B212046FFF722FD74
:107B20004FF4FA6004F06CFC2046FFF709FE94F86D
:107B30009C30023B012B04D9642004F061FC032D2E
:107B4000E1D194F89C30012B07D194F87A30002BC6
:107B500014BF0423032384F89C3004F03FFCC4F8D2
:107B6000A400682004F08EFDB0FA80F0400984F88B
:107B7000A10038BD0C3A0024801A06000C4A137884
:107B800030B59BB901210B4C1170DAB2082155B206
:107B900001395200002DD2B2B8BF424011F0FF01AE
:107BA000F5D11A550133B3F5807FEED130BD00BF5A
:107BB000D8380024D938002470B505460E4614463E
:107BC0000720FFF7DBFF2E442046044BB54204D0CC
:107BD00015F8012B5040185CF8E770BDD938002427
:107BE00010B50446084611460022FFF7E5FF031BC7
:107BF0005842584110BD4160704790F8393053B138
:107C000090F83A303BB1C36B2BB190F838000428A0
:107C10008CBF00230123184670477047002070472F
:107C2000012A03D0022A03D0002070470160FBE73D
:107C30000B680360F8E7006803685B6B1847012A6C
:107C400003D0022A03D0002070470160FBE70B68D5
:107C50000360F8E7012A03D0022A03D0002070470E
:107C60000160FBE70B680360F8E7012A03D0022AF2
:107C700003D0002070470160FBE70B680360F8E762
:107C8000012A03D0022A03D0002070470160FBE7DD
:107C90000B680360F8E7012A03D0022A03D0002012
:107CA00070470160FBE70B680360F8E705232DE9E7
:107CB000F74303660446836C8946EBB1C56BDDB1BF
:107CC00090F83A60403010F8087C10F8078CC368D0
:107CD000984743463A463146CDE900092846FFF722
:107CE000ADFC01230546236650B9A36D23B1E36DB6
:107CF00004F1500098472566206E03B0BDE8F0837C
:107D00000428F9D16368002BF6D0E26B94F83800B0
:107D100092F83D109847EFE701460D4A41F80C2BC9
:107D20000022C0E90421C0E9061200F12401027317
:107D300080F824200163826482650266C263426027
:107D4000426380F83A20C0E90A21FF210187704789
:107D50002C6E0708C06B002216213C3000F09EBC40
:107D60000068FFF7F7BF00000B4B10B5044640F862
:107D7000503BFCF795FA04F14000FCF791FAA16A38
:107D800004F12000FCF7B4FB04F108002169FCF7C2
:107D9000A0FB204610BD00BF2C6E070810B504469E
:107DA000FFF7E2FF642120461AF04EF8204610BD8E
:107DB000021D8368104630B53BB11D690C68A542B1
:107DC0002ABF1846DB689B68F6E7824203D0096841
:107DD0000369994200D2104630BD13B5044602AB88
:107DE00008300C3443F8041D1946FFF7E1FF201A50
:107DF00018BF012002B010BD021D8368104630B5C7
:107E00003BB11D690C68A5422ABF1846DB689B6818
:107E1000F6E7824203D009680369994200D210460E
:107E200030BD13B5044602AB2030243443F8041DA2
:107E30001946FFF7E1FF201A18BF012002B010BD5C
:107E400038B51C460546031D79B99A420DD0206904
:107E5000116988422CBF00200120214625F054FBE7
:107E60006B69204601336B6138BD0120F5E70000E6
:107E700030B5C36B002585B004460566002B6BD07A
:107E8000082925D0092946D0072962D1334B00F1B2
:107E90004001009068460393314B0293FCF749FB85
:107EA0006846FCF7FDF92F4B04F150016846039337
:107EB0002D4B00940293FCF74AFB6846FCF7F0F95F
:107EC0002368294620469B6B9847206E05B030BD3D
:107ED000264B00F14001009068460393244B029327
:107EE000FCF727FB6846FCF7DBF9224B04F1500155
:107EF00068460393204B00940293FCF728FB6846E6
:107F0000FCF7CEF9236823209D6B00F087FB014628
:107F10002046A847D9E7194B00F140010090684678
:107F20000393174B0293FCF704FB6846FCF7B8F980
:107F3000144B04F1500168460393134B00940293D1
:107F4000FCF705FB6846FCF7ABF9236803209D6B43
:107F5000DBE703232366B8E70223FBE7B3810408CA
:107F6000217C0408377C04083F7C04084382040811
:107F7000557C04081B8304086B7C0408617D04089D
:107F8000817C040893830408977C04082DE9F04160
:107F90001F460B1D04460E469A4215460AD14B69F0
:107FA000002B32D00B693A68196991422DD2002218
:107FB000226008E0D7F800801369984515D2CB6895
:107FC000934202D1036063600CE0104625F09AFAF8
:107FD0000369984519D9C36813B92360606001E04B
:107FE000256065602046BDE8F08114D90B69934295
:107FF000DDD0104625F06AFA0369984505D2EB6892
:108000000BB92360EDE72060E8E73A4631462046A9
:10801000FCF7ABFAE6E722600023D4E7F7B5021DD0
:1080200006460F46836814463BB118693968884292
:108030002ABF1C46DB689B68F6E7A24203D03A6879
:1080400023699A4217D2182019F0CAFE3B682246CB
:108050000546036100233146436100F11003684681
:10806000FFF794FFDDE900424AB121462B46304636
:10807000FFF7E6FE044604F1140003B0F0BD284605
:1080800019F0D6FEF7E713B502AB1446083043F8F3
:10809000041D1946FFF7C2FF046002B010BD2DE9B0
:1080A000F341064602AD002400F108080C3645F8FD
:1080B000041D1460294640461746FFF779FE8642A4
:1080C00009D029464046FFF7A9FF036801203B601D
:1080D00002B0BDE8F0812046FAE72DE9F74F41F6FE
:1080E0009C710546FFF779FE18B9002003B0BDE882
:1080F000F08F41F69D712846FFF76FFE0028F4D0FF
:1081000041F67C712846FFF768FE0028EDD002ACEE
:1081100005F1080741F69D76D5F83C80384641F6D2
:108120007C7A44F8046D2146FCF747FA0322017873
:108130004046FEF743FED5F83C802146384601967E
:10814000FCF73BFA04224178404641F69C78FEF762
:1081500035FEEE6B21463846CDF80480FCF72DFA4B
:108160000178304600260522FEF728FE21463846D3
:10817000CDF80480FCF721FAF3B2026806F1010B96
:10818000D5F83C909A420DD9534421463846019384
:10819000FCF713FAB21D017848465E46D2B2FEF7EC
:1081A0000DFEE3E72322172109F13C0000F06BFAF2
:1081B0009CE70068FFF791BF2DE9F34141F69C7100
:1081C0000446FFF70AFE18B9002002B0BDE8F081AE
:1081D00041F69D712046FFF700FE0028F4D002AD65
:1081E00004F1080641F69D77D4F83C80304645F806
:1081F000047D2946FCF7E1F9032201784046FEF7A9
:10820000DDFDD4F83C80294630460197FCF7D5F9CE
:10821000042241784046FEF7D1FD41F69C73E76B9E
:10822000294630460193FCF7C8F905220178384603
:10823000FEF7C4FDE06B032218213C3000F02EFA5B
:10824000C3E70068FFF7B8BF2DE9F74F0646C06BDC
:10825000232219210C3000F0E4F98046002858D080
:1082600006F1080502AC052141F69C77F06BFEF79C
:10827000ABFD814644F8047D28462146FCF79DF974
:108280000321C0F8009041F69D79F06BFEF79CFD4C
:10829000824621462846CDF80490FCF78EF9042149
:1082A000C0F800A0F06BFEF78FFD214682462846FD
:1082B000CDF80490FCF781F9036802A903EB0A23C7
:1082C0000360284641F8087DFCF777F90368202B06
:1082D0001CD8214628460197FCF76FF9D0F800908A
:1082E000002741F67C7B4F4513DAB91DF06BC9B20C
:1082F000FEF76AFD07EB0B038246214628460193F1
:108300000137FCF75AF9C0F800A0ECE74FF020095C
:10831000E6E7404603B0BDE8F08F0068FFF794BF82
:108320002DE9F3410546C06B032216210C3000F005
:1083300078F9074648B30321E86BFEF745FD05F1E0
:10834000080602AC0A238046304644F8043D214624
:10835000FCF733F90421C0F80080E86BFEF734FD28
:108360000B238046214630460193FCF726F9052170
:10837000C0F80080E86BFEF727FD0C230546214678
:1083800030460193FCF719F90560384602B0BDE8A4
:10839000F0810068FFF7C4BF2DE9F74F92F800B0F5
:1083A00000F1080602AC41F69C75BBF1200F804637
:1083B00044F8045D894628BF4FF0200B2146304623
:1083C00017469A46FCF7F9F841F69D73C0F800B0DD
:1083D00021463046BAF800B00193FCF7EEF8D8F821
:1083E00000300821C0F800B040461B6A984702A937
:1083F000304641F8085DFCF7E0F80368202B24D8EC
:10840000214630460195FCF7D8F803783B7041F6D9
:108410009D732146304601930025FCF7CEF841F6C6
:108420007C780368AAF800303B78AB420FDD202D42
:108430000DD005EB0803214630460193FCF7BDF84B
:10844000036809F805300135EEE72023DEE703B0C5
:10845000BDE8F08F2DE9F3411E46036888460921E7
:108460001B6A04461746984710F0FF0F1FD102AD54
:1084700008340A23204645F8043D2946FCF79DF8B8
:1084800003682946204688F800300B230193FCF747
:1084900094F80368294620463B700C230193FCF7AF
:1084A0008CF803680120337002B0BDE8F081002031
:1084B000FAE72DE9F74300F1040805460E46836804
:1084C00044464BB13268196991423ABFDA68234693
:1084D0009A681C461346F4E7A04503D03268236926
:1084E0009A422BD2182019F07BFC36680023A04555
:1084F000074600F110090661436124D16B691BB185
:108500002A691369B3420AD34A4629466846FDF7E9
:108510004FF8DDE90042002A4ED0002C4AD19045A8
:1085200048D0106986422CBF0020012043463946BE
:1085300024F0EAFF6B6901336B613C4604F11400DF
:1085400003B0BDE8F0832369B34219D9EB689C42BC
:108550000BD0204624F0D6FF0369B34208D2C3688B
:10856000002B0ABF04462346002322461C46D2E7BE
:108570004A4629466846FDF71BF8DDE90034F4E772
:108580001AD22A69944208D0204624F09FFF03693A
:10859000B34204D9E3685BB92246002006E04A46AC
:1085A00068462946FDF704F8DDE900020446B2E713
:1085B0000246FBE70120B9E73846274619F038FCA8
:1085C000BBE713B502AB1446203043F8041D19462F
:1085D000FFF76FFF046002B010BDF7B5054602ACAF
:1085E000002300F12007243544F8041D13602146C0
:1085F00038461646FFF700FC854208D0214638462B
:10860000FFF757FF03680120336003B0F0BD00207F
:10861000FBE70A460146805CFFF7E2BA0430C0B2CD
:10862000704710B40478032C0BD144788C4208D1E5
:108630008178914205D103315DF8044BC9B2FFF74F
:10864000E8BF00205DF8044B704710B40478042C98
:108650000BD144788C4208D18178914205D1033105
:108660005DF8044BC9B2FFF7D4BF00205DF8044B9E
:10867000704738B50C4605460022FFF79DFA28558D
:10868000601CC0B238BD10B4012482700332417046
:108690000470D1B25DF8044BFFF7EBBF10B40224B5
:1086A0008270033241700470D1B25DF8044BFFF761
:1086B000E0BF70470EB403B0704710B50446082100
:1086C00019F0C2FB204610BD2DE9F3471E24436874
:1086D00007460E464C43154694FBF2F4A34238D0AD
:1086E0001D48A046DFF87CA001F0B9FDDFF86890D6
:1086F00002211A4A184801F025FEB8F1000F10DCDB
:1087000024EAE474DFF86090DFF84C80C4F11E04C2
:10871000002C0EDD4A4602214046013C01F012FECB
:10872000F6E752460221484608F1FF3801F00AFEFA
:10873000E3E7094801F090FD6423094A02217343ED
:10874000054893FBF5F3CDE9006501F0FBFD00233F
:108750007B6002B0BDE8F087303F0024786E0708E8
:108760007D6E07087B6E0708D79A07081048114BE3
:10877000114970B5114E002503604FF0FF33104CC6
:108780003246436019F0DAF80E4B04F108006560D8
:10879000236001F043FD2562324684F824502046D0
:1087A00084F825500849BDE8704019F0C7B800BFEB
:1087B000043A00249C6E0708B386040800000024D5
:1087C000DC390024706E0708CD870408074B10B50C
:1087D00004460360006A10B103685B68984704F1BF
:1087E000080001F003FD204610BD00BF706E0708B1
:1087F00010B50446FFF7EAFF2821204619F024FBB4
:10880000204610BD0368C9B21B6818474900002301
:10881000C161C0F82C327047036801211B6B1847F7
:1088200010B403689C6B0123A4465DF8044B6047B9
:10883000D0F82C32B3F5807F1FBF5A1CC0F82C2211
:10884000C01880F82C1114BF012000207047704719
:10885000C0F830127047C0F834127047D0F8283191
:108860002BB1D0F82431184490F8200070474FF015
:10887000FF30704738B5036804465B6A9847FC20B0
:1088800019F0AEFAB4F91A20B4F91810054614F02C
:108890008DFD656138BDFC21284619F0D5FA24F01C
:1088A00067FB38B5D0F82C321446054600F59670B3
:1088B0001A441844B2F5807F88BFC3F580742246FD
:1088C00027F090FDD5F82C3220462344C5F82C32F1
:1088D00038BD38B5044640690D4608B114F07FFC38
:1088E000206920B12946BDE8384014F0B7BD38BD35
:1088F00010B5044618F042FCD4F8284118F054FC96
:10890000204610BD10B5044618F038FCD4F82831C4
:10891000BBB1D4F82831A3B1D4F82431234493F85F
:108920002000D4F824310133DBB2C4F82431D4F868
:108930002831013BC4F82831044618F035FC2046A4
:1089400010BD4FF0FF34F8E710B50446406920B180
:108950000368DB6898470023636123699BB1D4F8FF
:10896000380219F054FDD4F8380219F0D4FDD4F8C7
:10897000380210B103685B6898479C21206919F0A0
:1089800063FA0023236110BD1FB50246D0F82C32D4
:1089900081F001014069D46900913BB9012303AA28
:1089A000214614F04EFCC0B204B010BD02F5967220
:1089B000214614F027FC002814BF02200020F3E712
:1089C00070B5B2F5807FC2B083F00103044628BFC2
:1089D0004FF4807202AE0093490015461346406979
:1089E000324614F02EFCC8B9A84218D0D4F8283169
:1089F000B3F5807F10D0D4F82031325C234483F863
:108A00002020D4F820310133DBB2C4F82031D4F86F
:108A100028310133C4F828310130E5E70025284624
:108A200042B070BD70B50446C0B00025206914F096
:108A30001EFD0328FAD8DFE800F05F021E1ED4F8FE
:108A4000343203B19847D4F82C32002BEED018F012
:108A500095FB94F82C6204F596716846324627F02F
:108A6000C1FCC4F82C5218F09FFB324669462069BD
:108A700014F001FDDAE7F0226946206914F0F9FCF0
:108A8000064618F07BFB0022C4F82051C4F824519C
:108A9000C4F82851B2421DDAD4F82831B3F5807FEA
:108AA00018D0D4F82831B3F5807F11D0D4F8203114
:108AB0001DF80210234483F82010D4F8203101332C
:108AC000DBB2C4F82031D4F828310133C4F828319E
:108AD0000132DFE718F068FB236820461B699847DE
:108AE0000028A3DDD4F83062002E9FD023682046F2
:108AF0001B699847B04799E703F094FC96E700009C
:108B000038B500254FF47A73044601834283294621
:108B10004FF48072C0E901530A4BC0E90455036069
:108B2000203027F05DFDC4F82051C4F82C522046B7
:108B3000C4F82451C4F83052C4F82851C4F834524F
:108B400038BD00BFCC6E070810B4D0E90034096806
:108B50006210E4075DF8044B01EB020044BF8A5841
:108B6000D35818470146043008B5FFF7EDFF08BD9C
:108B7000034A0346C26007C983E80700704700BF85
:108B8000AC6E070810B586B004460391684606A986
:108B900080E80C0001E90C00204603A9FFF7E8FF7C
:108BA000204606B010BD37B56C46054684E80C007B
:108BB00094E80C00FFF7E6FF284603B030BD000044
:108BC0002DE9F0410368054688B00E465B6A984778
:108BD0009C2019F005F9B5F91A20B5F918100446CA
:108BE00014F022FC710020462C6114F039FCBC20EA
:108BF00019F0F6F804460646234B04F1400746F800
:108C0000043B3046F7F738FD0021384619F064FB85
:108C100004F15408404619F0FDFA1C4B4FF4006271
:108C2000182120460093002319F0E6FB184B294633
:108C300004A8C5F8384202930023039302AB0CCB7F
:108C4000FFF7B1FF04A9204619F0A0FC10E0404650
:108C500019F020FB384619F07EFB3046F7F713FD7C
:108C6000BC21204619F0F0F824F082F9F2E7F4E78D
:108C700004A8F7F708FD08B0BDE8F0819C21F0E7F3
:108C800004A8F7F700FDEFE7B0A00708B86E0708E3
:108C9000258A040808B5FFF765FF08BD08B5FFF78A
:108CA000F9FF08BD10B50B2003F07EFB04460C2035
:108CB00003F07AFB214602460448FFF721FF162203
:108CC00017210348BDE81040FFF71ABF0C3A0024F3
:108CD000483C0024064B10B504460360406A08B1C6
:108CE00027F03CF8606808B101F086F9204610BD15
:108CF000246F070810B50446FFF7ECFF3821204623
:108D000019F0A2F8204610BD064A02600022C0E910
:108D10000121C26002744263C0E90922C0E90B224A
:108D2000704700BF246F070810B50446406A18B1A9
:108D300027F014F800236362606830B100F080FC13
:108D4000606801F059F90023636010BD032A2DE922
:108D5000F843089D0446894616461F4601D8002D53
:108D600007DC25F0DDFF1623002503602846BDE85B
:108D7000F883022A406A34BF01210221694327F0A7
:108D80008FFC606218B925F0CBFF0C23ECE7494655
:108D9000606800F017FC022E636A2A463946606854
:108DA00015D0032E16D0012E0ED001F071F801302F
:108DB0004FF0000317BFA6611D462374C4E90A5390
:108DC00018BFC4E90C33D1E701F084F8EFE701F0F4
:108DD000DFF8ECE701F0F6F8E9E7806A7047826AAD
:108DE0000346002A14DD8169032911D8DFE801F068
:108DF00002020B0B586AD96A405C013A9A62DA6A3D
:108E00000132DA627047D86A596A31F81000F4E723
:108E10004FF0FF30704708B525F082FF006830B191
:108E200025F07EFF0068BDE8084000F059BA08BD93
:108E300081600B46406840B14FF47A72B1FBF2F1A9
:108E400002FB11335A4300F0D7BB704770B504469C
:108E50000D461646FFF768FF65602846E6603DB19F
:108E600000F0E0FB28B1606801F0C6F80020606007
:108E700070BD20740421C4E90A00C4E90C006068D4
:108E800000F0AEFB2046A168FFF7D2FF0120EFE71C
:108E9000034B10B504460360FFF71CFF204610BDCE
:108EA000346F070810B50446FFF7F2FF3C21204657
:108EB00018F0CAFF204610BD10B54FF47A71044671
:108EC000FFF722FF024B20462360024BA36310BD35
:108ED000346F0708FC3E002410B50446806B00F098
:108EE000D7F9002201462046FFF7B0FF003018BF37
:108EF000012010BD10B4144681631A4621465DF866
:108F0000044BFFF7E9BF000010B5054C2046FFF702
:108F1000D3FF2046034A0449BDE8104018F00EBDB7
:108F2000843E002400000024918E0408034B10B5F9
:108F30000446036000F050F8204610BD446F070857
:108F400010B50446FFF7F2FF3C21204618F07CFFE5
:108F5000204610BD10B5C0B004464068694600F018
:108F60000FFB021E08DD04F108036946606800F08B
:108F7000BFFB012040B010BD0020FBE710B5044648
:108F800000F01CF8024B20462360024BA36310BD87
:108F9000446F0708FC3E002410B5054C2046FFF73F
:108FA000EDFF2046034A0449BDE8104018F0C6BC56
:108FB000C03E0024000000242D8F0408054B002132
:108FC000302210B5044603604160083027F008FBEA
:108FD000204610BD586F07080C4B10B504460360BF
:108FE000806A08B126F0BAFEE06A08B126F0B6FE43
:108FF000206B08B126F0B2FE606B08B126F0AEFE21
:10900000606808B100F0F8FF204610BD586F0708EF
:10901000F0B5441800250A442746211A8A4200D890
:10902000F0BDE11BC9085E5C2E41013506F001066A
:1090300005F0070504F8016BEFE703680B70436860
:1090400002204B7070470B680020023B0B6070479A
:1090500010B5446BA06803681B69984720B1A068ED
:1090600003685B699847F5E710BD10B50446406B8F
:1090700026F074FE2046BDE8104026F06FBE10B505
:10908000446BA06801F096F8A0680368BDE8104042
:10909000DB6A184710B5446BA068A2880368216892
:1090A0001B6A9847A06801F07DF8002010BD436B53
:1090B000986803F020B910B5446BE2682AB1012228
:1090C00000F0B2FD0020E06010BD00F0ADFD002812
:1090D000FAD10123E360F7E770B5446B0D461646FD
:1090E000A06801F067F8A06801F036F8A06829468A
:1090F000324603685B6898470546A06801F03DF872
:10910000A06801F04FF8284670BD2DE9F0411F46D8
:10911000466B0AB313684FF47A75926892FBF5F2C6
:1091200005FB032503F05AF98046B06803681B6904
:109130009847B842044605DA03F050F9A0EB08005E
:10914000A842F2D32CB925F0EBFD4FF0FF34742385
:1091500003602046BDE8F0811546E3E708B50878CE
:109160001378834207D028B125F0DAFD034B036062
:109170004FF0FF3008BD0020FCE700BF5F42B206A1
:10918000F8B504680B789C4200D073BB971EFF2390
:109190000E46DFF860E011FA87F71C46DFF858C08A
:1091A000B74208D016F8015B65401EF805405C40E8
:1091B0001CF80530F4E7114443EA042311F8025C7B
:1091C0001BB211F8011C41EA052109B299420AD0EB
:1091D000C3685B0701D5FFF73BFF25F0A1FD044BFA
:1091E0004FF0FF3203601046F8BD0022FBE700BFDE
:1091F0005A42B206646F070864700708F72908B579
:1092000002D80160002008BD25F08AFD1623036006
:109210004FF0FF30F7E700000068B0F1FF3F10B5F6
:10922000029C05D1074B9721074A084825F056FDB7
:1092300061701112E2701A1220700620A170227162
:10924000637110BDB07107080A720708C171070881
:10925000FF2310FA81FCF0B51A4605460A4F0B4E63
:10926000654506D015F8014B54403A5D5A40335DD0
:10927000F6E743EA02231BB2C3F307224254084431
:109280004370881CF0BD00BF646F07086470070856
:10929000F8B5074638200E46154626F057FD044619
:1092A00000F07CF9064B1020236326F04FFD0023CD
:1092B0006063876006608580C3602046F8BD00BF9C
:1092C0006471070810B5036904464FF47A70584377
:1092D00003F096F8A069BDE8104003F093B80000D1
:1092E000174B0344102B26D8DFE803F027090B0D9A
:1092F0000F1113152517191B1D1F252123001148B8
:10930000704711487047114870471148704711481D
:10931000704711487047114870471148704711480D
:1093200070471148704711487047114870471148FD
:1093300070471148704727F0EFBF1048704700BFD3
:10934000B1BD4DF91175070826750708397507086D
:109350005875070864750708837507089875070826
:10936000AC750708C5750708E5750708F1750708A6
:10937000FE750708157607082376070800750708A5
:1093800010B520B1036BBDE810401B6C184725F0E9
:10939000C7FC162303604FF0FF3010BD2DE9F341E9
:1093A0001E46836804460D469046089F3BB10E4B0F
:1093B0000AAA09991B680192D8682BF00DFC2FB1FD
:1093C0002046FFF77FFF2046FFF7DAFF6B68314644
:1093D000284680336B60236B9B69984706F80080B2
:1093E000013002B0BDE8F0818C0E00242DE9F04779
:1093F000056B07460E4690466C689A466D6B12F8F0
:1094000004907DB1A847411C05460BD1FB685A0763
:1094100005D53846FFF756FF3846FFF7B1FF284617
:10942000BDE8F087396B4A68B35C013B162B41D825
:10943000DFE803F02A2A38384040424040404040AC
:109440004040404044404040400C38000723134413
:109450008A68134419F0800F37D08B682344023395
:1094600053452ED118F80430325D803B9A4228D102
:10947000444464780B2C24DC25F052FC3D4B2344FF
:1094800003604FF0FF35CAE7B518EB78287940EA5A
:109490000320C31010F0070003F1020318BF0120DE
:1094A0000344D4E7B018C578037943EA05230133B0
:1094B0005B00CCE70523CAE70323C8E74FF0FF337F
:1094C000C8E725F02DFC2C4BDAE79A4501D0013393
:1094D00002D1335D4B450CD0FB685B0705D53846A0
:1094E000FFF7F0FE3846FFF74BFF25F019FC234B42
:1094F000C6E709F1FF39B9F1160F37D8DFE809F0EF
:109500000C0C1D1D363636363636363636362626A1
:109510003336363636361D00264444443379F278E5
:10952000657803EB022212F0070318BF012303EB57
:10953000D203AB423FF473AFCEE726444444F27803
:109540003379657803EB02236D08F2E7E21C0434FB
:10955000B15C335D18F8022018F8045003EB0123C6
:1095600045EA0225E5E74444657858E701252B469E
:10957000DFE700BF4E42B2065C42B2065B42B20673
:1095800010B520B1036BBDE810409B6A184725F069
:10959000C7FB162303604FF0FF3010BD4FF0FF33C1
:1095A000C0E90033002330B5C0E9023300240025B0
:1095B000034BC0E9044583618362C0E9084530BDBF
:1095C00020A1070010B520B1036BBDE810401B6956
:1095D000184725F0A5FB162303604FF0FF3010BDA0
:1095E00008B530B925F09CFB162303604FF0FF301F
:1095F00008BDC1600020FBE708B520B101B912B178
:10960000074B9A4206D925F08BFB162303604FF0D7
:10961000FF3008BD00238261C0E904131846F8E753
:109620003F420F0010B520B1036BBDE810409B6BAB
:10963000184725F075FB162303604FF0FF3010BD6F
:1096400010B1036BDB6B1847704700002DE9F04148
:10965000036B0F46044611461B6A38469847064678
:10966000236B3246394620465B6A984705460130EF
:1096700018D1E368990715D525F052FBD0F8008082
:1096800025F04EFB0368092B1ED12046FFF7D8FFBB
:109690002046FFF717FE2046FFF7C4FF25F040FBEA
:1096A000C0F80080E3689A0701D56B1CD8D0002D64
:1096B00007DDAE4205D025F033FB4FF0FF350B4BF5
:1096C00003602846BDE8F08125F02AFB0368682B7B
:1096D000DBD025F025FB0368202BD6D02046FFF7F2
:1096E000F1FD2046FFF74CFED8E700BF5B42B20613
:1096F0002DE9F04FD1B088461E4607460B9248B977
:1097000025F00EFB16234FF0FF3B0360584651B087
:10971000BDE8F08F026B40465368D269CD1811F84E
:1097200003900693697815F801BCAC78CDE90CB9C3
:1097300004EB01240BA9904709F1FF32A4B20E906B
:10974000069B162A00F25F82DFE812F0170017006E
:1097500083008300CC00FF00AF015D025D025D026B
:109760005D025D025D025D021001470198015D022C
:109770005D025D025D02B301CE01E978B9F1020F2D
:1097800095F804A00AEB012AD6E908380AF1FF315E
:109790000DBFAD4B9846AD4BD6E9022018BFD6E9B8
:1097A0000020B1F5FA6F0FAE11D34FF4FA62CDF885
:1097B00008A0CDE90332A64B019301230093334661
:1097C00003220CA93846FFF7E9FD044629E0251AD3
:1097D00004D40AEB0509914509DD5444CDE902435F
:1097E0009C4B01930023009333460222A8E03B6B7D
:1097F00031460CA89B6998471AF0070300F1010451
:1098000018BF012303EBDA0A06F800A008EB0500F5
:1098100000221146A0EB080399450DDC09B1325531
:109820000134BBF1000F3FF471AF22460FA9384657
:10983000FFF70CFF834669E710F8013B072903FA9D
:1098400001F342EA030202D132550134E0E701316B
:10985000E0E7B9F1040FE8780DF13C09D6E90A8395
:109860000CBFD6E90412D6E906122E7914BF984629
:10987000794B06EB002618BF784B701E7C2809D95F
:109880007D220296CDE90332714B019301230093AF
:109890004B4695E7A51A04D406EB050A8A4508DD70
:1098A0003444CDE902436B4B0193002300934B46B4
:1098B0009BE73B6B49460CA876009B699847441C84
:1098C00009F80060AA45ACDD38F815301B0A09F824
:1098D0000430023438F81520013509EB040303F88D
:1098E000012CEFE77368E21A02D4336893420BDC71
:1098F0005B4B02940193002300930FAB02220CA94F
:109900003846FFF74BFD60E7E9782B7903EB01233D
:10991000B3F57F4F00D05BB90033316A18BF012324
:109920008B540B9C41460FA8224626F05BFD78E73E
:10993000CDE902344B4B0193002300930FAB03227C
:109940000CA93846FFF72AFD3FE7F369E31A02D472
:10995000B2699A4202DC0294434BCBE7E8782A7959
:10996000F16A02EB002221F81320DAE7E9780DF121
:109970003C092A7902EB0122511EB1F5F66F03D2A0
:109980006979B2EBC10F09DD4FF4F663CDE902232B
:10999000364B0193012300934B46D0E77168611A5F
:1099A00004D455183068854207DD1444304B0294C6
:1099B0000193002300934B46A0E70633306A4344EB
:1099C000FFF726FB3B6B49460CA89B69984758F864
:1099D000003049F80030041D23E7E9782A7902EBCA
:1099E0000122511E7A2903D86979B2EBC10F06DD35
:1099F0007B23CDE902231F4B019301239DE7F069EF
:109A0000201A14D402EB000CB1698C450EDCC8EBB3
:109A10004002D31A84450DDC0FAC3B6B0CA89B694C
:109A20002146984758F800302350D4E71444029454
:109A3000114B5FE7AC790130E979F26A01EB04215F
:109A40002A440235D152E5E75C72070852720708D2
:109A500090720708B87207087B7207086C720708D3
:109A6000DA72070803730708417307086F73070862
:109A7000A3730708CD730708067407080FAD3B6B87
:109A80000CA89B6929469847B4222B18C11C5A7010
:109A9000FF226C189A70604A13686B5053686360B9
:109AA0000A2300F10B042B54BBE625F039F96D2392
:109AB00029E6F169611A3FF54EAFB3698B427FF732
:109AC0004AAFEA782B796C79F06A03EB0223AA7922
:109AD0009BB202EB042230F8114022EA0302234039
:109AE000134320F811301CE7EA780DF13C0A95F891
:109AF0000490287A09EB0229EA7900EB0220421E41
:109B0000782A09D8B9F1000F06D0B9F17D0F03DC2E
:109B10006A7AB2EB400F10D079237D220CA9CDE9EF
:109B200004323E4B032201930123CDE90209009345
:109B300038465346FFF732FC47E66A79A446A979CE
:109B4000D6F81CE001EB02218AB2B4EB0E010792B9
:109B5000A2EB0E0206910DD44944D6F818C0614517
:109B6000089105DC002A03DB81188C4509910FDA86
:109B700004EB090C002AA2BF079B1B180793079B45
:109B8000CDE902C3264B01930023009353462CE6F4
:109B9000396B0CA80A924FEA49098C695146079320
:109BA000A0470A9A441C079BC8EB42080AF8009099
:109BB000A8EB03030999914218DC069BC0EB430014
:109BC0000138089B069A93427FF72BAE0219F16A7F
:109BD0008B5A1B0A0AF8043002348A5A0AEB04032F
:109BE00003F8012C069B01330693EAE795F80AE097
:109BF000013295F80BC0F16A0CEB0E2C29440235AA
:109C000021F803C0D6E7074B0122CDF80890019355
:109C10000FAB009273E600BF357407083E74070867
:109C20008A740708DB740708036B2DE9F04F5C6842
:109C300087B005460F460134914692B10DF1080AEE
:109C4000D0E90423CDE90223836904930026B046BA
:109C50002B6B44B91B6B42463946284698478346CE
:109C600023E09246F2E7D3F844B0524623466946D1
:109C70002846D847B0F1FF3F834626D1EB689807C6
:109C800002D44FF0FF3B10E025F04AF8046825F0BD
:109C900047F80368742B0CD12846FFF713FB2846BE
:109CA000FFF76EFB25F03CF80460584607B0BDE8AE
:109CB000F08F25F035F80368092BF3D12846FFF71C
:109CC000BFFC2846FFF7AEFCECE72B6B224607EB08
:109CD00008012846DB6A9847C0B925F021F86823B7
:109CE0000360EB689A07CCD525F01AF80368682B57
:109CF00017D125F015F804682846FFF7A1FC28467F
:109D0000FFF790FC25F00CF80460BAE7411CE8D09E
:109D1000241A804457D1296B76B1012E2CD002260B
:109D200096E724F0FDFF03686F2BE2D024F0F8FFE4
:109D30000368092BA5D1DCE74B68FB5CB9F1000F88
:109D40000CD1062B52DDA3F10F02012A51D9162B9B
:109D500052D0172B10D10126092437E0053B0126EC
:109D6000112B07D806FA03F340F6034213423ED103
:109D70009B0341D4344629E04B68FA5CB9F1000FEB
:109D800017D10F2A03D3102A0DD9172A0ED08B68AA
:109D90001C44CB6808EB04029A4213DD24F0C0FF98
:109DA000174B03606DE73B445C79F0E73B445C7A1A
:109DB000EDE7042A03DD112A01D0172AE7D13B443D
:109DC0005C78E4E70226002C7FF742AFAB6AD5E966
:109DD0000801012871F1000202DA002B7FF738AF89
:109DE00004930DF1080ACDE9020131E701260424AC
:109DF000ECE701260524E9E701260624E6E700BF93
:109E00005B42B2062DE9F041C6B0066B05461F461F
:109E100002AC00947669B047214602462846FFF717
:109E200015FC00280ADD05AE012228463146FFF761
:109E3000FBFE421C034604D14FF0FF3046B0BDE8A4
:109E4000F081324621462846FFF7D0FA431CF3D072
:109E50002B6B00255B68023300EB030C6345EDDAE6
:109E600016F803E02A4605F1080801219045154639
:109E700001D10133F2E7BA42FBDA11EA0E0F4C9C32
:109E80004FEA410114BF01250025A5540132EDE739
:109E900013B5144638B924F043FF162303604FF07E
:109EA000FF3002B010BDB2F5FA6F03DD24F038FFC9
:109EB000074BF3E7009313460A460121FFF7A2FF81
:109EC000B0F1FF3F14BF20464FF0FF30E9E700BF7D
:109ED0005E42B20613B5144638B924F021FF1623AA
:109EE00003604FF0FF3002B010BDB2F5FA6F03DD32
:109EF00024F016FF074BF3E7009313460A460221AE
:109F0000FFF780FFB0F1FF3F14BF20464FF0FF3056
:109F1000E9E700BF5E42B206F0B57D2BC7B005464B
:109F20004C9C07DD24F0FCFE184B03604FF0FF3023
:109F300047B0F0BD02AE076B00967F69B847314667
:109F400002462846FFF782FB0028F1DD012205A921
:109F50002846FFF769FE421C0346E7D005AA3146B2
:109F60002846FFF743FA431CE0D02B6B05A95A683B
:109F700000230A448342DBDA02EB4305AE78E9783A
:109F800041EA062124F813100133F3E75E42B206DA
:109F900007B540B924F0C4FE162303604FF0FF302C
:109FA00003B05DF804FB7D2A03DD24F0B9FE044B09
:109FB000F3E7009313460A460321FFF7ADFFEFE7EF
:109FC0005E42B20607B540B924F0AAFE162303602C
:109FD0004FF0FF3003B05DF804FB7D2A03DD24F071
:109FE0009FFE044BF3E7009313460A460421FFF754
:109FF00093FFEFE75E42B20610B1036B9B6C18470C
:10A0000070470268322313B50093946A40F21342FA
:10A01000A04702B010BD13B5046800931346A46AAC
:10A0200040F21342A04702B010BD13B532230468BA
:10A030000093A46AA04702B010BD006903681B69C1
:10A040001847006903689B691847006903685B69E2
:10A05000184700690368DB6818470120704710B58E
:10A060000446006903685B6A9847A069002807DB1B
:10A070000021C0B202F08CFA0021207E02F004FA26
:10A08000E069002809DB0021C0B202F081FA207FDC
:10A090000021BDE8104002F0F7B910BD70B50446CC
:10A0A0000D4616460499C5622286026A002A08BF38
:10A0B0001A46436A002B18BF194602624162806942
:10A0C000002807DB0121C0B202F0DEF90021207E6A
:10A0D00002F05EFAE069002807DB0121C0B202F05D
:10A0E000D3F90121207F02F053FA0023324629469A
:10A0F000206984F828300123BDE8704000F074BC6A
:10A10000034690F8280018B1186903681B681847BF
:10A1100001225A607047000070B500251E464FF4BA
:10A120007A7304460161C0E901530A4B036010468B
:10A1300002F026F96061304602F022F9A061BDF913
:10A14000100002F01DF9656284F82850C4E9070583
:10A15000204670BD5076070810B504468069002877
:10A1600007DBC0B2012102F013FA206A08B102F045
:10A1700049F9012384F8283010BD10B50446006960
:10A180000368DB689847A369002B07DB606A08B1A6
:10A1900002F038F90021207E02F0FAF9002384F859
:10A1A000283010BDC069002803DB0021C0B202F0D6
:10A1B000EFB97047C069002803DB0121C0B202F08B
:10A1C000E7B97047C0E90812704700001D2307B5C2
:10A1D0001A22009303491E230348FFF79DFF03B093
:10A1E0005DF804FBC0400024FC3E0024054B10B584
:10A1F00004460360406910B103685B6898472046D5
:10A2000010BD00BF8C76070810B50446FFF7EEFFBF
:10A210001821204617F018FE204610BD064A02609D
:10A220000022027142718271C2710272C2600274B4
:10A2300042744261704700BF8C76070800220121FA
:10A2400002708270C270022241704260014A8260D4
:10A25000704700BF30430024012343707047002340
:10A2600043707047B0B582B013460D46044600AF48
:10A270007A600A46002108462AF034FD00F10803FE
:10A28000411C2A4623F00703ADEB030D7B686846AB
:10A290002AF028FD63786946A06823B101F0E0FF49
:10A2A0000837BD46B0BD01F0CEFFF9E7C37870B501
:10A2B00004468CB01BB34FF47A7502F08FF84FF45C
:10A2C0006162B0FBF5F18EB205FB1101B6FBF2F352
:10A2D00002FB136202913C2192B2B2FBF1F001FB4E
:10A2E0001022202192B2CDE90002094A04A826F0EA
:10A2F00099FB04A9A06801F0A6FF0CB070BD02F0A4
:10A300006DF8044A0346202104A826F08BFBF0E7F1
:10A3100094760708AD760708042905D8034B8068B2
:10A3200053F8211001F08FBF704700BFB8760708BF
:10A33000042905D840688842B4BF00200120704736
:10A34000002070470CB413B50446FFF7F1FF78B155
:10A35000A27812B12046FFF7DFFF237813B1204621
:10A36000FFF7A4FF05AA049920460192FFF77AFFA0
:10A3700002B0BDE8104002B0704700000148FFF78E
:10A380005DBF00BF303F002430B5A1F110040025AF
:10A3900000F00F02CD7302390009D3B2092ACCBFF5
:10A3A000373330330B748C42F2D130BDC22070474A
:10A3B00008B50C4A01210C4B18201A6002F064F811
:10A3C0000121172002F060F80021182002F0E0F8C7
:10A3D0000021172002F0DCF8044B43F2D2021A608D
:10A3E00008BD00BF004000583C3F00240040005220
:10A3F00010B5044618F09EF92146FFF7C5FF18F086
:10A400009FF904F11001FFF7BFFF18F09FF904F165
:10A410002001FFF7B9FF302010BD000008B54DF650
:10A420005972002107481DF02EFABFF34F8F0649DD
:10A43000064BCA6802F4E0621343CB60BFF34F8F50
:10A4400000BFFDE73C3F002400ED00E00400FA05FA
:10A4500010B50446F6F759F8204610BD064B10B566
:10A4600004460360806A08B116F08CF8201DFFF7DF
:10A47000EFFF204610BD00BF248F070810B504462B
:10A48000FFF7ECFFFC21204617F0DEFC204610BD54
:10A4900030B56623BDB00022122110A8CDE90232EA
:10A4A0003D233C22CDE9003142233B2113F012F839
:10A4B0003CAB2822482110A843F8DC2D4FF0FF3296
:10A4C000019306AB00934FF4005313F089F8134B3C
:10A4D00004460DF119020DF13D00194652F8045BD6
:10A4E000824243F8045BF9D11088188092789A7000
:10A4F0000B78B52B04D10A4B01221960094B1A7055
:10A5000010A813F0B1F8B4FA84F040093DB030BDA2
:10A5100010A813F0A9F822F02BFD00BF613F002422
:10A5200018000024603F002408B5054B1B780BB9C8
:10A53000FFF7AEFF034B1B68B3F8070008BD00BF71
:10A54000603F00241800002408B5054B1B780BB9A8
:10A55000FFF79EFF034B1B68B3F8090008BD00BF5F
:10A56000603F002418000024074B1B7810B50446F8
:10A570000BB9FFF78DFF054B06201B6853F80B2F17
:10A5800022609B88A38010BD603F00241800002437
:10A59000FFF7EABFFFF77CBF03680868184708B5F4
:10A5A000011DFFF7F9FF08BD044A0346C2600022FF
:10A5B00003C99A6083E80300704700BF1877070853
:10A5C00013B50446CDE900126946FFF7EDFF2046BA
:10A5D00002B010BD10B50446FFF7F2FF204610BDD3
:10A5E00008B5FFF7DCFF08BD08B5FFF7F9FF08BDA8
:10A5F00070B590F8343105461446F3B90368DB6949
:10A60000984704F4706304F00F02B3F5407F04F040
:10A61000F0030CBF07210821302B0CBF02230123BC
:10A62000012A08D0901E42424241A869BDE870400C
:10A63000006813F0E5B80222F7E770BD10B590F896
:10A64000343104462BB9A369186813F01DF90028AA
:10A65000F9D010BD38B590F834510446A5B98369D6
:10A660005BB1186848B10368DB689847A3690421A7
:10A670001D60A06917F0E8FBA5610023C4F828312C
:10A68000C4F82C31C4F8303138BD13B590F83431EA
:10A6900004466BBBA369186813F0CAF840B316F000
:10A6A0006DFDA36901220DF10701186803685B695C
:10A6B0009847D4F83031B3F5807F16D0D4F83031D4
:10A6C000B3F5807F11D0D4F828319DF807202344BA
:10A6D00083F82820D4F828310133DBB2C4F82831BC
:10A6E000D4F830310133C4F8303116F05DFDD1E7D4
:10A6F00002B010BD08B590F834313BB1012001F033
:10A700007FFE0648BDE8084001F071BA82691AB1BF
:10A710001368003318BF0123184608BDFC49002404
:10A7200070B504460D4601F062FA30B1236829463F
:10A7300020461B6CBDE87040184770BDA0F5A070A6
:10A74000EEE7000013B590F8343104468DF8071099
:10A750002BB1C9B20B48FFF7E3FF02B010BDA369EC
:10A76000186813F091F80028F9D0A36901220DF1BF
:10A770000701186803681B699847013018BF01205A
:10A78000EBE700BFFC4900242DE9F041074688466D
:10A79000164601F02CFA70B10024A6420CD9351BE4
:10A7A00008EB04013846402D28BF40252A462C449A
:10A7B00000F06AFFF1E704462046BDE8F081A0F50D
:10A7C000A070E1E770B590F8343105460E461446A6
:10A7D0002BB10F48FFF7D8FF0446204670BDAB6988
:10A7E000186813F051F80028F9D0AB6901211868F6
:10A7F000D0F8883088301B6B9847AB6922463146C9
:10A80000186803681B699847013008BF0024E4E713
:10A81000FC49002430B50446C3B001F0D5F9054623
:10A82000D4F85832C3F58073984203DDD4F85852F7
:10A83000C5F580752A4601AB02A9204601F01AF839
:10A84000019902AB00226D1A1D44D4F85832B3F5B9
:10A85000807F19D08A4217D0D4F85832B3F5807F60
:10A8600010D0D4F85032A85C234483F85001D4F8B7
:10A8700050320133DBB2C4F85032D4F858320133CD
:10A88000C4F858320132E0E743B030BD38B5044671
:10A8900000F0E0FB2046FFF7BDFFD4F858522046F9
:10A8A00000F0E0FB284638BDA0F5A070EEE7000000
:10A8B00010B590F8343104462BB10648FFF7E6FF97
:10A8C0000446204610BD16F059FCD4F8304116F06D
:10A8D0006BFCF6E7FC49002438B5044600F0BAFBEF
:10A8E0002046FFF797FFD4F858324BB1D4F85432D2
:10A8F000234493F85051204600F0B4FB284638BD5D
:10A900004FF0FF35F7E7A0F5A070E5E710B590F838
:10A91000343104462BB10B48FFF7DEFF04462046D6
:10A9200010BD16F02BFCD4F830313BB1D4F82C011B
:10A93000044494F8284016F037FCF0E74FF0FF3459
:10A94000F9E700BFFC49002438B5044600F082FB5B
:10A950002046FFF75FFFD4F85832A3B1D4F8543241
:10A96000234493F85051D4F854320133DBB2C4F885
:10A970005432D4F85832013BC4F85832204600F023
:10A9800071FB284638BD4FF0FF35F7E7A0F5A07002
:10A99000DAE7000010B590F8343104462BB11148C5
:10A9A000FFF7D2FF0446204610BD16F0E7FBD4F8AF
:10A9B00030319BB1D4F82C31234493F82800D4F8DB
:10A9C0002C310133DBB2C4F82C31D4F83031013BE7
:10A9D000C4F83031044616F0E7FBE4E74FF0FF34EB
:10A9E000F9E700BFFC49002438B51D46036804465A
:10A9F0001B6A984795B1B4F92230094AC3F3031191
:10AA000003F00F0352F82110064A52F82330CA68A7
:10AA10005B4303EB430322EA0303CB6038BD00BF73
:10AA200030770708F0AB070808B54FF480720021B3
:10AA300025F0D6FD0022C0F80021C0F80421C0F89E
:10AA4000082108BD10B4D0E9003409686210E40799
:10AA50005DF8044B01EB020044BF8A58D3581847F5
:10AA60000146043008B5FFF7EDFF08BD034A034671
:10AA7000C26007C983E80700704700BF2477070852
:10AA800010B586B004460391684606A980E80C001C
:10AA900001E90C00204603A9FFF7E8FF204606B0B5
:10AAA00010BD37B56C46054684E80C0094E80C00F0
:10AAB000FFF7E6FF284603B030BD000070B590F800
:10AAC000343186B004460E46002B3BD1856925B94A
:10AAD000042017F085F9A0610560A369186850BBD0
:10AAE0008C2017F07DF93346B4F922200546B4F9DD
:10AAF000201013F0B1F9A3691D60B4F92420531C90
:10AB000006D0A0690321B4F92630006813F0B4F927
:10AB1000A3691D68B5B1114B0026214602A8009318
:10AB20006B4601960CCBFFF7BCFF324602A92846C4
:10AB300012F018FF03E0314612F04FFEDDE702A8E5
:10AB4000F5F7A1FD06B070BD8C21284617F07CF901
:10AB500022F00EFA02A8F5F796FDF9E78BA6040895
:10AB600008B5FFF77DFF08BD08B5FFF7F9FF08BD81
:10AB70002DE9F84300242D4D4FF47A782C4F2026F0
:10AB800005F128002F60EC61C5E90148C5E90564BD
:10AB9000FFF74AFF01230E2085F8343101F004FC51
:10ABA000244D81460D2001F0FFFBA5F820904FF6C3
:10ABB000FF79688405F128002F60EC61A5F82490E6
:10ABC000A5F82690C5E90148C5E90564FFF72CFF03
:10ABD00085F834411A23184D2B841B2305F12800D6
:10ABE0002F606B84EC61A5F82490A5F82690C5E948
:10ABF0000148C5E90564FFF717FF85F834411923BB
:10AC00000E4D2B847E2305F128002F606B840F23CB
:10AC1000EC61AB841F23C5E90148C5E90564EB84F9
:10AC2000FFF702FF85F83441BDE8F8833043002484
:10AC300064770708883F0024C0400024F8410024BE
:10AC4000002070477047704710B5D0F88C452CB184
:10AC500023682046DB6A9847A468F8E710BD38B53A
:10AC60000D46D0F88C4534B1236820462946DB6870
:10AC70009847A468F7E738BD004870472878070868
:10AC8000054B10B50446036014F089FB204614F010
:10AC900097FC204610BD00BFA877070810B50446F2
:10ACA000FFF7EEFF4FF4B261204617F0CDF82046D3
:10ACB00010BDF7B5002305460E46D0F88C45A4B16B
:10ACC000236831460DF1030220461F6901ABB847E6
:10ACD0009DF803100346042905D0019A284613F075
:10ACE0006DFE03B0F0BDA468E9E7019A9DF803107A
:10ACF000F4E770B505460E4622B10021BDE870406C
:10AD000013F068BCD0F88C455CB123680022314652
:10AD100020465B69984710B101212846EEE7A468F8
:10AD2000F2E72146F9E770B50E460546D0F88C45A6
:10AD300000213CB12368314620469B699847A468AE
:10AD40000146F6E72846BDE8704013F037BDF8B578
:10AD500005460E461746D0F88C453CB12368204680
:10AD60003A463146DB699847A468F6E72846012150
:10AD7000BDE8F84013F080BD70B5002186B00446F0
:10AD800013F067FF00234FF48975A188EF26ADF813
:10AD900006302389ADF8045002258DF810301B0AC7
:10ADA000E2888DF8113040F201238DF80750ADF89C
:10ADB000123040F203138DF809500125ADF814301C
:10ADC00004F10A038DF8086005AE8DF80A501C46A0
:10ADD0008DF80C1001AD090A8DF80E20120A8DF8BD
:10ADE0000B008DF80D108DF80F202A46083303CA8A
:10ADF000B24243F8080C43F8041C1546F5D11288FA
:10AE000020461A8006B070BDF8B5002406460D46EF
:10AE10002746304626F094FAA04207D9335D05F85C
:10AE2000143005EB440301345F70F2E7400000F09A
:10AE3000FE00F8BD38B50446D0F88C5535B12B6806
:10AE400028465B6A984710B9AD68F7E7284640F294
:10AE5000023304F24A51A4F84835FFF7D5FF94F8BD
:10AE60004835184484F8480504F5A96038BD000049
:10AE700040F2023300F20A5110B50446A0F808353A
:10AE80000548FFF7C1FF94F80835184484F8080511
:10AE900004F5A16010BD00BF9077070840F20233AF
:10AEA00010B50446A0F8C83400F2CA40FFF7A0FA73
:10AEB00094F8C834184484F8C80404F5996010BDA7
:10AEC0002DE9FF4100231D4A044600F54E788DF818
:10AED0000A30092590F888350192FA228DF8083059
:10AEE00001238DF80C208DF80930C0238DF80B302C
:10AEF00001AB03CBC4F83803C8F8041088F8082065
:10AF0000D4F88C658EB13368002130469B68984731
:10AF1000478805F54E7300F10901093FE0183A46EC
:10AF20003D4425F05FFAB668ECE784F83A534046B2
:10AF30002D1284F83B5304B0BDE8F0810902FFFFF5
:10AF400073B504460D4616461EF094FD4FF480730B
:10AF500001462A4620460093334614F0EDFA024B90
:10AF60002046236002B070BDA877070810B5D0F85E
:10AF70008C350446A3B9C0F88C1594F8883508467A
:10AF80004A790B7194F88835134484F888350B6836
:10AF90009B6A9847238918442081012010BD1346DD
:10AFA0009A68002AFBD19960E7E71FB5044613F0C1
:10AFB0004BFE0146684613F067F84021684613F0DF
:10AFC000D5F8D4F88C4534B12368694620461B6A0D
:10AFD0009847A468F7E7684613F05DF804B010BD21
:10AFE000684613F058F821F0C3FF10B50446FFF788
:10AFF000DCFF2046BDE8104013F00DBE38B5FFF76A
:10B0000093FA0446FFF7A0FA05460E480378BFF30B
:10B010005B8FDB070FD416F0A1FC60B12A462146F6
:10B020000948FFF78DFF074816F0BAFC074A0849A0
:10B03000054816F083FC044838BD024816F0B8FEF7
:10B0400021F096FF684400246C4400240000002492
:10B0500081AC040810B5FFF7D1FF0368BDE81040CC
:10B060005B6F184710B5FFF7C9FF0368BDE81040D4
:10B070009B6F184710B5FFF7C1FF0368BDE810408C
:10B08000DB6F184713F086B913F09AB913F072B951
:10B09000704770477047436A93F878007047D0F85C
:10B0A00024017047012070470048704780790708E5
:10B0B0002DE9F04F97B004460F464B22002103A81C
:10B0C00025F08EFAD4F824312679002B637B06F123
:10B0D000010594F80EA014BF05200020EDB294F8ED
:10B0E0000C900193002F40F0978040F2092301213A
:10B0F0008DF8250042F20540ADF80C304FF4817315
:10B100004FF0240C4FF0090EADF8103080230427C7
:10B110004B228DF8133032238DF821104FF0100898
:10B120008DF8143008238DF824104FF0030B8DF8A0
:10B1300015300B23ADF8260005208DF8163040F2AF
:10B1400002238DF82A101D34ADF8183002238DF833
:10B150002D108DF82F1006218DF80E208DF8176018
:10B160008DF81A308DF81DE08DF81F608DF82230B3
:10B170008DF823308DF82B008DF82CC08DF831C060
:10B180008DF832308DF833108DF834008DF835C0DD
:10B190008DF81E708DF829808DF82EB08DF83070E6
:10B1A0008DF8361007218DF8376044F203068DF8CC
:10B1B00039108DF8491044F202018DF83850ADF87D
:10B1C0004C1040F207518DF8425040F60225ADF880
:10B1D00050109DF804108DF8533040238DF83A003C
:10B1E0008DF84A0020468DF8521003A98DF83BA037
:10B1F000ADF83C608DF83F808DF840E08DF84170EF
:10B20000ADF844508DF84B908DF8543025F0EAF8A5
:10B21000204617B0BDE8F08F0020FAE738B50B4B99
:10B220000546044645F8D03BFFF7E8FE14F0B7F8B2
:10B23000284613F035F804F17C0013F031F804F1DE
:10B24000700013F02DF8204638BD00BF4079070884
:10B2500010B50446FFF7E2FF4FF49471204616F054
:10B26000F3FD204610BDFFF705BF0000034B10B5EE
:10B270000446036012F0D0FE204610BD7078070827
:10B2800010B50446FFF7F2FF2821204616F0DCFD3A
:10B29000204610BD034B10B50446036012F0BCFEFF
:10B2A000204610BD4078070810B50446FFF7F2FFAE
:10B2B0003421204616F0C8FD204610BD034B10B5C2
:10B2C0000446036012F0A8FE204610BD5878070817
:10B2D00010B50446FFF7F2FF3821204616F0B4FD02
:10B2E000204610BD38B51C4B0D4604464022196857
:10B2F000C0F80F1099889B79A0F8131002214375AC
:10B30000284612F029FF402220730221284612F01D
:10B3100028FF402260730321284612F01DFFA0730E
:10B32000284612F0B9FE20B9AF220C490C4815F09E
:10B330002DFE002304F18502C4E9322304F1D90271
:10B3400084F8783084F8843084F8D830C4F81C212C
:10B35000C4F8203138BD00BF8C7807081B79070876
:10B36000267907082DE9F34104460E461546FFF7F6
:10B3700081FEF28823799A4237D1002D35D1777832
:10B38000012F2ED1F378202B27D13289072A24D1FF
:10B3900004F10F0804F116054046294624F0F0FF99
:10B3A000D0B1D4F81630C4F80F30638B207CE17B29
:10B3B000A4F8133001EB0021E57C607C237F01EBD6
:10B3C00000410095A07C2568637501EB0061237D39
:10B3D0002046627D6D6BA8473D46F378212B08BF60
:10B3E0000125284602B0BDE8F0810025F9E710B537
:10B3F0000446FFF73FFEFFF701FE217B13F06CFED2
:10B4000004F1850304F17C00C4F8C8300023C4F8BB
:10B41000CC3084F8843012F0F8FE94F884302BB9E4
:10B4200023682046DB6BBDE81040184710BD0000C4
:10B4300070B50446FFF71EFED4F820512DB140F23E
:10B44000DD120F490F4815F0A1FD04F1D903C4F82E
:10B450001C31FFF7D3FD617B13F09CFD84F8D850BD
:10B46000C4F8200104F1D00012F0CFFE94F8D830D7
:10B470002BB9236820469B6BBDE87040184770BD10
:10B480001B7907089878070802232DE9F0414371DA
:10B4900000230446054683609046144B04F17C0665
:10B4A00045F8703B284612F0A3FE304612F0A0FE8D
:10B4B00004F1D007384612F09BFEC4F82481FFF750
:10B4C0009DFD2146FFF752FD0CE0384612F0E8FEE4
:10B4D000304612F0E5FE284612F0E2FE21F048FD6B
:10B4E000F6E7F8E72046BDE8F08100BF407907089D
:10B4F00070B504460D46FFF7BDFD84F87850002D69
:10B500003ED194F8843033B1FFF778FD217B13F0FE
:10B51000BBFB84F8845004F1850304F17C0600250C
:10B520003046C4F8C830C4F8CC5012F06EFE304635
:10B5300012F064FE28B94FF4A2721449144815F0B1
:10B5400025FD94F8D83033B1FFF758FD217B13F077
:10B550009BFB84F8D85004F1D90304F1D005C4F85A
:10B560001C3100232846C4F8203112F04EFE284634
:10B5700012F044FE20B94FF4A77204490548DEE7F3
:10B5800004F17000BDE8704012F03FBE1B7907085F
:10B59000A6780708B778070810B50446FFF76AFDD4
:10B5A00000212046BDE81040FFF7A2BF38B50D4688
:10B5B0000446FFF75FFD042D05D020460021BDE8BD
:10B5C0003840FFF795BF38BDF8B5164604460D461E
:10B5D0001F46FFF74FFD0423EA88337023799A4210
:10B5E00025D16978012922D1EA78212A08D0222A96
:10B5F0000BD0202A4FF000001BD13070163401E030
:10B600000F34317007203C60F8BDAB88204613F042
:10B61000010308BF1946FFF76BFFAB8803F0010376
:10B62000E366AB8803F00203A366022333700020B5
:10B63000EAE703233370E7E710B58AB00446FFF763
:10B6400009FD684612F0D8FC0D4B694604F1700004
:10B650000093099412F0F1FD2046FFF703FD094B1A
:10B66000002168461A6812F08DFC6846FFF7FEFD5F
:10B670000AB010BD6846FFF7F9FD21F079FC00BF64
:10B68000707807089478070870B58EB004460E46A7
:10B690001546FFF7DFFC01A812F0AEFC114B01A923
:10B6A00004F17C00019300230C958DF83430CDE932
:10B6B0000A4612F0C2FD2046FFF7D4FC0A4B0021D7
:10B6C00001A81A6812F05EFC04E001A8FFF7E2FD91
:10B6D00021F04EFC9DF8344001A8FFF7DBFD204629
:10B6E0000EB070BD407807089478070810B504467E
:10B6F000FFF7C0FC94F884307BB9D4F8CC3063B148
:10B70000FFF77CFCD4F8CC3004F18502217B13F0E8
:10B7100081FC10B1012384F8843010BD2DE9F84379
:10B720001E460446894690469DF82070FFF792FC1D
:10B730000023336094F87830E3B194F88430CBB9C7
:10B74000D4F8CC50C5F14005454528BF4546B8F171
:10B75000000F05D02A464946D4F8C80024F042FE1E
:10B76000D4F8CC302B44C4F8CC30356017B1204627
:10B77000FFF7BCFF2046BDE8F843FFF773BCF0B508
:10B780000446406A85B0012690F878502DB984F8B7
:10B7900030503546284605B0F0BD04AB0027D4E94B
:10B7A0000A1243F8047D0096FFF7B8FF0399E36A95
:10B7B000A26A5B1A0A44E362A26213B984F8306099
:10B7C000E8E7606A3D46FFF791FFE3E72DE9F043C4
:10B7D0001C4691B0054689469046FFF73BFC002C7D
:10B7E0004FF0000602A806BF01AC01270027266023
:10B7F00012F002FC134B02A905F1D00002938DF860
:10B800003C708DF83D60CDE90B59CDE90D8412F007
:10B8100014FD2846FFF726FC0B4B314602A81A6898
:10B8200012F0B0FB04E002A8FFF748FD21F0A0FBF6
:10B830009DF83D4002A8FFF741FD204611B0BDE84C
:10B84000F08300BF587807089478070810B5D0F83F
:10B85000203104466BB990F8D83053B9FFF7CEFBCE
:10B86000402304F1D902617B13F036FB012384F8F5
:10B87000D83010BD70B504461E460023084633601C
:10B8800094F87830EBB194F8D830D3B9D4F820518B
:10B89000D4F81C11954228BF15462A4624F0A2FD73
:10B8A0003560D4F81C31D4F820212B44551BC4F842
:10B8B0001C31C4F8205125B92046BDE87040FFF77F
:10B8C000C5BF70BD37B50446406A90F878502DB9B1
:10B8D00084F835500125284603B030BD02AB002264
:10B8E00043F8042DD4E90A12FFF7C4FF0199A26AB4
:10B8F0000A44A262226B13680B4413600199E36A45
:10B900005B1A94F83410E36209B9126802B91BB9E2
:10B91000012384F83530DEE7606A0025FFF796FFE3
:10B92000D9E710B50446F4F7A7FE204610BD10B4C1
:10B93000D0E9003409686210E4075DF8044B01EBBC
:10B94000020044BF8A58D35818470146043008B54E
:10B95000FFF7EDFF08BD0000034A0346C26007C9B8
:10B9600083E80700704700BF8078070810B586B0ED
:10B9700004460391684606A980E80C0001E90C0022
:10B98000204603A9FFF7E8FF204606B010BD37B5F3
:10B990006C46054684E80C0094E80C00FFF7E6FFCF
:10B9A000284603B030BD0000F0B58BB00546FFF768
:10B9B00061FB06ACFFF722FBAF7B06460021204669
:10B9C000FFF7AFFF0094032340223946304613F0BF
:10B9D00049FD2046F4F757FEFFF710FB214B0646C2
:10B9E0002F7B0293002329462046039302AB0CCB06
:10B9F000FFF7CDFF0094022340223946304613F072
:10BA000031FD2046F4F73FFEFFF7F8FA164B0646E5
:10BA10006F7B0493002329462046059304AB0CCB8F
:10BA2000FFF7B5FF0094022340223946304613F059
:10BA300019FD06E02046F4F726FE21F099FAF9E711
:10BA4000F8E72046F4F71FFEFFF7D8FA4023D5F8B1
:10BA50001C21697B13F040FA012085F8D8000BB057
:10BA6000F0BD00BFEFB3040831B4040808B5FFF718
:10BA70006CFF08BD08B5FFF7F9FF08BD6FF01500B2
:10BA8000704700290CBF6FF018000020704701209C
:10BA900070476FF0150070476FF015007047112068
:10BAA000704770477047704703689B6C1847A0F554
:10BAB000A070F9E7704770477047704710B50446AB
:10BAC000012000F09DFC94F8780010BDA0F5A07056
:10BAD000F4E7000038B54FF0FF320123FF210B4897
:10BAE00016F055FB0A4D00F079FC044695F87830C5
:10BAF0001BB1012000F084FCF8E700F06FFC001B94
:10BB0000C728F6D9BDE83840FEF788BCB44C0024FD
:10BB1000FC49002407B502AB012243F8041D194675
:10BB2000FFF7B2FD18B1019803B05DF804FB4FF0C8
:10BB3000FF30F9E7A0F59470FFF7ECBF07B50023DD
:10BB400002A9012201F8013DFFF740FE20B19DF856
:10BB5000070003B05DF804FB4FF0FF30F9E7A0F5F4
:10BB60009470FFF7EBBF2DE9F8430446884617466B
:10BB70001E46089DFFF77EFAD4F87092B9F1000FC7
:10BB800004D02B46324639464046C847C4F8608246
:10BB9000C4F86472C4F86862C4F86C52BDE8F883F3
:10BBA000B0F5966F03D10121014816F0CFBA704766
:10BBB000B44C0024006870470C30704708B5FFF79C
:10BBC000FBFF0023036008BD38B50546FFF742FAC6
:10BBD00095F8D8304BB9D5F82041402C28BF4024E7
:10BBE0002846FFF73FFA204638BD0024F8E790F8D2
:10BBF00078007047114B03F1780270B5036004467A
:10BC0000C0F8282100F51D7603F1D80200F52D7546
:10BC1000E833C0F82C21C0F84031AE4204D0103DCA
:10BC20002846F4F730FDF8E704F5947014F030FE80
:10BC30002046FFF7F3FA204670BD00BF447A07089C
:10BC4000A0F59470FFF7D6BFA0F59670FFF7D2BFAE
:10BC500010B50446FFF7CEFF4FF42E71204616F0C4
:10BC6000F3F8204610BDA0F59670FFF7F1BFA0F5E0
:10BC70009470FFF7EDBF00002DE9F74304461E4620
:10BC8000884615461DF0F6FEBDF82C3004F5947775
:10BC9000014601932A46BDF82830204600933346DA
:10BCA000FFF7F2FB0021384614F0C8FD4FF47A7319
:10BCB000002504F51D7904F5A870C4F8483129461B
:10BCC000204B4E46C4F8445103F178022360C4F877
:10BCD000282103F1D802E833C4F82C214FF48072F4
:10BCE000C4F8403124F07CFCC4F85052C4F85452DB
:10BCF000C4F8585204F52D7530461036F4F7BCFCE4
:10BD0000B542F9D10023C4F8B432C4F87032B8F1A6
:10BD1000000F13D02046FFF78FFC0FE04D4504D0F5
:10BD2000103D2846F4F7AFFCF8E7384614F0B0FDB4
:10BD30002046FFF773FA21F01BF9F9E7204603B01C
:10BD4000BDE8F083447A0708884238B5044606D037
:10BD50000D46F4F7DAFB20462946F7F7B1FC2046FA
:10BD600038BD08B5FFF728FF0068003018BF012074
:10BD700008BD000010B50446FFF7F3FF28B940F2F4
:10BD800002220649064815F001F9E068FFF712FFA4
:10BD900003462046BDE81040184700BF257A070833
:10BDA000307A0708F8B506460025FFF763F906F56F
:10BDB0001D74D6F8B432AB420AD920462746FFF7A5
:10BDC000D0FF103420B138460135FFF7D3FFF0E73C
:10BDD000F8BD0000044BC36003460A6843F8042B17
:10BDE000002242605A607047A479070813B50446E0
:10BDF000019121B9FFF7E2FE204602B010BD01A972
:10BE0000FFF7E8FFF8E710B4D0E9003409686210E2
:10BE1000E4075DF8044B01EB020044BF8A58D35895
:10BE200018470146043008B5FFF7EDFF08BD0000D4
:10BE3000034A0346C26007C983E80700704700BF92
:10BE40009879070810B586B004460391684606A99C
:10BE500080E80C0001E90C00204603A9FFF7E8FF89
:10BE6000204606B010BD37B56C46054684E80C0088
:10BE700094E80C00FFF7E6FF284603B030BD000051
:10BE80002DE9F04188B00446FFF7E4F8384B20462E
:10BE9000C4F87032FFF7E6F8364B04A82146029347
:10BEA0000023039302AB0CCBFFF7DDFF2046FFF727
:10BEB000D1F8D4F8B402032803D92046FFF7D2F80A
:10BEC0000AE0431C04EB001004A9C4F8B43200F5E6
:10BED0001D70FFF739FFF0E704A8F4F7D4FBBC208E
:10BEE00015F07EFF05460646234B05F1400746F850
:10BEF000043B3046F4F7C0FB0021384616F0ECF95D
:10BF000005F15408404616F085F91C4B4FF4807239
:10BF1000182128460093002316F06EFA184904A849
:10BF2000C4F85C52FFF762FF04A9284616F02EFB06
:10BF300010E0404616F0AEF9384616F00CFA3046DE
:10BF4000F4F7A1FBBC21284615F07EFF21F010F884
:10BF5000F2E7F4E704A8F4F796FB2046FEF75AFC54
:10BF600008B0BDE8F08104A8F4F78DFBEEE7FAE72E
:10BF7000A1BB040815A80408B0A00708B0790708F9
:10BF8000D5BA0408A0F5A070FFF77ABF0368184778
:10BF900008B5FFF7FBFF08BD08B5FFF742FF08BD76
:10BFA00008B5FFF7F9FF08BD37B50F4C0F4D204618
:10BFB00016F0BCF82A460E49204615F0BFFC42F2A6
:10BFC000120301220B4CCDE9003200224FF4F8534A
:10BFD00020461146FFF750FE2A460749204603B087
:10BFE000BDE8304015F0AABCB44C00240000002489
:10BFF00059210608FC490024F5BB040808B522F0C5
:10C0000065FE2DE9F04F027D85B005460E46012AFA
:10C0100040F08E8000214FF0FF3B04460B465F4608
:10C0200094F804C048B2BCF1000F73D194F805C075
:10C03000BCF1000F6ED1B7F1FF3F17BF01330123F1
:10C0400038465BB2934201DD1A4683460131023421
:10C0500008295DD1002402EB0B03A1460293CB45D6
:10C0600002DC029B4B4558DC95F8058095F804A04E
:10C070004FEA281708F00F080AF00F035FEA2A1AA0
:10C08000FAB201926FD05FFA8AF1BAF1090F304625
:10C090000393D4BF3031573100F0D9F8039B0444E7
:10C0A000092B3046039394BF03F1300103F157018C
:10C0B00000F0CDF80444BAF1000F02D1039B03B99C
:10C0C0004FB1092F019F3046D4BF30375737F9B2EF
:10C0D00000F0BDF80444B8F1090F304694BF08F1F0
:10C0E000300108F1570100F0B2F8B9F1070F04442C
:10C0F00004D03A21304600F0AAF8044409F10109BD
:10C100000235B9F1080FAAD1204605B0BDE8F08F7D
:10C11000074685E74FF0FF3098E7CB45EED1BBF1FE
:10C12000000FE6D13A21304600F091F80444E0E7F0
:10C1300000F1100700F11309002417F8011B0A226F
:10C14000304600F0C1F880462E21304600F07FF8DE
:10C15000B94540440444F0D10A22E97C304600F05D
:10C16000B3F80444D0E7002B9AD1A9E7054B10227D
:10C1700010B50446036001750021043024F030FA44
:10C18000204610BD607B070810B504460021FFF76C
:10C19000EDFF204610BD000070B5074D83740560AB
:10C1A00000259DF81030057545608560C5600174F7
:10C1B0004274C37470BD00BF607B0708037D13B970
:10C1C0001031084470470431FBE7000007B5012136
:10C1D0000648FFF7CBFF002305481A46194600938F
:10C1E000FFF7DAFF03B05DF804FB00BFC84C002482
:10C1F000E04C00242DE9F04106460D4601EB020813
:10C200000C464445A4EB050707D03368304614F8C4
:10C21000011B1B6898470028F3D13846BDE8F08120
:10C2200070B5044608460D4625F08AF82368024694
:10C23000294620465B68BDE87040184709B1FFF702
:10C24000EFBF0846704708B5FFF7F8FF08BD036861
:10C250001B6818470149FFF7E3BF00BFA6AD0708F9
:10C2600038B50546FFF7EAFF04462846FFF7F2FF18
:10C27000204438BD70B58AB00D460023012A98BF0E
:10C280000A220AA901F8043DB5FBF2F402FB145698
:10C290002546F3B2092E94BF30333733DBB201F8B1
:10C2A000013D002CF0D1FFF7C9FF0AB070BD10B4FA
:10C2B0002AB90368C9B25DF8044B1B681847D2B2AB
:10C2C0005DF8044BFFF7D6BFFFF7F1BF10B504468A
:10C2D00000F084F8E060236820465B6998470028F6
:10C2E00008DA00F07BF8E368C01AA3689842F2D33A
:10C2F0004FF0FF3010BD2DE9F04180460D468F18FC
:10C300000C46BC42A4EB050607D04046FFF7DEFF13
:10C31000002802DB04F8010BF3E73046BDE8F081AA
:10C32000704713B5002000900EF0C0F8044610B11D
:10C33000009802B010BD01AB042269460EF094F8DB
:10C3400020460EF0B5F8F3E710B500F05DF80A4CA2
:10C35000FEF72EF8FEF752FEFEF747FE4FF4E131EE
:10C360000648FFF78DFDF4F77BF9F4F77FF9002C11
:10C37000FBD0AFF30080F8E700000000FC49002488
:10C3800070B505460024074EFEF710F8E3B2984258
:10C3900006D918461B010134F35EAB42F4D170BDDF
:10C3A000FF20FCE71C00002410B50446FDF7FEFF4B
:10C3B00084423BBF2401024B4FF0FF30185F10BD99
:10C3C0001C00002410B5044611F0F2FB204610BDFD
:10C3D00010B5044611F0ECFB204610BD07B5074927
:10C3E000684611F022FC4FF47A720023DDE9000167
:10C3F00021F016FB03B05DF804FB00BFF84C0024ED
:10C4000015F0B0BF15F06EBE08B5044811F0DAFBA8
:10C410000348BDE8084011F0D5BB00BF104D002413
:10C42000F84C002415F0AEBF38B50A4C0A4D204632
:10C4300011F038FC2046094C2A46094915F07EFACD
:10C44000204611F03AFC2A4620460649BDE838400D
:10C4500015F074BA104D002400000024F84C00249C
:10C46000D1C30408C5C3040870B504460D4616467A
:10C4700000211C2224F0B4F820463246294613F04D
:10C480006DFC204670BD00002DE9F04104460E46CB
:10C49000FDF78CFF84423CD21F4D2701EA19D0687A
:10C4A00010B11C2115F0D0FC2046FFF77DFF80461F
:10C4B0001C2015F095FC044600211C2224F090F865
:10C4C0004146204613F047FCEB19012EDC6010D0EA
:10C4D00006D3022E12D0204610F039FE022103E0CE
:10C4E000204610F034FE00212046BDE8F04110F057
:10C4F0003BBE2046BDE8F04110F01CBE204610F0C7
:10C5000026FE0121F0E71C21204615F09DFC20F0BD
:10C510002FFDBDE8F08100BF1C00002430B589B0BC
:10C5200004460D46FFF72CFFC0B2FF2804D0294671
:10C53000FFF7AAFF09B030BD012D14D00AD3022D98
:10C540001CD00222214601A8FFF78EFF01A813F09C
:10C55000A1FBEFE70022214601A8FFF785FF01A814
:10C5600013F098FBE6E71C22002101A824F038F81C
:10C570000022214601A813F0F3FBDBE7012221464C
:10C5800001A8FFF771FF01A813F084FBD2E70000B8
:10C590002DE9F34106460F46FDF708FF86422AD2F1
:10C5A0001B4D4FEA061805EB0802D468ACB93046BB
:10C5B000FFF7FAFE06461C2015F012FC04461C226A
:10C5C000002124F00DF80097002301223146204677
:10C5D00013F0DFFB05EB0803DC600E4B0E491A4637
:10C5E000D3F894008842FBD123683FB1A1680B6067
:10C5F0004FF44073536102B0BDE8F081E1681B0461
:10C60000F5E71C21204615F01FFC20F0B1FC00BF0F
:10C610001C0000240064025800030080F7B50646A1
:10C62000FDF7C4FE864222D2154D3701EA19D468BF
:10C63000A4B93046FFF7B8FE06461C2015F0D0FB23
:10C640001C220021044623F0CBFF00233146204664
:10C6500000931A4613F09DFBEB19DC6063681A68BF
:10C6600023681A4214BF0120002003B0F0BD00204F
:10C67000FBE71C21204615F0E7FB20F079FC00BF0A
:10C680001C00002410B588B00446FFF779FEC0B244
:10C69000FF2805D0FFF7C2FF0446204608B010BDB2
:10C6A0001C22002101A823F09BFF214601A813F0C2
:10C6B00052FB029B01A81A68019B1A4214BF012475
:10C6C000002413F0E7FAE8E71EF0040F0CBFEFF3C5
:10C6D0000880EFF30980816911F8021C002932D12A
:10C6E00001B590E80F10E047BDE800508CE803006A
:10C6F000244B93E80600914208BF70471A6041B985
:10C700001EF0100F10D1204B186820F001001860A7
:10C710000AE02CE9F00F1EF0100F08BF2CED108A74
:10C7200081F822E0C1F838C0906B92F8221061F0D5
:10C73000FF0E1EF0100F08BFB0EC108AB0E8F00F2B
:10C7400080F309887047114A13689942FAD801B5F5
:10C7500052F821C00FC8E047BDE80050CCF80000F7
:10C76000704701B501F0D4FBBDE80140EFF3098C3F
:10C77000BEE701B501F090FBBDE80140EFF3098C85
:10C78000B6E70000500C002434EF00E02C7C0708D2
:10C79000014608B530B96FF0030000F01DFA6FF0E4
:10C7A000030008BD132001F0ABFF30B94FF0FF309C
:10C7B00000F012FA4FF0FF30F3E70020F1E700003D
:10C7C00008B5EFF305832BB9EFF3108313B9EFF33B
:10C7D000118333B16FF0050000F0FEF96FF0050032
:10C7E00008BDDFF808C000DFFAE700BF91C7040802
:10C7F000EFF310832BB9EFF31180003818BF01203D
:10C8000070470120704710B520B10378F32B01D198
:10C81000002906DA6FF0030102F05CFA6FF0030002
:10C8200010BD00F10C0353E8000F20EA010243E8B9
:10C83000002404B1F7E7F3E738B50546A0B18468F2
:10C8400002686CB114F0030302D1C1680F2926D825
:10C8500000246FF00801002002F03CFA204638BDA9
:10C86000C368002BF4D11546104BD3F8900078B173
:10C8700000F087FC0446A0B10123F322A37000233B
:10C88000656022700A4AC4E90233084B5A66E5E73C
:10C8900001221021D3F8800000F0FAFBEAE71546E8
:10C8A000EBE76FF0040102F015FAD7E73C0C002427
:10C8B0001DC90408930710B502F0010422D400F149
:10C8C0000C0384B153E8000F00EA01028A4203D04E
:10C8D000BFF32F8F002005E020EA010243E8002487
:10C8E00004B1EFE710BD53E8000F084203D1BFF3D6
:10C8F0002F8F002005E020EA010243E8002404B164
:10C90000F1E7EFE7C06801EA00031CB1994218BFE4
:10C910000020E7E7002B08BF0020E3E7F8B5054655
:10C92000846804B9F8BD94F823202846616AA76892
:10C93000FFF7C0FF064638B1204601F062FC002236
:10C940003146204601F0F6FD3C46EAE7F8B50D46D3
:10C9500017461E46044620B10378F32B01D1002967
:10C9600007DA20466FF0030102F0B4F96FF003001C
:10C97000F8BDFFF79FFF0028FAD186B1314643206A
:10C9800001F0BEFE40B1074B20465E69314601F022
:10C990001DFC756286F823706FF00100E8E76FF008
:10C9A0000200E5E73C0C002470B5054610B10378A1
:10C9B000F32B07D028466FF0030102F08BF96FF0DC
:10C9C000030070BD836863B1284601F011FC0022AA
:10C9D0006FF0020101F0AEFDA8680028F4D101F06B
:10C9E0008FFCAB78002613F001032E700FD0094B9B
:10C9F0002946D3F8904024B1204600F0DCFB3046B5
:10CA0000DFE7D3F8800000F078FB2046D9E718462E
:10CA1000D7E700BF3C0C00242DE9F041064620B1C9
:10CA20000378F32B01D1002909DA6FF003056FF0C9
:10CA30000301304602F04EF92846BDE8F08100F1CE
:10CA40000C0353E8002F42EA010543E8005000B10F
:10CA5000F7E7B4681CB9204601F052FCECE794F803
:10CA600023203046616AD4F80880FFF723FF074689
:10CA700078B194F823309B0756BF656A054620EAD3
:10CA80000505204601F0BDFB00223946204601F095
:10CA900051FD4446DEE70000024608B5EFF305838A
:10CAA00033B100206FF0050102F014F9002008BD39
:10CAB000FFF79EFE0028F4D11046DFF808C000DF23
:10CAC000F5E700BF39C80408024638B5EFF305831F
:10CAD0004BB192B96FF003046FF00301104602F0FE
:10CAE000F9F8204638BDFFF783FE0028F1D1104643
:10CAF000DFF82CC000DF0446F3E71378F32BE9D10D
:10CB00000029E7DB02F10C0353E8000F40EA0104BF
:10CB100043E8004505B1F7E7104601F041FAE0E7C8
:10CB200019CA0408024608B5EFF3058323B110467D
:10CB3000BDE80840FFF767BEFFF75AFE0028F6D1B0
:10CB40001046DFF808C000DF08BD00BF07C80408B2
:10CB500038B504461D46EFF3058343B18CB9204632
:10CB60006FF0030102F0B6F86FF0030038BDFFF775
:10CB70003FFE0028F2D120462B46DFF824C000DF1C
:10CB8000F4E72378F32BEAD1002DE8D10029E6DB86
:10CB90002046FFF78FFE002808BF6FF00200E5E790
:10CBA0004DC90408024608B5EFF305833BB11046B2
:10CBB0006FF0050102F08EF86FF0050008BDFFF779
:10CBC00017FE0028F3D11046DFF804C000DFF5E7B8
:10CBD000A9C90408704770477047EFF310832BB959
:10CBE000EFF31180003818BF012070470120704713
:10CBF000064BDA6A3AB1D0695B6C1BB11B6998428B
:10CC000028BF184670474FF0FF30F5E73C0C002472
:10CC1000014BD868704700BF3C0C002408B5094B95
:10CC20001A7A022A08D0032A0AD04FF0FF3002F005
:10CC300045F84FF0FF3002E0032200201A7208BDD1
:10CC40000120FCE73C0C002470B5464C237A012BF4
:10CC500000F0858033B14FF0FF3002F02FF84FF035
:10CC6000FF3070BD404DEB68E3652B8AD5E90B6161
:10CC7000A4F85430AB683046236400F0F1F908B1F1
:10CC8000C4F88060D5E90561304600F0E9F908B9DB
:10CC9000D4F880606667D5E90761304600F0E0F9B6
:10CCA00008B9D4F88060A667D5E90961304600F07C
:10CCB000D7F908B9D4F88060E6676E6B3EB1316889
:10CCC0003046D6E9022300F03BFAC4F88460AE6B2C
:10CCD0003EB131683046D6E9022300F031FAC4F89B
:10CCE0008860EE6B3EB131683046D6E9022300F031
:10CCF00027FAC4F88C602E6C3EB131683046D6E914
:10CD0000022300F01DFAC4F890606E6C3EB13168E9
:10CD10003046D6E9022300F013FAC4F89460AE6CF2
:10CD20003EB131683046D6E9022300F009FAC4F872
:10CD30009860EE6C3EB131683046D6E9022300F0CF
:10CD4000FFF9C4F89C602D6D3DB129682846D5E9EE
:10CD5000022300F0F5F9C4F8A0500123237200204B
:10CD60007FE700BF3C0C0024BC7B070870B5254D55
:10CD70002B7A012B07D06FF006004FF0FF3401F043
:10CD80009DFF204670BD01F01FFD10B94FF0FF3030
:10CD9000F3E71D4AFF231D4E82F8223092F822301D
:10CDA000D26863F0FF031A49C2F302227068DB43C2
:10CDB00014BFB3FA83F32023C3F12003934298BF37
:10CDC000531CFE2202FA03F30F4ADBB2D37701F0C1
:10CDD000D1FF04460028D9D102F024F8286102F0DE
:10CDE0000DF80C4801F004FA01F082FA3368DB0711
:10CDF0004CBF0223032383F31488BFF36F8F0223F6
:10CE00002B72BEE73C0C002400ED00E0BC7B070861
:10CE100073C70408580C002408B50A4B1A7A023A62
:10CE2000012A02D840B1012809D04FF0FF3001F0AB
:10CE300045FF4FF0FF3001E002221A7208BD0322C5
:10CE4000FBE700BF3C0C002410B50F4C237A022BEB
:10CE500013D101F0DBFF01236372BFF34F8F0B4A45
:10CE60005168C90003D54FF000615160A3720423DB
:10CE70002372BDE81040FFF7BBBE6FF0070001F062
:10CE80001DFF002010BD00BF3C0C002400ED00E0A1
:10CE900038B51E4C0546237A042B35D1FFF7A8FE82
:10CEA000E26AA842034694BF00F1FF332B4612B159
:10CEB000D069C01AD061626C12B11069C01A1061D9
:10CEC000E06803440544E360E368AB4213D1022306
:10CED0000020237201F014FA00236372BFF34F8F16
:10CEE000A27A22B1A3724FF08052094B5A60BDE87A
:10CEF000384001F083BF0133E36001F0BFF9236DD7
:10CF0000002BE1D09847DFE738BD00BF3C0C002480
:10CF100000ED00E0704738B504460D46FFF75AFEB5
:10CF200029462046BDE8384001F08ABE08B5FFF723
:10CF3000F1FFEFF3058333B16FF0050001F0BEFEA2
:10CF40006FF0050008BDFFF748FE0028F4D1DFF8B8
:10CF500008C000DFF6E700BF49CC040808B5EFF3CE
:10CF6000058333B16FF0050001F0A8FE6FF00500F6
:10CF700008BDFFF732FE0028F4D1DFF808C000DF5B
:10CF8000F6E700BF6DCD040808B5EFF3058333B1B4
:10CF90006FF0050001F092FE6FF0050008BDFFF78D
:10CFA0001CFE0028F4D1DFF808C000DFF6E700BF60
:10CFB0001DCC0408024608B5EFF3058333B16FF0CA
:10CFC000050001F07BFE6FF0050008BDFFF705FED0
:10CFD0000028F4D11046DFF808C000DFF5E700BFF5
:10CFE00019CE040808B5EFF305832BB16FF00500E7
:10CFF00001F064FE002008BDFFF7EFFD0028F5D129
:10D00000DFF804C000DFF6E749CE0408024608B5A1
:10D01000EFF305832BB16FF00500BDE8084001F088
:10D020004DBEFFF7DAFD0028F5D11046DFF804C049
:10D0300000DF08BD91CE040808B5EFF3058313B1F6
:10D04000054BD86808BDFFF7C8FD0028F8D1DFF808
:10D050000CC000DFF6E700BF3C0C002411CC040834
:10D0600010B598B140EA010313F007030ED1172958
:10D070000AD90160083910220C18426084600B50F4
:10D0800081684A60C3600123184610BD0023FBE796
:10D09000F0B580B399B132F003032CD10F3100F118
:10D0A000080521F007072B462D685C68E91A24F073
:10D0B0000304091B8F4204D929680029F3D10846CB
:10D0C000F0BD46683A4304683E444660204450F848
:10D0D000041C08388E4288BF4660586818B903F1AE
:10D0E00008015A60EBE720F0030019181D504A6050
:10D0F00019600831E3E70021E1E730B590B1D9B11B
:10D10000A1F1080500F108040022AC420BD151F84E
:10D11000043C23F0030443681B1B436042B941F8FD
:10D12000042C012030BD236822463BB11C46ECE7AD
:10D1300051F8083C1360F4E70846F3E71846F1E7B6
:10D1400030B5C0B189B1C2B1CBB100240160C360B8
:10D150004361C0E9014202FB01F41D190561184653
:10D16000013904D1A21A99500121084630BD851811
:10D1700005602846F4E70146F7E71146F5E719464A
:10D18000F3E7034610B5A8B100F1140252E8000F0E
:10D1900010B9BFF32F8F04E0016842E8001404B116
:10D1A000F4E738B1043353E8002F511C43E800146E
:10D1B00004B1F8E710BD30B5F0B1C3688B421BD89D
:10D1C00003698B4218D900F114031A680A60BFF38F
:10D1D0005F8F53E8002F0C689442F6D143E80015A6
:10D1E00005B1F2E7043050E8003F5A1E40E8002144
:10D1F00001B1F8E7002030BD6FF00300FBE7EFF36B
:10D2000010832BB9EFF31180003818BF012070474D
:10D2100001207047036B30B5E3B1CD780024DA7894
:10D22000AA420FD31A46C1E901248AB19160A4B180
:10D230006160283050E8003F5A1C40E8002101B1ED
:10D24000F8E730BD5A681C46002AECD01346E6E7E2
:10D25000C162ECE7C1E90133C1620163E9E7D1E9E9
:10D26000013223B19A608A681AB153607047C26272
:10D27000F9E703637047F8B5877804468FB3C5684C
:10D280000027014605F10C062846FFF7E8FF277046
:10D290003046FFF790FFAB68002B48D03046FFF7D1
:10D2A00070FF0446002842D0284600F0A1FF064641
:10D2B0003A46394601F03EF9304601F00FF86A6A05
:10D2C0000646816804F10C0023F08CF8F923A7705E
:10D2D0002370F368E37021462846BDE8F840FFF765
:10D2E00099BF8568AB68002BF5D05B78832BF2D1B2
:10D2F000284600F07DFF06463A46394601F01AF905
:10D30000304600F0EBFF06466A6A04F10C018068C3
:10D3100023F068F8F3680BB1E2781A700023214615
:10D3200005F10C002370BDE8F840FFF744BFF8BDDD
:10D330002DE9F0410C4617469846054618B103788A
:10D34000FA2B00D141B928466FF0030101F0D8FC57
:10D350006FF00300BDE8F0818368C3B15B78832B75
:10D3600015D100F045FF06460122002101F0E2F848
:10D37000304600F0B3FF06466A6A2146806823F013
:10D3800031F8F0680028E5D007700020E2E705F1E9
:10D390000C00FFF7F6FE064670B121466A6A0C30B3
:10D3A000002423F01FF8F923314628463370B47067
:10D3B000F770FFF72FFFE8E7B8F1000F10D04146F4
:10D3C000932001F09DF940B1074B2846596900F0C0
:10D3D000FDFEEFF30983C3E902476FF00100B9E7EF
:10D3E0006FF00200B6E700BF3C0C00242DE9F84FB7
:10D3F0008846074638B131B1B0FA80F3B1FA81F10D
:10D400000B441F2B06DC6FF003010020002401F009
:10D4100077FC70E008F1030626F003060C3606FBE5
:10D4200000F9F2B194683CB1A30702D1D368332B61
:10D4300005D86FF00801E8E7D368002BF9D1D2F8DE
:10D4400000A0D2E904533DB115F0030B01D1994579
:10D4500054D96FF00901D8E7002BFAD11CB19B46D3
:10D460000CE092461546274BD3F8A000D8B1FFF741
:10D4700088FE0446A0B14FF0010B35BB214B0022C2
:10D480004946D86FFFF704FE0546C0B9BBF1000F4F
:10D4900006D01C4B2146D3F8A00058B1FFF78BFEF5
:10D4A0006FF00401B1E701223421D3F88000FFF7C7
:10D4B000EFFDDEE7D3F88000FFF71FFEF0E74BF04B
:10D4C000020B4A46002123F08BF8FA2332463946F4
:10D4D00004F10C002370002384F802B0A360C4F8A8
:10D4E00004A0C4E90983C4E90B332B46FFF728FEE7
:10D4F000044B054A1A672046BDE8F88F002CE4D19A
:10D50000B1E700BF3C0C002477D2040800F12803E7
:10D5100010B553E8002F12B9BFF32F8F04E0511E4E
:10D5200043E8001404B1F4E70AB9002010BDC06A52
:10D5300001230028F9D0821CD2E84F1FC2E8443FE3
:10D5400004B1F9E711F0FF0FF0D08068F1E70000B7
:10D550002DE9F0410F4615469846044618B1037868
:10D56000FA2B00D141B920466FF0030101F0C8FB4E
:10D570006FF00300BDE8F081FFF7C8FF0646002802
:10D580003AD001462046FFF76AFE626A06F10C01B6
:10D59000384622F027FF0DB1F3782B70002504F1F7
:10D5A0000C07314638463570FFF705FEA3680BB906
:10D5B0000020DFE73846FFF7E4FD06460028F7D0F5
:10D5C000204600F015FE07462946012200F0B2FF72
:10D5D000384600F083FE626A0746816806F10C0057
:10D5E00022F000FFF923B570314633702046FB6806
:10D5F000F370FFF70FFEDBE7B8F1000F10D04146E4
:10D60000832001F07DF840B1074B2046596900F0B6
:10D61000DDFDEFF30983C3E902756FF00100A9E7AF
:10D620006FF00200A6E700BF3C0C002408B5064BD3
:10D6300008219A6ED86EFFF7D9FE044BD864B0FA71
:10D6400080F04009404208BDBC7B07083C0C002428
:10D650002DE9F04106460F4690461C46EFF3058340
:10D660004BB196B930466FF0030101F049FB6FF002
:10D670000300BDE8F081FFF7C2FD0028F1D130467C
:10D680002346DFF848C000DFF3E73378FA2BE9D10F
:10D69000002FE7D0002CE5D106F10C00FFF771FD5B
:10D6A000054680B1726A39460C3022F09BFEF923A0
:10D6B0002846AC702B7085F80380C5E9017600F030
:10D6C0006FFC2046D5E76FF00200D2E731D30408A3
:10D6D000F8B504460F4616461D46EFF3058343B1E1
:10D6E0008CB920466FF0030101F00AFB6FF00300D4
:10D6F000F8BDFFF784FD0028F2D120462B46DFF865
:10D7000044C000DFF4E72378FA2BEAD1002FE8D0F9
:10D71000002DE6D12046FFF7F9FE054670B100F175
:10D720000C01626A384622F05DFE0EB1EB78337070
:10D730002846EC6000F034FC0020D9E76FF00200CE
:10D74000D6E700BF51D50408EFF310832BB9EFF3F0
:10D750001180003818BF0120704701207047000079
:10D7600070B5A8B38468D0E900566CB114F0030317
:10D7700002D1C2681B2A1AD800246FF008010020C9
:10D7800001F0AEFA204670BDC368002BF4D1124BF5
:10D79000D3F8940030B901221C21D3F88000FFF7A0
:10D7A00077FC01E0FFF7EDFC044660B10123F522B0
:10D7B000A3700023E670227065602376C4E902330B
:10D7C000C4E90433DEE76FF0040101F089FAD9E718
:10D7D00005460646DBE700BF3C0C0024284B70B52D
:10D7E0005D6904460E4635B96FF0070101F078FA1D
:10D7F0004FF0FF3070BD10B10378F52B07D02046F5
:10D800006FF0030101F06CFA6FF00300F2E7037EA2
:10D8100053B9C0E90353EB6A436103B118610123B3
:10D82000EC6200202376E5E7C278D1070DD5C16808
:10D83000A9420AD1FF2B06D16FF00F0101F050FA77
:10D840006FF00200D6E70133EBE7002EF8D0930724
:10D850000AD5E06895F9203090F920209A4203DA41
:10D8600080F8203000F0D6FC3146532000F048FF0D
:10D8700018B12946204600F0A9FC6FF00100B9E775
:10D880003C0C00242E4B5A6970B5044632B96FF037
:10D89000070101F025FA4FF0FF3070BD10B1037899
:10D8A000F52B07D020466FF0030101F019FA6FF055
:10D8B0000300F2E7037E33B96FF00E0101F010FAB6
:10D8C0006FF00200E9E7C168914202D06FF00D01EC
:10D8D000F4E7013BDBB2037613BB43690BB101698B
:10D8E00019612169F1B14B6192F92130D56ADDB935
:10D8F00082F82030A36883B1204600F079FC064608
:10D900002A46294600F016FEF36AC4E903656361FE
:10D9100003B11C610123F4622376002000F0F0FCC7
:10D920000020BAE7D362DFE7E978890706D5A9685E
:10D9300021B191F920108B42B8BF0B466D69D6E733
:10D940003C0C002470B5044610B10378F52B07D0C9
:10D9500020466FF0030101F0C3F96FF0030070BDC2
:10D96000037EBBB16369C0680BB122691A61226989
:10D9700002B3536190F92120C36AEBB990F92030CA
:10D98000934203D080F8202000F044FCA068F8B94E
:10D9900000F0B6FCA078002610F001002670DED062
:10D9A000134B2146D3F89450DDB12846FFF703FC12
:10D9B0003046D4E7C362DDE7D978890706D5996890
:10D9C00021B191F920108A42B8BF0A465B69D4E7B9
:10D9D000204600F00DFC00226FF0020100F0AAFDCD
:10D9E000D4E7D3F88000FFF788FB2846B7E700BFED
:10D9F0003C0C00242DE9F0410446002601270CB917
:10DA0000BDE8F081E378D4F814801B0712D5A36831
:10DA100026767BB1204600F0EBFB0022054611463E
:10DA200000F088FDEB6AC4E90356636103B11C6131
:10DA3000EC6227764446E2E710B4C3789B071DD515
:10DA4000C06890F92120C36ADC78A40709D59C68D6
:10DA50008C4208BF8C6824B194F92040A242B8BF20
:10DA600022465B69002BEFD190F92030934205D01C
:10DA700080F820205DF8044B00F0CCBB5DF8044B2F
:10DA800070470000024608B5EFF3058333B100206C
:10DA90006FF0050101F024F9002008BDFFF754FEE6
:10DAA0000028F4D11046DFF808C000DFF5E700BF1A
:10DAB00061D70408024608B5EFF305833BB1104671
:10DAC0006FF0050101F00CF96FF0050008BDFFF7DC
:10DAD0003BFE0028F3D11046DFF804C000DFF5E775
:10DAE000DDD70408024608B5EFF305833BB11046C5
:10DAF0006FF0050101F0F4F86FF0050008BDFFF7C5
:10DB000023FE0028F3D11046DFF804C000DFF5E75C
:10DB100085D80408024608B5EFF305833BB11046EB
:10DB20006FF0050101F0DCF86FF0050008BDFFF7AC
:10DB30000BFE0028F3D11046DFF804C000DFF5E744
:10DB400045D90408EFF310832BB9EFF311800038A7
:10DB500018BF01207047012070470C30D0E85F3FAC
:10DB600013B9BFF32F8F04E05A1EC0E8512F01B143
:10DB7000F4E798B2003818BF0120704730B500F1C3
:10DB80000C02C189D2E85F3F994202D8BFF32F8FC0
:10DB900004E05C1CC2E8554F05B1F3E7C0899BB2B5
:10DBA000984294BF0020012030BD0000F8B5154612
:10DBB0004FF6FE73421E06460F469A4201D888422F
:10DBC00007D26FF003010024002001F08FF82046F7
:10DBD000F8BD7DB1AC682A6844B114F0030302D1EA
:10DBE000E9680F2922D86FF00801ECE7EB68002BF9
:10DBF000F9D11546114BD3F8980080B1FFF7C1FA5F
:10DC00000446A8B10123F622A370002365602270A8
:10DC1000A3600B4A094BA781E6819A66D7E70122E8
:10DC20001021D3F88000FFF733FAE9E71546EAE759
:10DC30006FF0040101F05AF8C9E700BF3C0C002462
:10DC400045DC0408836810B504465BB1FFF785FF27
:10DC500040B1204600F0CCFA0022BDE81040114649
:10DC600000F068BC10BD38B5054610B10378F62B3E
:10DC700007D028466FF0030101F038F86FF0030079
:10DC800038BD84683CB100F0B3FA0122002100F0F5
:10DC900051FC0020F4E7FFF771FF38B928466FF018
:10DCA000100101F023F86FF00200E9E72046E7E7F2
:10DCB00038B50D46044610B10378F62B07D0204640
:10DCC0006FF0030101F012F86FF0030038BDFFF7A9
:10DCD00044FF68B975B12946632000F011FD20B1F9
:10DCE000064B2046596900F071FA6FF00100EDE72C
:10DCF0000020EBE76FF00200E8E700BF3C0C0024D7
:10DD000070B5054610B10378F62B07D028466FF0A2
:10DD1000030100F0EBFF6FF0030070BD836863B197
:10DD2000284600F065FA00226FF0020100F002FCC4
:10DD3000A8680028F4D100F0E3FAAB78002613F0CD
:10DD400001032E700FD0094B2946D3F8984024B117
:10DD50002046FFF730FA3046DFE7D3F88000FFF7C0
:10DD6000CCF92046D9E71846D7E700BF3C0C002481
:10DD700010B50446EFF3058333B100206FF00501C1
:10DD800000F0B4FF002010BDFFF7DCFE0028F4D146
:10DD90002046DFF808C000DFF5E700BFADDB040870
:10DDA000024608B5EFF3058343B182B910466FF020
:10DDB000030100F09BFF6FF0030008BDFFF7C2FEF8
:10DDC0000028F2D11046DFF824C000DFF5E7137811
:10DDD000F62BEBD10029E9D11046FFF7BEFE002853
:10DDE00014BF00206FF00200E7E700BFB1DC0408B9
:10DDF00010B50446EFF3058343B184B920466FF0B4
:10DE0000030100F073FF6FF0030010BDFFF79AFEEF
:10DE10000028F2D12046DFF830C000DFF5E7237894
:10DE2000F62BEBD12046FFF7A9FE20B1204600F0EB
:10DE3000B7F80020E9E720466FF0100100F056FF28
:10DE40006FF00200E1E700BF67DC0408024608B596
:10DE5000EFF305833BB110466FF0050100F046FF7C
:10DE60006FF0050008BDFFF76DFE0028F3D11046E6
:10DE7000DFF804C000DFF5E701DD040810B5D0E8E5
:10DE80005F3F5A1C914200D80022C0E8542F04B1D1
:10DE9000F5E798B210BD000038B51C4C00F0BCFF8F
:10DEA000E3680133E36000F0E9F9002000F028FAAC
:10DEB000236D03B19847226C32B3A369E16B994299
:10DEC00003D0D969E36301B9DA61DA69C2B9237AA7
:10DED000022B19D1656ABDB1E36B95F9202093F946
:10DEE00020309A4210D1284600F08BF9E06B00F008
:10DEF000A3F9284600F0FCF9236CE563EB6103E02D
:10DF0000013ADA61002AE2D038BD00BF3C0C00249F
:10DF100070B5224C04F1560504F15A06B4F85410B9
:10DF2000D5E85F3F13B9BFF32F8F04E05A1EC5E851
:10DF3000502F00B1F4E79BB25BB33046FFF79EFF72
:10DF4000E36D53F8200020B30378F13B082BE5D8AC
:10DF500001A252F823F000BF7DDF04081DDF040892
:10DF600083DF04081DDF04081DDF040887DF0408C1
:10DF70008BDF04081DDF04088FDF0408236E984739
:10DF8000CCE7636EFBE7A36EF9E7E36EF7E7236F79
:10DF9000F5E70020BDE8704000F0B2B93C0C002469
:10DFA00070B5164C0546B4F8541004F15602D2E888
:10DFB0005F3F994202D8BFF32F8F04E0581CC2E89C
:10DFC000560F06B1F3E79BB2994205D829460220C5
:10DFD000BDE87040FEF79FBF04F15800FFF74EFF09
:10DFE000E36D43F82050637A23B9054B4FF080521C
:10DFF0005A6070BD0123A372FBE700BF3C0C0024F4
:10E0000000ED00E0EFF310832BB9EFF3118000383F
:10E0100018BF01207047012070470378F12B00D012
:10E020007047C068F9E7000010B5C469621CD0E908
:10E0300004310CD103B1596142691AB11361002353
:10E04000436101E0074A13630023C36110BD1BB1A4
:10E05000DA6959612244DA614269002AEED1014A43
:10E06000D362F1E73C0C002401230A4A90F9201006
:10E0700043701C32936810B51BB193F920408C4259
:10E0800005DCC0E90232906003B1D86010BD1A46C9
:10E090009B68F1E73C0C0024014B5869704700BFB6
:10E0A0003C0C002408B500F031FEDFF810C000DFA2
:10E0B0004FF0FF31002000F007FEFEE79DE5040869
:10E0C000930710B502F0010422D400F1280384B1B3
:10E0D00053E8000F00EA01028A4203D0BFF32F8FFA
:10E0E000002005E020EA010243E8002404B1EFE744
:10E0F00010BD53E8000F084203D1BFF32F8F00205B
:10E1000005E020EA010243E8002404B1F1E7EFE76B
:10E11000806A01EA00031CB1994218BF0020E7E7BA
:10E12000002B08BF0020E3E7084A0021136B10B55D
:10E130003BB94FF0FF34C0E90431C46121B108613B
:10E1400010BD19461B69F3E71063F9E73C0C002486
:10E15000002310B50380044683789A0708D513F08E
:10E16000100F016B0E4B0FD0D3F88400FFF723F88C
:10E17000A378DB0712D50A4B2146D3F8880038B1C3
:10E18000BDE81040FFF717B8586FFEF7B6FFEFE78E
:10E19000D3F88000BDE81040FEF7AFBF10BD00BF50
:10E1A0003C0C0024C2780346D20701D4FFF7D0BF4D
:10E1B000042242700022C260034A516B816001B1A7
:10E1C000C8605363704700BF3C0C002491F92020C5
:10E1D000836810B51BB193F92040944205DAC1E978
:10E1E0000230816003B1D96010BD18469B68F1E729
:10E1F00083689A68826002B1D06000221846DA60B3
:10E200007047C2682AB18368936003B1DA60002363
:10E21000C360704710B50146044664B12378F12B02
:10E2200007D00846FFF7EDFF2046BDE81040FFF796
:10E23000CDBFE468F1E710BD0123014643700148FA
:10E24000FFF7C4BF580C002470B50B4D2E7A022E78
:10E2500010D16C6A74B1696994F9202091F9203069
:10E260009A4207D12046FFF7CCFF0846FFF7E4FFAC
:10E270006670AC61002070BD3C0C002438B5164DB2
:10E28000EC6A44B3E369013BE36123BB6378732B1E
:10E2900006D009D8532B0BD003F0DF03432B0DD14D
:10E2A0002046FFF7BAFE09E003F0EF03832BF6E701
:10E2B0002046FFF7B2FE2146FFF7BEFB2046FFF7E0
:10E2C000A0FFFFF7B9FF246924B1E369002BDDD07B
:10E2D00000236361EC6238BD3C0C002490F82230CE
:10E2E000826B13F0100F0CBF602020201044704789
:10E2F00002234370014B9861704700BF3C0C00241F
:10E3000070B5124D04462E7A696990B9022E0FD16C
:10E310006C6A6CB194F9202091F920309A4207DDA3
:10E320002046FFF76EFF0846FFF79EFE6670AC6161
:10E3300070BD022E05D190F9202091F920309A422B
:10E34000F1DC2046BDE87040FFF776BF3C0C0024AE
:10E350002DE9F04F85B08146029128B96FF0030195
:10E36000002400F0B1FCBCE0002A45D0966846B11C
:10E37000B40702D1D368432B06D86FF00801002000
:10E38000EEE7D368002BF8D19769D2E904453CB198
:10E39000600702D1002D40F0B2806FF00A01EEE775
:10E3A0002FB17B1E372B03D96FF00B01E7E718273E
:10E3B000002D40F0A880D2E900A301934EBB574B3B
:10E3C000D3F88800F0B1FEF7DCFE064600283AD00C
:10E3D0004FF00108002C44D1DFF840B1E5B9504AB4
:10E3E000DBF88400556DB8B1FEF7CBFE0246E0B114
:10E3F00048F01008344623E0924614461827154684
:10E400000192DCE701224421D3F88000FEF740FEB0
:10E41000DBE74FF00008DDE722462946DBF8740011
:10E42000FEF736FE02460028E4D1B8F1000F16D000
:10E43000DBF8882052B110463146FEF7BCFE0022C0
:10E4400048F002087CB96FF0040198E73146DBF828
:10E4500080000392FEF751FE039A1446F0E742460D
:10E46000EEE72246344640F2F1137FB2FD2184F8F4
:10E4700002802380019BC4F804A0E370002384F889
:10E48000207084F8217061846563C4E90233C4E9B3
:10E490000433C4E90633C4E90933C4E90B32A5F1F6
:10E4A00040031344C4E90E391E4B13601C4B1B6818
:10E4B0005B071AD4A36B00201A4603F1340143F81A
:10E4C000040B9942FBD1184B2046C2E90D394FF09D
:10E4D0008073D363029B1362104B144A1A66FFF7D2
:10E4E0000FFF204605B0BDE8F08FAD084FF0CC33EC
:10E4F000113D002DDED0013D42F8043FF9E7002F29
:10E500007FF44FAF182769077FF447AFA5F14801A3
:10E51000074B99427FF64FAF3FE700BF3C0C00240A
:10E52000BC7B0708A52E5AE2A5E0040859E50408BB
:10E53000B7FFFF7F38B504461546FFF7CFFE0160F1
:10E540002046FFF771FD1DB1BDE83840FFF7D8BE8A
:10E55000BDE83840FFF770BE10B543780446332B52
:10E560000CD1416A90F82320FFF7AAFD014628B19B
:10E5700020460022BDE81040FFF7DCBF10BD10B5FB
:10E580000446806918B100221146FFF7D3FF637873
:10E59000232B02BFA36800229A6110BD70B50F4CF7
:10E5A000267A022E18D1636AB3B16569E86AFFF76B
:10E5B00021FA2846FFF7E3FF04F11C00FFF718FEDD
:10E5C0004670A061EFF30983AB63002328466361C3
:10E5D000BDE87040FFF7E6BD70BD00BF3C0C0024F5
:10E5E00010B5044610B10378F12B07D020466FF028
:10E5F000030100F069FB6FF0030010BD437803F0E6
:10E600000F03022B1ED0032B2BD0012B2ED1FFF793
:10E61000F8FDE06AFFF7EEF92046FFF7B0FF6178FA
:10E62000022926D11548FFF7E3FD154B417098618B
:10E63000EFF30982A26300225A612046FFF7B2FD80
:10E640000020DAE70E4B1A7A022A02D15B6A002B0D
:10E65000DFD16FF00201204600F036FB6FF00200C0
:10E66000CBE7FFF7CEFDFFF7DFFCD2E76FF002014B
:10E67000F2E70020FFF744FEDFE700BF580C00245C
:10E680003C0C002470B5044620B10378F12B01D175
:10E69000002908DA6FF003056FF003012046FEF74A
:10E6A0009AFA284670BD4378042B06D16FF0020118
:10E6B0006FF00205FEF78FFAF3E700F1280353E845
:10E6C000002F42EA010543E8005606B1F7E7437818
:10E6D000332BE6D1416A90F82320FFF7F1FC014685
:10E6E0000028DED094F8233001229B0756BF656ACC
:10E6F000054620EA05052046FFF71CFFD1E700008C
:10E7000038B5174C0246237A022B27D1606A60B1D4
:10E7100060694B1C427009D1FFF706FD1148FFF7F5
:10E7200067FD02234370A061012038BDE36A002227
:10E7300013B1DD69A9420BD2C161C0E904325AB1FB
:10E740001061002BEAD0DA695861511AD961E5E706
:10E750001A46491B1B69EBE7E062F2E70020E4E799
:10E760003C0C0024580C0024F8B5164B05460F4607
:10E7700016465C693CB920466FF00701FEF72BFA9C
:10E780004FF0FF30F8BD002807DA20466FF0030194
:10E79000FEF721FA6FF00300F4E70A46014620462F
:10E7A000FFF78EFC0028EDD14EB131463320656273
:10E7B00084F82370FFF7A4FF6FF00100E2E76FF029
:10E7C0000200DFE73C0C002438B50D4C00210D4859
:10E7D000A26DFFF7BDFD0C4D636EA8625BB198475B
:10E7E00058B9E26DE96C206EFFF7B2FDA8640038FD
:10E7F00018BF012038BD0120FCE70020FAE700BF68
:10E80000BC7B070839EC04083C0C002410B5044616
:10E81000EFF3058333B100206FF0050100F054FAE7
:10E82000002010BDFFF7EEFB0028F4D12046DFF8F2
:10E8300008C000DFF5E700BF51E3040808B5EFF3B7
:10E84000058313B1054B586908BDFFF7DBFB0028B2
:10E85000F8D1DFF80CC000DFF6E700BF3C0C002465
:10E8600099E0040808B5EFF305833BB100206FF091
:10E87000050100F029FA6FF0050008BDFFF7C2FBA3
:10E880000028F3D1DFF804C000DFF6E749E204080E
:10E8900010B5044600F046FAEFF305833BB120467D
:10E8A0006FF0050100F010FA6FF0050010BDFFF7E2
:10E8B000A9FB0028F3D12046DFF804C000DFF5E70C
:10E8C000E1E50408024638B5EFF305834BB192B990
:10E8D0006FF003046FF003011046FEF77CF9204649
:10E8E00038BDFFF78FFB0028F1D11046DFF844C098
:10E8F00000DF0446F3E71378F12BE9D10029E7DBC9
:10E900005378042B07D16FF0020110466FF0020418
:10E91000FEF761F9E3E702F1280353E8000F40EA4C
:10E92000010443E8004505B1F7E71046FFF738FB5F
:10E93000D5E700BF85E6040810B50446EFF305836C
:10E940003BB100206FF00501FEF745F96FF00500BF
:10E9500010BDFFF757FB0028F3D12046DFF804C0B5
:10E9600000DFF5E769E704080C4A30B5536C002472
:10E9700013B11D698D420AD90161C0E902431BB17F
:10E980001D699860691A19612CB1E06030BD1C46A0
:10E99000491BDB68ECE75064F8E700BF3C0C00243F
:10E9A0002DE9F041184D6C6C54B3236901276E6951
:10E9B000013B2361236913BBE3680BB1A2689A6032
:10E9C0006B64002304F11801E86C1A46FEF740FE60
:10E9D00058B121460320D5E905836B61FEF79BFA08
:10E9E0006B6913B9B04508BF0026E378012B09D144
:10E9F00061692046FFF7B8FF6C6C002CDAD16E61BC
:10EA0000BDE8F0816770F7E73C0C002408B5FEF71D
:10EA10000DFE18B9034B044A1A6508BD4FF0FF30CC
:10EA2000FBE700BF3C0C0024A1E90408044607B53D
:10EA30004FF0FF33002269462046FEF749FE0028CA
:10EA4000F6D1DDE900309847F2E7000008B5094A41
:10EA5000094B1A60094B9B1A094A1360094A0A4B71
:10EA60001A600A4B9B1A0A4A136000F051F800F032
:10EA700083F800BF00FC07245C5500240000082434
:10EA800058550024182001247C6E002400FC072423
:10EA9000786E002438B50E480B250E4B1C244560BB
:10EAA00003600D4BC4608360FEF7ECFF0B4B1860F6
:10EAB0000B480C4BC460C0E900350B4B8360FEF77C
:10EAC000E1FF0A4B1860BDE8384021F089B800BF6B
:10EAD00028550024907C07083C5500243855002414
:10EAE000F85400249D7C07080C5500240855002488
:10EAF000FDF72ABC024B4FF0FF311868FEF7DABF72
:10EB000038550024014B1868FEF7ECBF3855002437
:10EB100008B511F003FC0C4B0C4998684FF00053FA
:10EB2000C21802F16042126843F8042B8B42F7D1FD
:10EB3000054B4FF000529A601CF018FA1DF0F2FBE2
:10EB4000BDE8084000F015B800ED00E09802002094
:10EB50007047704708B500F043F8FFF7F9FFFFF77B
:10EB600099FFFFF7F6FF12F099FCBDE80840FFF7A8
:10EB7000BFBFFEF7DBB90000114C124B23614FF40D
:10EB8000004363614423E3600F4BA3601823A36138
:10EB90000E4B07B5224600210D482360FFF736FED5
:10EBA000034628B922460B4900900B4812F086FC18
:10EBB000FEF7D4F9002309491A460093F5E700BF90
:10EBC000B0FD0024B07D002460550024B77C070808
:10EBD00055EB0408BC7C07081D010180D87C0708A0
:10EBE0001FB5064B6C460FCB84E80F002046FEF79E
:10EBF00049FF034B186004B010BD00BFF07C07084C
:10EC0000A87D002473B506460C46154612F048FC54
:10EC100058B90634324628462ABF054B054953F8F1
:10EC200024100023009312F049FC02B070BD00BF15
:10EC3000B47E0708087E070808B500F0F7F8000062
:10EC4000002307B5421E00930023042A19D8DFE8E9
:10EC500002F003080C10140001220C490C4812F0B9
:10EC60002DFC02220B490C48F9E703220B490C4802
:10EC7000F5E704220B490C48F1E705220B490C4843
:10EC8000EDE702460B490C48E9E700BF007D0708A5
:10EC900025010280217D070826010280467D0708A4
:10ECA000270102807B7D070828010280B67D0708C6
:10ECB0002A010280F67D0708000102800146014A10
:10ECC000FFF7A0BF31010180014AFFF79BBF00BFE2
:10ECD00032010180014AFFF795BF00BF3701018073
:10ECE000014AFFF78FBF00BF3301018011F1110FFF
:10ECF00002D0024AFFF786BF704700BF340101808F
:10ED0000014AFFF77FBF00BF3801018010B5FFF750
:10ED100095FD034B1B6813B1BDE81040184710BDAB
:10ED2000A4550024024B1B6803B11847704700BF6D
:10ED3000A4550024024B987A003818BF0120704770
:10ED40003C0C002408B5FEF74DF90022064912F0EC
:10ED5000C3FCC31C04D98B220449054812F016F9E0
:10ED6000BDE80840FEF752B935ED0408EF7E07080C
:10ED7000017F0708B0F57A7F10B50C4604D0322227
:10ED800019491A4812F002F911F0B6FD0028184A84
:10ED900016DB00F16043F02103F5614383F80013B3
:10EDA000916800F1100341F82340BFF34F8F926840
:10EDB00052F823309C420AD03F220B490D48E1E72C
:10EDC00000F00F03F021043B13441976E8E7002814
:10EDD00008DB0123420900F01F0003FA00F0064B94
:10EDE00043F82200002010BDEF7E07082E7F0708A1
:10EDF00000ED00E03B7F070800E100E008B512F0FD
:10EE0000F3FBBDE8084011F0A2BE0000014B1868FA
:10EE100011F0D2BEA86D0024014B186811F08EBE0F
:10EE2000A86D002408B511F067FD08BD024C08B5B7
:10EE300023689847FCE700BFE00C002403680BB18F
:10EE400008461847704710B50446F4F739FC2046C9
:10EE500010BD08B5FCF78EFF08BD0000044B002272
:10EE6000C3E901221A611A60024ADA60704700BFE2
:10EE7000A85500243DEE040810B50022034600F119
:10EE8000110403F8012B03F8012B9C42FBD14182B2
:10EE900010BD000042F60211024808B5FFF7ECFF72
:10EEA00008BD00BFBC5500240020704700207047FB
:10EEB00000207047002070470068704708B5F1F7E0
:10EEC000E2FB08BD10B50446F4F7FAFB204610BD7E
:10EED00010B50446F1F719FB204610BD884238B53D
:10EEE000044606D00D46F1F710FB20462946F4F7FC
:10EEF000E7FB204638BD08B5F4F7FAF8006800389B
:10EF000018BF012008BD000070B504460D46164626
:10EF1000FFF7F1FF28B940F202220749074812F033
:10EF200035F8E068FFF7C8FF324603462946204619
:10EF3000BDE87040184700BF8C7F0708307A07088B
:10EF400008B5FFF7E1FF08BD08B5FFF782FF08BD70
:10EF500010B504460021F1F7D5FA204610BD8842CD
:10EF600038B5044606D00D46F1F7CFFA20462946BB
:10EF7000F4F7A6FB204638BDD0E90032096812F04C
:10EF8000010F01EB620005D010B454100A595DF86E
:10EF9000044BD35818470146043008B5FFF7ECFF7F
:10EFA00008BD0000034A0346C26007C983E80700A2
:10EFB000704700BF987F070810B588B0059108A971
:10EFC00002AC019001E90C0005A984E80C00FFF7F0
:10EFD000E9FF019808B010BD37B56C46054684E8D6
:10EFE0000C0094E80C00FFF7E7FF284603B030BDA3
:10EFF00008B5FFF7D0FF08BD08B5FFF7F9FF08BD5A
:10F00000002070477047036853F87C3C18447047F1
:10F0100038B504460D4689B91368236085B952682E
:10F0200053F88C3CE25004F1B400FFF751FFAB07FA
:10F0300002D520460CF06EF8204638BD024BECE7B6
:10F04000014A0023EEE700BFC08607080A460021F8
:10F05000FFF7DEBF00220221FFF7DABFD0F800C0C1
:10F06000ACF1240CDCF800C06044F3E710B50446B2
:10F07000FFF7F0FFC421204612F0E6FE204610BD47
:10F08000D0F800C0ACF1240CDCF800C06044EDE71F
:10F0900010B50446F4F714FB204610BD0068704715
:10F0A00010B50446F1F731FA204610BD10B50446FC
:10F0B000F1F72BFA204610BD10B504460021F1F7F8
:10F0C00021FA204610BD08B5F4F712F800680038A0
:10F0D00018BF012008BD884238B5044606D00D4649
:10F0E000F1F713FA20462946F4F7EAFA204638BD2C
:10F0F000884238B5044606D00D46F1F706FA204698
:10F100002946F4F7DDFA204638BD08B5F3F7F0FFDD
:10F110000068003818BF012008BD10B50446002162
:10F12000F1F7F0F9204610BD70B504460D46FFF723
:10F13000CAFF28B940F202220649074811F026FF0B
:10F14000E068FFF7ABFF294603462046BDE8704064
:10F15000184700BF8C7F0708307A070808B5FFF70B
:10F16000E3FF08BD70B504460D46FFF7CEFF28B992
:10F1700040F202220649074811F008FFE068FFF755
:10F180008DFF294603462046BDE87040184700BF62
:10F190008C7F0708307A070808B5FFF7E3FF08BD42
:10F1A00010B5044613F076F8204610BD10B5084C93
:10F1B000204613F02FF800232046064A84F8243016
:10F1C00023630549C4E90A33BDE8104012F0B6BB19
:10F1D000D055002400000024A1F104080268814BEE
:10F1E0009A42F0B593B040F0FA8019F011FE11F098
:10F1F000C5FF7D4B0022C3F88420BFF34F8FD3F8A7
:10F20000802043F6E074C2F3C900C2F34E325201CB
:10F2100002EA0406014646EA81750139C3F87452D0
:10F22000F9D2203A12F1200FF2D1BFF34F8FBFF382
:10F230006F8F0022C3F88420BFF34F8F5A6922F4E6
:10F2400080325A61BFF34F8FD3F8803043F6E070BD
:10F25000654CC3F3C901C3F34E335B0103EA0006F7
:10F260000A4646EA8275013AC4F87452F9D2203B44
:10F2700013F1200FF2D1BFF34F8FBFF36F8F11F057
:10F2800093FF5A4B01250024D3F8E0204FF40046A9
:10F290000DA9574842F001028027C3F8E020D3F8B7
:10F2A000E02002F001020192019AD3F8E02042F03E
:10F2B0000402C3F8E020D3F8E02002F00402029236
:10F2C000029AD3F8E02042F04002C3F8E020D3F8DD
:10F2D000E02002F040020392039AD3F8D82042F4CF
:10F2E0000042C3F8D820D3F8D82002F40042049298
:10F2F000049AD3F8D82042F48032C3F8D820D3F847
:10F30000D82002F480320592059AD3F8D82042F42E
:10F310000032C3F8D820D3F8D82002F40032069285
:10F32000069AD3F8E02042F40072C3F8E020D3F844
:10F33000E03003F400730793079BCDE90D65CDE939
:10F340000F4414F0F3FB30230DA92A480D9314F059
:10F35000EDFB2A461021274814F0CEFC2A46202136
:10F36000244814F0C9FC0DA923480D9714F0DEFBC6
:10F370002A4639462048022714F0BEFC192013F013
:10F38000C1F9314622461A4814F0B6FC642013F045
:10F39000B9F92A463146164814F0AEFC03264FF45C
:10F3A00060530B2508A915480A94CDE90837CDE923
:10F3B0000B6514F0BBFB322308A90E480C95CDE970
:10F3C0000837CDE90A4614F0B1FB862308A90A489C
:10F3D0000C95CDE90837CDE90A4614F0A7FB13B028
:10F3E000F0BD00BF0080024000ED00E00044025884
:10F3F0000024025800080258000002580018025861
:10F4000030B570B1CC6864B18A6852B10B6943B150
:10F410000D6849688560C1608361C0E904240020EB
:10F4200030BD4FF0FF30FBE773B50023466804465C
:10F43000019366B1A36998470546A3699847431BA2
:10F44000B3F5FA6FF9D901230025636027E08368DB
:10F4500003B19847202300252360636901AA122184
:10F460003046984700281DDB019B03F01F03B34281
:10F470001AD10025266020681F2833D87DB923695A
:10F480004FF400422946984700282EDB636901AA01
:10F4900029462068984700280ADA6FF004052846B4
:10F4A00002B070BD6FF004050136202ED5D1E2E721
:10F4B000A36998470646019B1B0402D4002DB9D0CE
:10F4C000EDE7A3699847801BB0F5FA7F07D8636919
:10F4D00001AA0021206898470028ECDADDE76FF0E8
:10F4E0000105E8E76FF00205D9E76FF00305D6E7FD
:10F4F00037B500254369044601AA0121006801953A
:10F500009847A84203DA6FF0040003B030BD636986
:10F5100001AA0121206898470028F4DB019B5B07C2
:10F520002CD5636901AA2946206898470028EADBA0
:10F53000019BDD040ED403F40452B2F5045F01D143
:10F540000220E2E7980401D50320DEE7D90513D5B0
:10F550000420DAE7636901AA1F2120689847002880
:10F56000D1DB019BDA040BD503F01C03182BE7D089
:10F57000082BE9D0142BEBD00520C6E70120C4E707
:10F580000620C2E740F2DC5070470020704706209A
:10F59000704770477047C0F86C1170470020704783
:10F5A0001AF02EBC043014F0BDBA08B5043014F0C3
:10F5B000B9FAA0F110035842584108BD10B5041D16
:10F5C000204614F0AFFAE02807D1204613F0D6FD0C
:10F5D0002046BDE8104013F055BD10BDF0B500F554
:10F5E00082769FB004460D46304612F01BFE78220C
:10F5F0000021684620F0F4FF00206B462A460146B1
:10F600007AB10A2924D057681F60578938445F604F
:10F6100009B143F8043C126802B99A6001310C3315
:10F62000EEE70C4932224860201DC1F808D013F0E3
:10F63000CFFDB0FA80F46409AB7B012B02D92846D8
:10F6400005F009FF304612F00BFE20461FB0F0BD5A
:10F650000024F1E72C560024032A0846024928BF5B
:10F66000032220F0BFBE00BF7B92070812F07AB8D9
:10F6700010B5064C06492046FFF7C2FE2046FFF7AC
:10F68000D3FEB0FA80F0400910BD00BF0C56002434
:10F69000E40C00240148FFF72BBF00BF0C560024E8
:10F6A0000238032815D8DFE800F0020A0C114FF4E5
:10F6B00000530B604FF48043012013607047002318
:10F6C000F7E74FF400530B600023F5E700230B60CE
:10F6D000F2E70020704708B500F0CAFA08BD000044
:10F6E00030B5051D85B000230C46284601A90093BE
:10F6F00013F046FE18B14FF0FF3005B030BD69463B
:10F70000284613F088FE0028F5D1284613F0A0FE05
:10F710000099002911DD019B03F01F020A44BFF389
:10F720004F8F0E481A44C0F85C322033D11A00299A
:10F73000F9DCBFF34F8FBFF36F8F4FF4C172BDF889
:10F740000010002005F0BAFE20600028D5D0BDF8DA
:10F750000020019905F0FFFF0020CEE700ED00E05A
:10F760003D200022072108B513F06CF83D20BDE8CC
:10F77000084013F099B800000022064B1B68027085
:10F78000802243714270E12282701A0CC2701A0A00
:10F790000271704700E8F11F10B50446FAF7F8FE51
:10F7A00020B92046BDE81040FFF7E6BF10BD0000BD
:10F7B0007FB5044613F09AF828490125284B68467E
:10F7C000ADF800500434CDE901134FF0807303937A
:10F7D00013F0AEF840F201132248ADF80030224B8E
:10F7E000CDE901034FF480336846039313F0A0F88A
:10F7F000042013F08BF81D4B68462360FFF7CCFF05
:10F800001B4B257223611B4BC4F804D0E36040F20C
:10F81000F4536361204614F073F80546D8B9164EC8
:10F8200001463022301D20F0DBFE212333604FF4EF
:10F830004033C6E90453114E2946013532460023B0
:10F84000204606F5BF6613F0FFFB042DF4D1FFF749
:10F850000FFF04B070BD0020FBE700BF00000430C4
:10F8600009000003004004300D0000030080024046
:10F8700000000430000104302C5600240004043041
:10F88000084608B5FFF788FF012008BD002307B52B
:10F890001A4602490248009311F010FEA47F07089F
:10F8A00005001180002307B51A460249024800935B
:10F8B00011F004FED87F07080500118038B50D4B04
:10F8C00000250446036000F5827040F8485C12F0A1
:10F8D000A1FC04F5947012F09DFC04F5A670FFF7EE
:10F8E0001CFC04F5AE70FFF7E7FB2046C4F870512E
:10F8F00038BD00BF3480070810B50B4C2378BFF328
:10F900005B8FDB070ED4204612F028F850B1074871
:10F91000FFF7D4FF204612F043F8054A0549034893
:10F9200012F00CF8014810BD045600246056002463
:10F930000000002499F9040837B50D4604460192E9
:10F94000FFF7DAFF019B2A462146043013F06AFED6
:10F95000003818BF0120404203B030BD37B50D4616
:10F9600004460192FFF7C8FF019B2A462146043056
:10F9700013F086FE003818BF0120404203B030BDAE
:10F9800008B5FFF7B9FF043013F07EFF002008BD73
:10F9900008B5FFF7B1FF08BD0A4B10B50446036078
:10F9A00000F5AE70FFF782FB04F5A670FFF778FB59
:10F9B00004F5947012F06EFC04F5827012F06AFC8B
:10F9C000204610BD3480070808B500F5A670FFF783
:10F9D00082FB08BD08B500F5AE70FFF789FB08BDD6
:10F9E000F0B59DB00446FFF755FE01280546D4F852
:10F9F000707130DD012F18DC01AA02A9FFF750FE5B
:10FA000018B94FF40053CDE90130261D03A9304643
:10FA100013F068FE019B03A930460993029B0893EB
:10FA200013F026FF304613F05FFB04F5AE76304648
:10FA3000FFF749FB38B1012D09DD012F03DC01215E
:10FA40003046FFF78BFBC4F870511DB0F0BD012F9D
:10FA5000F9DD0021F4E7012FE7DD084B4FF00052FC
:10FA6000C3F88420BFF34F8FBFF36F8F201D13F0B7
:10FA700085FB2046FFF774FED7E700BF00E100E0FA
:10FA800073B50446002600F594752846019612F0D9
:10FA9000C9FB01A92046FFF723FE002804DA284607
:10FAA00012F0DEFB02B070BD019919B104F5A67029
:10FAB000FFF772FB284612F0D3FBE6E738B50E4C91
:10FAC00005462378BFF35B8FDA0708D4204611F090
:10FAD00045FF20B1094B20461D6011F061FF074C26
:10FAE0004FF0FF3200210120FEF726FFC307F7D5B4
:10FAF0002068FFF7C5FFF3E708560024D857002415
:10FB0000D0E90032096812F0010F01EB620005D064
:10FB100010B454100A595DF8044BD35818470146E5
:10FB2000043008B5FFF7ECFF08BD0000034A0346A8
:10FB3000C26007C983E80700704700BF208007083C
:10FB400010B588B0059108A902AC019001E90C003C
:10FB500005A984E80C00FFF7E9FF019808B010BD83
:10FB600037B56C46054684E80C0094E80C00FFF7B6
:10FB7000E7FF284603B030BDF0B505468DB011F063
:10FB8000DBFD2846FFF714FE064600284ED0202253
:10FB9000002104A820F024FD264B4FF4806003933D
:10FBA00020F0D4F805F1C00303AA29460790059375
:10FBB0004FF4806320480893442306932823099335
:10FBC000FEF724FEC5F8BC0010F05CF81B4B07469E
:10FBD0001A4A01930023294603A80293FFF7C0FFA6
:10FBE000102138460FF0FAFD0446A0B103A9FFF733
:10FBF00069F92046C8210FF094FF2046C8210FF074
:10FC000093FF20460E490FF092FF22460D493846D9
:10FC10000FF0A4FE044603A8C5F87441F0F733FDC5
:10FC20000A20FCF7CDFD2846FFF79AFD30460DB0BF
:10FC3000F0BD00BF0C800708BDFA0408E1F9040814
:10FC4000BDEE040849EF040808B5FFF768FF08BDDA
:10FC500008B5FFF7F9FF08BD08B5FFF74DFED0F86E
:10FC6000BC0020B10121BDE80840FEF72BBE08BD55
:10FC700008B5FFF741FE0430BDE8084013F02EBC84
:10FC800010B50446FCF7B2F8204610BD085870477E
:10FC900030B5551854586B6804B1601843601C6047
:10FCA000014B53506B6030BDEFBEADDE00224FF014
:10FCB0000A0C2DE9F0430746964610464FF02E08F1
:10FCC0000B18BE5C1D462C46B6FBFCF90CFB1960FC
:10FCD000303005F8010B30465FFA89F60928F2D872
:10FCE00085F800E01D46AC4210D81C46581A013376
:10FCF0002578002DF9D1032A02F101021CBF013041
:10FD000084F80080042ADBD1BDE8F08320782E78C7
:10FD100004F8016905F8010BE5E71029F0B501D9F0
:10FD20000020F0BD561E002403320A278C42F7D073
:10FD3000035D303B092BF3D8234600248B420BD3C1
:10FD400006F8014F964214D18B4217BFC05C0120C8
:10FD5000B0FA80F04009E4E7C55C303D5FFA85FC0D
:10FD6000BCF1090FECD807FB04540133FF2CE5D993
:10FD7000D6E78B42D4D05C1CC35C2E2BD6D0CFE709
:10FD80002DE9F84F0F460546014600234FF00108C4
:10FD90004FF0FF0931F8022B5ABB5A1C072A21D910
:10FDA000D01A404501D980469946531C072BF1D9FA
:10FDB0004FEA480B3C46002618494FF03A0AB14535
:10FDC00019D1B9F1000F01D104F801AB4644234623
:10FDD0005D44072E03F801AB1DD90022D81B1A7011
:10FDE000BDE8F88F31F8024B501C002CD8D10246E8
:10FDF000D4E71A46D9E72A880136204652BA92B289
:10FE000020F058FE082E04EB0003E6D00235013343
:10FE1000024904F800A01C46D1E700BF7C80070817
:10FE200027292DE9F0410646104656D91022002117
:10FE300020F0D6FB0020BDE8F08124F0200E3A46E9
:10FE4000AEF1410EBEF1050F02D9303C092CEDD8C0
:10FE5000013905D03A4617F8014B0CB13A2CECD1D8
:10FE6000941B042CE2DC082BE0D0002716F8014B91
:10FE7000A4F1300E5FFA8EF8B8F1090F03D84EEAFC
:10FE80000714A7B2F2E7A4F1410EBEF1050F03D8A3
:10FE9000373C44EA0714F4E7A4F1610EBEF1050F04
:10FEA00001D8573CF5E73C0A00F813400CF81370F2
:10FEB000013351B114783A2C0DD154783A2C0AD12F
:10FEC0000135B3D1013202391D46561C59B1327881
:10FED0004AB13746BEE70139F7E74FF0FF35002357
:10FEE00002F1010CF2E76A1C13D0C3F108035C00B5
:10FEF00004EB450300EB4505C3F110021844294605
:10FF000020F00AFB22460021284620F069FB012050
:10FF100091E7082B8AD1FAE72DE9F04F8DB04B68B5
:10FF2000D74A01938B68D1F800A00293CB68D1F82F
:10FF300014E003930B69D1F81C9004938B69D1F8FA
:10FF400030C005930B6AD1F8388006934B6AC668B7
:10FF500007938B6ACB4D0893CB6A3544DFF8ACB37B
:10FF600009934B6BE3440A93CB6B0B9383681A445E
:10FF7000D0E9043152444B4033404B401344C24A11
:10FF80000A44019906EB736304690A440169049FFA
:10FF90007140194061401144BC4A2244029C03EB69
:10FFA0003151224486EA03040C4074401444039AFD
:10FFB00001EBF434154483EA010222405A402A44FA
:10FFC000B34D3D4404EBB222059F1D4481EA040376
:10FFD00013404B402B44AF4D754402EB73630D440B
:10FFE00084EA0201194061402944AB4D3D4403EBD2
:10FFF0003151069F254482EA03040C4054402C44AE
:020000040805ED
:10000000A64D4D4401EBF434154483EA010222402D
:100010005A402A44A24D3D4404EBB222079F1D449E
:1000200081EA040313404B402B449E4D3D4402EBB8
:100030007363099F0D4484EA020119406140294419
:10004000089DA5F5244503EB31514F3D254482EA37
:1000500003040C4054402C44934D3D4401EBF434D4
:100060000A9F154483EA010222405A402A448F4DD8
:10007000654404EBB2221D4481EA040313404B4063
:100080002B448B4D3D4402EB73630B9F0D4484EA7C
:100090000201194061402944864D454403EB31512A
:1000A000254482EA03040C4054402C44824D3D44D4
:1000B00001EBF434019F154483EA010222405A40C7
:1000C0002A447E4D04EBB2223D44059F1D4484EA40
:1000D00002030B4063402B44794D02EBF3633D4434
:1000E000099F0D4482EA0301214051402944754D86
:1000F00003EBF1513D44089F254483EA0104144079
:100100005C402C44704D01EBB4445544154481EAE5
:1001100004021A404A402A446C4D04EB32327544C2
:100120001D4484EA02030B4063402B44684D02EBFC
:10013000F3633D440B9F0D4482EA0301214051408B
:100140002944644D03EBF1513D44049F254483EA67
:10015000010414405C402C445F4D01EBB4443D4429
:10016000079F154481EA04021A404A402A445B4D25
:1001700004EB32323D44039F1D4484EA02030B40EA
:1001800063402B44564D02EBF36345440D4482EA31
:100190000301214051402944524D03EBF1513D44AC
:1001A000069F2C4483EA010515405D402C444E4DCA
:1001B00001EBB4443D440A9F2A4481EA04051D40F2
:1001C0004D402A44494D04EB32323D44029F2B44BA
:1001D00084EA020593440D4065402B44444D02EBF4
:1001E000F3633D44069F294482EA030525405540B8
:1001F0002944404D03EBF1514D442C4483EA010561
:1002000015405D40254401EBB54581EA050404EA4B
:1002100003024A405A44AEF5B82B05EB3232ABF23A
:10022000BE6B54405B442344334C3C4402EB337379
:10023000099F0C4485EA0201594021442F4C3C445B
:1002400003EB7151019F254482EA03044C4025448D
:100250002B4C444401EB3545144483EA01026A40C7
:100260002244284C3C4405EB7222049F1C4481EA42
:10027000050353402344244C3C4402EB337347E0D2
:1002800078A46AD7EECEBDC156B7C7E8DB7020248C
:10029000AF0F7CF52AC68747134630A8019546FD67
:1002A000D8988069AFF7448BBED75C892211906BD8
:1002B000937198FD8E4379A62108B44962251EF6F4
:1002C00040B340C0515A5E26AAC7B6E95D102FD68A
:1002D0005314440281E6A1D8C8FBD3E7E6CDE1215F
:1002E000D60737C3870DD5F4ED145A4505E9E3A9C0
:1002F000F8A3EFFCD9026F6781F6718722619D6DCB
:100300000C38E5FD44EABEA4A9CFDE4B8A4C2A8D09
:10031000089F0C4485EA020159402144894C4C4411
:1003200003EB7151254482EA03044C402C44864D72
:100330003D4401EB34440A9F154483EA01026240C4
:100340002A44824D3D4404EB7222039F1D4481EAFE
:10035000040353402B447E4D554402EB3373294430
:1003600084EA02055D4029447A4D3D4403EB715116
:10037000059F254482EA03044C402C44764D3D44BD
:1003800001EB3444079F2A4483EA01056540154484
:10039000724A3A4404EB75250B9F134481EA040228
:1003A0006A401A446E4B634405EB32720B4484EA94
:1003B0000501514019446B4B3B4402EB7151029FC4
:1003C0001C4485EA02034B401C44674B3B4401EB51
:1003D0003444039F1D4482EA010363402B44634D70
:1003E00004EB7323554463EA010A2A44604D8AEA08
:1003F000040A4D44524429445E4D03EBB262454425
:1004000062EA04092C445C4D89EA030975444944B5
:1004100002EBB15161EA03082B44584D88EA020807
:100420006544444401EB744464EA020E2A44544D8A
:100430008EEA010E3D44734404EBF32363EA010C9E
:100440002944089D8CEA040CA5F580156244A5F6A4
:10045000833503EBB262254462EA04075F40394406
:10046000019F02EBB15161EA030454402C44454D15
:1004700001EB74443D4464EA02072B44424D4F4073
:100480003B44069F04EBF3233D4463EA01072A44FF
:100490000B9D67403A443D4F03EBB2622F443C4D05
:1004A00062EA040C3944059F8CEA030C3D44614424
:1004B0002C44384D02EBB15161EA030757403C44EC
:1004C0000A9F01EB74443D44049F1D4464EA020307
:1004D0004B402B44304D04EBF3233D442F4F154448
:1004E00063EA010262402A44099D03EBB2622F4491
:1004F0002B4D0F4462EA040159403944029F02EB3C
:10050000B1513D44079F254461EA030454402C4403
:10051000244D3D4401EB74442B4485682644154426
:1005200064EA02024A4085601A4403691C44436934
:1005300006EBF22619440461C66041610DB0BDE8C6
:10054000F08F00BF604BBBF670BCBFBEC67E9B2861
:10055000FA27A1EA8530EFD4051D880439D0D4D913
:10056000E599DBE6F87CA21F6556ACC4442229F469
:1005700097FF2A43A72394AB39A093FCC3595B652B
:1005800092CC0C8FD15D84854F7EA86FE0E62CFE67
:10059000144301A3A111084E827E53F735F23ABDF0
:1005A000BBD2D72A91D386EB0023C0E90033084B96
:1005B000836003F18833C36003F12943A3F59613E5
:1005C000A3F68B630361A3F188334361704700BFD7
:1005D000012345672DE9F843141E05460E4630DD1C
:1005E000036803F03F071B19036022BF4368013310
:1005F000436097B1C7F1400844450EDB00F118098C
:1006000042464644A4EB080409EB070000271FF00C
:10061000E9FE49462846FFF77FFC264403E0403CBC
:100620002846FFF779FC3F2CA6EB0401F7DC002CF1
:1006300007DD05F1180022463844BDE8F8431FF0F5
:10064000D1BEBDE8F883000037B50D460446D0E9B9
:100650000021530F43EAC103D10002F03F02372AC1
:10066000CDE9001394BFC2F13802C2F178021749F4
:10067000FFF7B0FF082269462046FFF7ABFFA368EB
:100680002B70A3681B0A6B706389AB70E37AEB7005
:10069000E3682B71E3681B0A6B71E389AB71E37B41
:1006A000EB7123692B7223691B0A6B72638AAB722D
:1006B000E37CEB7263692B7363691B0A6B73E38AD8
:1006C000AB73E37DEB7303B030BD00BF7F800708E1
:1006D00010B5002210F0010304D0A1B310F8012BD3
:1006E0001202013910F0030405D002291ADB30F898
:1006F000024B1219023908290BDB50F8044B12196E
:1007000042F1000250F8044B121942F1000208397C
:10071000F1E7022906DB30F8024B121942F1000220
:100720000239F6E719B10478121942F10002C2F356
:100730000F44C2F30F021219C2F30F44C2F30F02A7
:10074000121903B152BA104610BD130911D051F855
:1007500004CB40F804CB51F804CB40F804CB51F85B
:1007600004CB40F804CB51F804CB40F804CB013B58
:10077000EDD112F00F0305D011F801CB00F801CB39
:10078000013BF9D17047000008290A4613B5044619
:1007900005DD00230F491048009310F08FFE48221A
:1007A00000211FF01DFF04F11403201DE36010233E
:1007B0002361FCF771F90346206020B900902246BE
:1007C00006490748E9E70221FCF77EF9002002B05C
:1007D00010BD00BFBF80070805010380D88007084F
:1007E0000F01038007B590F8252090F8243093423C
:1007F00005D0002303490448009310F05FFE03B0C6
:100800005DF804FBF38007080401038002224FF027
:10081000FF3370B504460E4600681146FCF798F9A0
:10082000FCF7B2FB94F824300546012103F10A02DB
:10083000013303F0070344F82260206884F8243071
:10084000FCF742F994F8243094F82520013303F0A2
:100850000703934203D102212068FCF763F928467D
:10086000BDE87040FCF7A6BB0222002373B5044626
:100870000E4600681146FCF76BF9021E01DB930778
:1008800009D4002316491748009310F00FFE4FF0CB
:10089000FF3002B070BDFCF777FB94F824300546BA
:1008A000012103F10A02013303F0070344F8226037
:1008B000206884F82430FCF707F994F8243094F881
:1008C0002520013303F00703934203D1022120685E
:1008D000FCF728F92846FCF76DFB0020D9E700BF9C
:1008E000088107080F010380F7B5174604460E4636
:1008F000FCF7A2FB002F4FF0020205464FF001016A
:1009000014BF3B464FF0FF332068FCF721F9021E6D
:1009100001DBD30709D4002317491848009310F0CE
:10092000C5FD4FF0FF3003B0F0BDFCF72DFB0746CF
:100930002EB194F825300A3354F82330336094F8FC
:10094000253002212068013303F0070384F82530A5
:10095000FCF7BAF894F8242094F825309A4203D191
:1009600001212068FCF7DEF83846FCF723FBFCF792
:1009700063FB401BD7E700BF208107080D01038000
:1009800073B5022204460D46002301210068FCF7DE
:10099000DFF8021E01DBD30709D4002316491748EC
:1009A000009310F083FD4FF0FF3002B070BDFCF7F4
:1009B000EBFA06462DB194F825300A3354F823306B
:1009C0002B6094F8253002212068013303F00703DF
:1009D00084F82530FCF778F894F8242094F8253032
:1009E0009A4203D101212068FCF79CF83046FCF7BD
:1009F000E1FA0020D9E700BF3E8107080F0103801C
:100A000037B504460D46242200211FF0E9FD04F10C
:100A10001403221D2946E36010234FF6FF70236163
:100A2000FDF7A6F90346206028B900902246034945
:100A3000034810F043FD002003B030BD5C8107087F
:100A40000F01038073B50D460446FCF7F5FA064620
:100A5000002D206814BF29464FF0FF31FDF7A0F9A3
:100A600050B10023224606490648009310F01EFDAF
:100A70004FF0FF3002B070BDFCF7DEFA801BF9E7E3
:100A8000768107080D01038013B504460068FDF761
:100A9000AFF930B10023226803490448009310F0F5
:100AA0000DFD02B010BD00BF928107081601038042
:100AB0007047000013B53022002104461FF090FD5E
:100AC0000C4B201D636004F11403E3601C232361BD
:100AD000FCF7D8FF0346206048B90090224606493B
:100AE000064810F0E3FC4FF0FF3002B010BD0020CC
:100AF000FBE700BFA8810708B38107080F01038047
:100B000013B504464FF0FF310068FCF7D3FF30B156
:100B10000023224603490448009310F0CFFC02B0A2
:100B200010BD00BFC88107081501038013B5044636
:100B30000068FCF7D7FF30B1002322460349044880
:100B4000009310F0BBFC02B010BD00BFDE810708AF
:100B50001701038007B50C4B0C4803600C4B8360F6
:100B60001C23C36003234360FCF78CFF094B186010
:100B700030B90346024600900749084810F09EFC31
:100B800003B05DF804FB00BFF681070810FE0024E7
:100B9000F4FD0024F0FD0024058207081D010380F8
:100BA000094B07B54FF0FF311868FCF783FF30B1F0
:100BB0000023064906481A46009310F07FFC0120E6
:100BC00003B05DF804FB00BFF0FD0024328207088B
:100BD00015010380074B07B51868FCF783FF30B198
:100BE0000023054905481A46009310F067FC03B03E
:100BF0005DF804FBF0FD00244A820708170103801A
:100C0000FCF71ABA08B5FDF719FE014B186008BDCC
:100C1000DC57002408B5FDF711FE034B1B681B1AB7
:100C20005842584108BD00BFDC5700242DE9F34766
:100C3000824623489146884602681D46052A04DDFF
:100C4000002320490093204827E06C211F4F01FB1F
:100C500002F60132BC1902600A46002120461FF04C
:100C6000BFFC1B4B2846A561BAF1000F08BF9A468E
:100C70000A9BE3614423C4F804A0236106F128031E
:100C80003B44E3601FF062F800236061236230B9E7
:100C9000034600902A460F490F4810F00FFC321D02
:100CA000494640463A44FDF7B1FD0346B85118B9EC
:100CB00002460A490090C6E7204602B0BDE8F08728
:100CC000685A0024788207082D010380E057002429
:100CD00064820708958207081F010380B68207080F
:100CE0000FF0F0BB0FF060BB0FF046BC38B5094BFE
:100CF0000D4604464022184600211FF071FC1022C8
:100D000029462430FFF721FD034B5C43034B1C6055
:100D100038BD00BF705A002490D003006C5A0024E4
:100D200070B51C4C0025FF269CB0256065602581B0
:100D3000A672E67200682561E06006A865612583F9
:100D4000A676E676126884F82330E2610A0A84F80F
:100D5000211084F820201A0A84F82220FFF724FCAE
:100D60004022214606A8FFF735FC02A906A8FFF796
:100D70006BFC042202A90DEB0200FFF7E6FC064B18
:100D80001C68019B1C44FFF73BFFFA2303FB004058
:100D90001CB070BD705A00246C5A002438B505464A
:100DA0000C46FFF737FF20B12046A84794F904000E
:100DB00007E02268214628460C3201F01FFA00287D
:100DC000F4D038BD00B589B060B1292300908DF80A
:100DD0000810694605488DF80930FFF7DFFF09B0B4
:100DE0005DF804FB6FF00F00F9E700BFA11F0508D5
:100DF00030B50D4689B0114600F0E8FD0446A0B1BB
:100E0000009069460A488DF80850FFF7C7FF60B1A7
:100E100004F10C00FFF74CFE04F13000FFF7E2FC98
:100E200021460024082004F0D1F8204609B030BD46
:100E30004D19050800B589B038B1292300906946DD
:100E400003488DF80930FFF7A9FF09B05DF804FBEE
:100E5000B51B050838B5054640B1FFF7EBFF044662
:100E600010B9284600F0E4FD204638BD0446FBE7F3
:100E700000B589B068B161B15AB1009006488DF8EB
:100E80001030CDE902126946FFF788FF09B05DF81E
:100E900004FB6FF00F00F9E73D1F050800B589B0AE
:100EA00070B1094B0090002908BF19460748ADF8FA
:100EB0000C2002916946FFF771FF09B05DF804FB51
:100EC0006FF00F00F9E700BFF4820708611C050806
:100ED00000B589B048B100908DF80E1069460448FD
:100EE000FFF75CFF09B05DF804FB6FF00F00F9E756
:100EF000A11C050800B589B070B1094B009000290C
:100F000008BF19460748ADF80C2002916946FFF763
:100F100045FF09B05DF804FB6FF00F00F9E700BF73
:100F2000F4820708E51C050800B589B038B10090C7
:100F300069460448FFF732FF09B05DF804FB6FF023
:100F40000F00F9E7A51D050800B589B040B1009074
:100F5000029169460448FFF721FF09B05DF804FBE0
:100F60006FF00F00F9E700BF491E050829B102B173
:100F700012688A608B81FFF7E7BF6FF0050070474A
:100F8000F0B589B00E9E002837D0047804F0F00444
:100F9000102C35D190F8C04003F0040504F0020491
:100FA0002C4301D066B30024254601F1040C04E073
:100FB0005CF834707D1923D20134A242F8DC002D94
:100FC00002D1002009B0F0BD02DACEB16FF00045C9
:100FD000ADF80C2000220090029169460A48049264
:100FE0008DF81C30CDE90552FFF7D8FE0028E9D175
:100FF000002EE6D0069B3360E4E76FF00F00E1E7D8
:101000006FF00500DEE700BFD51E05081FB5CDE96E
:101010000212069A02A900920122FFF7B1FF05B061
:101020005DF804FB38B5044648B1FFF7B9FD00236D
:1010300094F908502372FFF7CDFD284638BD0546C8
:10104000FBE773B505460E4621B96FF00F04204645
:1010500002B070BD00230B600028F6D0FFF7E2FF5E
:1010600004468DF803000028F1D1AB6F13B96FF07F
:101070000E04ECE795F8C030DA07F8D49B0705F1C9
:10108000780007D501A9FFF77BFC013006D16FF08E
:101090000604DCE7224601A9FFF726FCD5F8C83094
:1010A0001BB100220121284698470DF10301019848
:1010B00000F032FC10B19DF90340C8E7019B002B02
:1010C000D5D03360C3E7002337B504460D460193FE
:1010D00019B96FF00F0003B030BD0B600028F8D0D5
:1010E000036B33B9FFF79EFF0028F4D16FF00A00BD
:1010F000F1E794F8C03002F00402303001A903F0A7
:101100000303134302D194F908207AB1FFF738FCA6
:1011100001300DD12046FFF785FF0028DBD194F880
:10112000C030DB07E2D46FF00600D4E7FFF7DCFB4A
:101130002378019803F0F003102B17D10DF1030170
:1011400000F0EAFB30B19DF9030010F10F0F08BF6A
:101150000020C0E7019B1A89D4F8C83013B10121DF
:1011600020469847019B00202B60B4E70368F2E714
:10117000036BF0B5044689B00F461646002B45D0E8
:1011800090F9C05090F8C030002D14DA03F07F03BE
:1011900080F8C030D4F8C8301BB1002201212046AD
:1011A000984763685BBB2046FFF73CFF051E08BFFE
:1011B0006FF00D051EE0FFF786FF0546D0B9320738
:1011C0003F680CD4CFB13A89237803F0F003102B99
:1011D00005D169460F4800940292FFF7DFFD4FB931
:1011E000F306D7D594F8C0306FF0060563F07F039F
:1011F00084F8C030284609B0F0BD0122E4E701219F
:1012000020466FF00E05FFF7DDFDF3E76FF00A05EE
:10121000F0E700BF9F1E050838B1037803F0F00324
:10122000102B02D10022FFF7A3BF6FF00F00704711
:10123000F7B504460E4621B96FF00F04204603B0FF
:10124000F0BD00270F600028F6D0037803F0F0030C
:10125000102B1BD10720019703F0ACFE054690B17F
:1012600020463A4601A9FFF783FF044620B12946EC
:10127000072003F0ABFEE1E7019BA881A860C5E968
:1012800000333560DAE74FF0FF34D7E73A46FFF72F
:101290001AFF0446D2E7002A14BF022300230029C4
:1012A0000CBF194643F00101FFF78CBD2DE9F34156
:1012B00017461D46BDF82080064628B9384602B0BC
:1012C000BDE8F04104F0C7B8036B002BF6D007204F
:1012D00003F070FE04460028F0D0C0E9007705B1A5
:1012E0002D683A89214606F13000A560A4F80C80EB
:1012F0000192FFF7B9FA019A014628B1204602B0DF
:10130000BDE8F04100F08EBED6F8C83023B13046BB
:1013100002B0BDE8F041184702B0BDE8F08100001E
:1013200007B501464068019004F029FD019809497C
:1013300004F028FD0198084904F028FD01980222D4
:10134000064904F031FD0649019803B05DF804EB4D
:1013500004F020BDB918050865180508951705089B
:1013600065130508F7B504460D46FFF719FC00277D
:1013700094F8C030667843F001036760257284F802
:10138000C0306770FFF726FCD4F8C8301BB13A466E
:10139000042120469847D4F8C8301BB100222046CB
:1013A00011469847D4F8C8301BB1002202212046CC
:1013B000984705F10F03DBB2022B96BF1A4A0021B2
:1013C00052F82310236B2BB104F130000191FFF789
:1013D0004BFA0199A36F1BB104F17800FFF744FAAF
:1013E000012E02D0F31E012B1BD894F8C03023F03D
:1013F000040213F0040384F8C02012D1D4F8C420EE
:10140000042E106808BF13714FF0000300F10C00A8
:1014100018BF1571C4F8C43003B0BDE8F040FFF741
:1014200033BB03B0F0BD00BFD482070870B50546DA
:1014300038B3D0F8C44014B1227124680C342B782E
:1014400003F0F003102B03D112B92846FFF768FF11
:1014500095F8C030002203F0040623F00403C5F819
:10146000C42085F8C030D5F8C8306A7013B10221A5
:10147000284698471EB920462CB1FFF705FB0020EF
:1014800001E06FF0050070BDD0F8C4302DE9F74FD2
:101490001B7F044690F8C060884603F004024FF6B4
:1014A000FF7B06F002061643D4F8C450AA682869E8
:1014B000116852680144121A6068B2F5803FB0F8B2
:1014C00064702ABF4FF6FF791FFA82F943F00203D6
:1014D000B94542D9002E3CD0002F3CD1AB69002B3E
:1014E0000CBF6FF006050025D4F8C430D3E90532EF
:1014F0009A426CD2D4F8C8301BB100220321204696
:10150000984794F8C03043F0100384F8C030002DA1
:1015100072D1D4F8C430D3E905329A426AD0003E81
:1015200018BF0126606806F03DFE043077D16FF0E9
:101530000305D4F8C4301D7100251868C4F8C450E0
:101540006570B8F1000F70D00C30FFF79DFA284697
:101550005CE043F00203B94604E0D94502D1B2F59C
:10156000803F05D292B24A4526D1AA89012A23D9C1
:1015700043F002034FF0010A4A46019306F0F9FADC
:101580000546E0B9D4F8C470019BBA69B9684A4409
:101590004868BA613A694A4482423A6107D1BA89D5
:1015A000013A92B2BA8112B108313D61B960BAF123
:1015B000000F7FF479AF08E04FF0000ADCE7431C2E
:1015C000DBB2012BB5D84FF0FF35002E8CD163680C
:1015D000B3F86420B2F5866F03D3B3F86630042BFA
:1015E00095D9D4F8C830002B91D000220321204691
:1015F00098478CE7012695E76B1C9AD1606806F046
:10160000D1FD043093D026B94FF0FF3003B0BDE8D0
:10161000F08FD4F8C4309B6923B1002589E7002EF0
:10162000FBD1F1E76FF0060583E74046EEE70000E7
:101630002DE9F84FD0F8C4300546894644681B7A36
:10164000032B03F0010A03F002080FD0BAF1000FD8
:1016500005D0237D5A1F012A08D9082B06D0B8F1DE
:10166000000F16D0678B17F0100704D00127002158
:10167000204604F084FB237D012B0CD10021204661
:1016800004F08CFB27BB42465146204604F032FF53
:1016900021E04746EFE7BAF1000F07D000212046CE
:1016A00004F070FB0021204604F078FBB8F1000F35
:1016B00003D00021204604F069FB002FE3D0002274
:1016C0002046114604F070FB0021204604F062FB26
:1016D000204604F073FE064668B1431C0BD1D5F8D2
:1016E000C43093F809B0BBF1000F35D11FB15E468D
:1016F000204604F0D9FCD5F8C4301C681E710023C4
:10170000C5F8C4306B70E6B93FB1D5F8C8306E602B
:101710001BB13246042128469847BAF1000F06D083
:10172000D5F8C8301BB10022284611469847B8F1B9
:10173000000F06D0D5F8C8301BB100220221284680
:101740009847B9F1000F1CD0002604F10C00FFF7F8
:101750009BF93046BDE8F88FB8F1000F03D00A4975
:10176000204604F013FB01222046084904F01CFB2C
:101770002046074904F00EFB2946204604F0FFFAF4
:10178000E7E74E46E5E700BF651805089517050829
:101790006513050810B54178044601291DD1FFF7EE
:1017A00073FE94F8C030DA0615D562689AB1B2F8C3
:1017B0006410B1F5866F0ED3B2F86620042A0AD8F9
:1017C00023F0100384F8C030D4F8C8301BB10022D5
:1017D000022120469847002010BD0429E1D1D0F80D
:1017E000C4201AB1537A0BB1013B53720121204638
:1017F000FFF71EFFD5E70000F7B50F46054680B19D
:10180000036B73B14FF42071002003F0C8FF06464C
:1018100038B1072003F0CEFB044628B9304603F068
:101820001AFE002003B0F0BD0D4B014632891B6942
:1018300001928360C0E900663B7C838105F1300042
:10184000FFF712F8019A014618B1204600F0EAFBB2
:10185000E7E7D5F8C830002BE3D028469847E0E703
:1018600088FE002438B515460446E0B141780129C8
:101870001BD1FFF709FE6368ABB1B3F86420B2F582
:10188000866F10D3B3F86630042B0CD894F8C030B0
:1018900023F0100384F8C030D4F8C8301BB12A46B6
:1018A000022120469847002038BD0429E3D10121B8
:1018B000FFF7BEFEDFE70000F8B50646154608460E
:1018C0000EB3346B54B912B900242046F8BD118907
:1018D00004F008FA284603F0BEFDF6E782B1178946
:1018E000294606F13000FEF7BFFF044670B9D6F86E
:1018F000C830002BE8D001463A4630469847E4E726
:10190000044D1746ECE76FF00504DEE74FF0FF34B7
:10191000DBE700BFE1820708094B984203D1F323BC
:1019200001200B707047074B984201D1F223F7E773
:10193000054B984201D1F123F2E70020704700BF28
:10194000E0820708E2820708E182070838B5002331
:101950000568044603716868002832D12B7803F0CB
:10196000F003202B1BD0402B0AD0102B27D104F0E2
:1019700095FC6860206843687BB1FFF7D1FC09E003
:10198000217A04F061F822686860506828B10D4936
:1019900003F081FF23685B689BB9FF2310E007F029
:1019A000E0F82268686050680028F6D0137806498D
:1019B000222B04BF0123037407F0A6F8EAE7FA23F9
:1019C000237138BDF9170508AD12050870B5054635
:1019D00008200E4603F0EEFA044638B300230570E3
:1019E0000372436005F0F000202803D0402801D0A6
:1019F00010280FD104F1300500212846FEF7C4FE5F
:101A0000014638B904F10C00FEF7FAFF40B1284650
:101A1000FEF7E8FE21460820002403F0D7FA05E08F
:101A2000A067607084F8C000C4E93106204670BD2C
:101A300010B504460C30FFF73BF800232146082080
:101A4000E360BDE8104003F0C1BA036BF7B504468C
:101A500063B100F1300501A92846FEF791FF01307E
:101A600015D12846FEF7BEFE00232363A36F63B1A2
:101A700004F1780701A93846FEF782FF013019D139
:101A80003846FEF7AFFE0023A36703B0F0BD23780E
:101A9000019803F0F003102B09D10DF10301FFF7BA
:101AA0003BFF0028D7D1019803F0D5FCD3E700F025
:101AB000B9FAD0E70DF103010198FFF72DFF0646B3
:101AC0000028D7D1019D2846FFF7BFFF686810B1F5
:101AD00004F0EAFA6E602846FFF7AAFFCAE70000A2
:101AE000F7B50D46044620B96FF00505284603B04A
:101AF000F0BD836F002BF7D000F1780771B92C4946
:101B00003846FEF7B1FE02460028EDD1D4F8C830C1
:101B1000002BE9D0014620469847E5E7D0F8C810E9
:101B20000078FFF753FF064670B921493846FEF7A3
:101B30009BFE024628B9D4F8C83013B101462046AE
:101B400098474FF0FF35D1E74560FFF7E9FB314695
:101B50003846FEF789FE054600B370680021002470
:101B6000019004F00CF90198002104F00BF90198A0
:101B7000002104F00BF900220198114604F014F939
:101B80000021019804F006F906F130007460FEF7B8
:101B900029FE30463463FFF74BFFD2E7D4F8C83054
:101BA000002BA3D002460146204698479EE700BF7F
:101BB000E082070870B504460068437813F0FD0F13
:101BC00008D0032B03D190F8C0305B0702D4FB236D
:101BD000237170BD00252571FFF737FF2368586812
:101BE00030B31A7802F0F002202A32D0402A1AD0FC
:101BF000102A1AD10422294618465A70032222724A
:101C0000C3F8C440FFF714FD0028E2D01348FEF7E4
:101C10008DFF206829460C30FEF714FF0F48BDE801
:101C20007040FEF76DBF03F0DFFE236800225A60AC
:101C30002068D0F8C83013B10022114698472068B8
:101C4000D0F8C830002BC4D000220221BDE870407B
:101C50001847456206F05CFFE7E700BF20FE00245E
:101C6000036810B50446586840B11B7803F0F003D0
:101C7000202B0BD0402B04D0102B0CD06FF0050084
:101C800002E0A16803F0EAFD207110BDA289A168FD
:101C900006F0C0FDF8E7A289A16803F049FFF3E769
:101CA00010B50446807B03F011FB014658B1236850
:101CB000586840B11B7803F0F003202B0BD0402B69
:101CC00004D0102B0AD06FF0050302E003F0CFFD23
:101CD0000023237110BD06F0E7FEF9E703F078FF5B
:101CE000F6E70000026813B50446506800284BD0A0
:101CF000137803F0F003202B0CD0402B06D0102BD0
:101D00000DD06FF00500207102B010BDA16803F086
:101D1000B5FDF8E7A289A16806F0CEFEF3E7537897
:101D2000032B34D0002B35D11046FFF7F9FA206889
:101D30001A4BA289A168406804F04CF80028E2D14F
:101D40002268032192F8C030517013F0020106D0CE
:101D500043F004036FF0040082F8C030D3E723F0AF
:101D60000403C2F8C4400E4882F8C0300191FEF767
:101D7000DDFE206801990C30FEF764FE084802B0D1
:101D8000BDE81040FEF7BCBE6FF00E00BBE76FF081
:101D90000800B8E76FF00900B5E700BF2D1405088B
:101DA00020FE0024036873B504465868002845D017
:101DB0001A7802F0F002102A42D15B78002B39D158
:101DC000067D1EB1FA238DF8073020E00DF10702E1
:101DD000FF2103F005FF0546C8B12068036B23B15E
:101DE0003030FEF7FFFC23681E6320680023866FF7
:101DF0008DF8073086B12168022328464B704D606C
:101E000003F0BDFF23680F49586803F0C7FF9DF832
:101E10000730237102B070BD31467830FEF7B4FC54
:101E20008DF807000028E6D0284604F0C7FA23689A
:101E30005E60ECE7022B01D10023C4E7F523C2E783
:101E4000F023C0E7E11A050810B504460068FFF763
:101E5000E9F878B923685868F0B11B7803F0F0030B
:101E6000202B0DD0402B17D1A268936811681BB9A5
:101E700003F0B6FD207110BD083203F080FDF9E7D4
:101E8000A2689368116813B906F004FEF2E793891B
:101E9000083206F0C5FDEDE76FF00A00EAE7F8B595
:101EA00000230446037103685A6892B11B7803F05B
:101EB000F003102B0DD185684FF6FF77BD422E46FB
:101EC000236828BF3E465868B1B203F00BFFAD1B34
:101ED000F4D1F8BD13B504460068FFF7A3F808BBBA
:101EE0002068037803F0F003102B19D14178E1B991
:101EF0004368EBB10123C0F8C44001914370FFF780
:101F0000C3FA80B10C48FEF711FE206801990C302D
:101F1000FEF798FD084802B0BDE81040FEF7F0BD9E
:101F20006FF00500207102B010BD6FF00400F9E7FA
:101F30006FF00A00F6E700BF20FE00240268536835
:101F400030B59BB1017C846899B11D68256000247F
:101F50000471127802F0F002202A12D0402A0AD02E
:101F6000102A05D1B9B91A7D012A17D8F5230371B2
:101F700030BD5D68EAE70029F8D0C2681B7C138099
:101F8000F6E711B1C2685B8AF9E71A7C5207EDD512
:101F9000C2689B8AF3E7DB8AC268F0E71B8BFBE72A
:101FA00010B504460068436863B1037803F0F0039A
:101FB000102B07D1227A4378032A01D0022B01D0BB
:101FC000032B02D1F523237110BD012B01D1FB237B
:101FD000F9E7D30701D5FFF738FD20680423002176
:101FE0004370C0F8C440FFF723FB0028ECD006483C
:101FF000FEF79CFD206800210C30FEF723FD02480F
:10200000BDE81040FEF77CBD20FE002410B507207F
:1020100002F0D0FF044618B1102200211EF0E0FAB1
:10202000204610BD10B5044660B1006820B103F031
:1020300012FA0023C4E9003321460720BDE810400E
:1020400002F0C4BF10BD10B5044630B1006808B13D
:1020500003F001FA0023C4E9003310BD70B50E4649
:1020600015460446A0B1006808B103F0F4F9412216
:102070000021362003F022FA206018B960604FF08A
:10208000FF3070BD46600581458160600020F8E743
:102090006FF00F00F5E7000007B52748FEF730FDA9
:1020A000264B1B6813B1264A10689847224D254ECF
:1020B00006F0DCFA431C044621D12846FEF736FD23
:1020C000002201A93046FEF70FFC2846FEF718FD56
:1020D000019C002CECD02378012B23D0022B27D09D
:1020E000002BE5D16068D4E90213984710B160680D
:1020F00003F0B1F921460A2002F068FFD8E710B9D1
:1021000006F092FAD4E72846FEF710FD224601A910
:102110003046FEF7E9FB04462846FEF7F1FC0134A1
:10212000EED0D5E7D4E90130984721460920E3E70E
:10213000D4E901309847BBE720FE0024B05A0024C0
:10214000B45A0024B85A0024F8B507460A200E46AF
:10215000154602F02FFF044668B100230146C56012
:102160000370C0E901760548FEF77EFB28B12146E1
:102170000A2002F02BFF4FF0FF30F8BDB85A0024C0
:1021800091F83D3013F0180F14BF024A024AFFF7CE
:10219000DBBF00BF958B0508B93E050838B505467D
:1021A00009200C4602F006FF014640B10123C0E9B8
:1021B000015403700348FEF729FB002038BD4FF09F
:1021C000FF30FBE7B85A002470B5064609200D46DB
:1021D00002F0F0FE044660B1012301460370C0E93D
:1021E00001650548FEF740FB28B12146092002F0B1
:1021F000EDFE4FF0FF3070BDB85A002470B5064EAA
:102200000D4604463046FEF77BFC2846A047304684
:10221000FEF78CFC002070BD20FE002437B505467B
:102220000C4602F001FD0B4B00210B481D600B4BCF
:102230001C60FEF7A9FA0A48FEF73CFC18230022AE
:10224000084900934FF496630748FEF7EFFC03B08C
:1022500030BD00BFB05A0024B85A0024B45A00243C
:1022600020FE002499200508E382070843798B4269
:102270001FBF00234171837103817047130A0B5400
:10228000431C02309BB280B2CA547047130E0B54E9
:10229000431C10B59BB2140CCC54831C140A9BB283
:1022A000CC54C31C04309BB280B2CA5410BD000091
:1022B0002DE9F8430E4617469946054620B94FF0DA
:1022C00000084046BDE8F8830029F8D04FF420729A
:1022D0004FF49A71362003F0F1F880460028EED0D2
:1022E000032F02D17379032B07D1B379234C13B990
:1022F000FEF7FAFC206023683360D8F804404FF4FE
:102300009A72002120461EF06BF90123042F2370DE
:10231000637095F83C30A37033681BBA636008D0D3
:10232000FB1F012B05D9032F05D17379043B012B2A
:1023300001D86B68E36005F1360304F11C023C35FB
:1023400013F8011BAB4202F8011BF9D163236FF0B4
:102350007D0284F8F27084F8EC3084F8EF30352395
:1023600084F8ED20532284F8F030012384F8EE2025
:1023700084F8F1300323A9F80030A2E7085B0024B9
:102380000346104630B45C1CFF25A2B2CD5411FAAE
:1023900084F100251446432C0BD9442AC3F1430190
:1023A00003F1F10388BF0021194430BC89B203F066
:1023B0000BB9013401F8015BA4B2ECE7F0B50023DE
:1023C000846A85B0064606212046E361FFF74EFF8A
:1023D0000DF10E03012221463046FFF769FF054645
:1023E000002838D041683922BDF80E30F031294F2D
:1023F000981CCA540133022280B29BB2CA54B28ED6
:10240000ADF80E00FFF73AFF3723421C0B5492B28F
:10241000042302308B54ADF80E00BDF80E20013BB2
:1024200017F801CB501C13F0FF0301F802C080B273
:10243000ADF80E00F1D12A46FFF7A2FF164B174860
:102440002946174ACDE900634323006806F044FAA1
:10245000284603F000F8A3790020FF2B1CBF0133AE
:10246000A371A279052A97BF01234EF660239340FA
:10247000C3EB431298BF03EB82034FF4FA729CBF85
:10248000DB009BB203F2F313B3FBF2F3238105B03D
:10249000F0BD00BFEE820708F4820708005B00244D
:1024A000F882070838B5846A054608212046FFF7F8
:1024B000DDFE002204F11C01284601F0B5F8A379E5
:1024C000FF2B1CBF0133A3710123238138BD23B52A
:1024D0000546002855D0806A002852D00023438248
:1024E000836A5A1C0CD01E33B3F5701F36BF3C22D2
:1024F0004FF6FF73B3FBF2F39AB2002B43D0828204
:10250000C36A591C0ED01E33B3F5701F36BF3C2270
:102510004FF6FF73B3FBF2F39AB2002B36D0428131
:102520004389C381036B5A1C0DD01E33B3F5701F52
:1025300036BF3C224FF6FF73B3FBF2F39AB243B3BC
:10254000828183890382838942899A4202D30BB1B3
:1025500000234381C379FBB1036A0093436A01936B
:102560002BB9C369009A134043F0807301930A2189
:10257000FFF77CFE01AB00F11C016A46284602F021
:1025800081FD02B020BD01238382B9E7012343818D
:10259000C6E701238381D4E790F91C20037F002A3A
:1025A00001DBFF23D9E7BF2B8CBF6FF07F434FF6D2
:1025B000FF73D2E770B5114C2678B6B9104D06F00E
:1025C000C1FA2860B0B1427A0E4942F0200242724C
:1025D000442206F01FF943220A49286806F06CFAE3
:1025E00032460949286806F08FFA23780020013323
:1025F000237070BD4FF0FF30FBE700BF045B002489
:10260000005B0024F48207087129050830B5836A4D
:102610000246224C002085B0C3E90800E07810B1E2
:102620001F48C0689862207900282FD01C48006994
:10263000D862607900282CD0194845691D63096962
:10264000D961A17921B11649896909BA19620121B3
:10265000D971E17919B11249C96909BA5962237A64
:1026600093B10F4D03A9002001922B6A1BBA03936B
:1026700002F014FA637A3BB16B6A03A9019A012054
:102680001BBA039302F00AFA05B030BD986A4008FD
:10269000CEE79D6AC5EBC505ED08CFE750FE0024E7
:1026A0005CFE0024F8B504460D461646AAB1104655
:1026B0001EF046FE88B1C4F14103984228BF184677
:1026C0000C232B55A31C013432189BB2A4B22855FD
:1026D0001C46964203D11C18A4B22046F8BD16F839
:1026E000017B611C2F558CB2F3E700002DE9FF41FF
:1026F000856A804603212846FFF7B8FD0DF10E03D9
:10270000032229464046FFF7D3FD074600286BD039
:1027100044683922BDF80E300426F034981CE25487
:102720000133022280B29BB22146E2544FF4107270
:10273000ADF80E00FFF7A2FD03463222013322540A
:1027400002309BB280B2E654EA69ADF80E0012BACC
:10275000FFF79CFD3723264A2354431C02309BB2CB
:10276000E654ADF80E00BDF80E30013E12F8011B24
:10277000581C16F0FF06E15480B2ADF80E00F2D1FD
:102780002146D8F83020FFF78DFF21463A46ADF8B4
:102790000E00FFF7F5FD1748CDF800804323164AD9
:1027A0003946006806F01EF90446384602F053FE2A
:1027B000AB792046FF2B1CBF0133AB71AB79092BE2
:1027C00096BFC3EB431242F2107303EB82034FF444
:1027D000FA729CBFDB009BB203F2F313B3FBF2F37C
:1027E0002B8104B0BDE8F0814FF0FF34E0E700BF7B
:1027F000EE820708005B0024F88207082DE9FF41FC
:102800000746002800F09380846A002C00F0928034
:1028100001212046FFF72AFD0DF10E030322214678
:102820003846FFF745FD804600287DD045683922AF
:10283000BDF80E300426F035981CEA54013302220C
:1028400080B29BB22946EA54BA8EADF80E00FFF76B
:1028500015FD322300F1020C2B54431C1FFA8CFC93
:102860009BB26046EE54E269ADF80EC012BAFFF7B3
:102870000DFD0346362201332A5402309BB280B24A
:10288000EE54A269ADF80E0012BAFFF7FFFC372331
:102890002A4A2B54431C02309BB2EE54ADF80E0072
:1028A000BDF80E30013E12F8011B581C16F0FF0651
:1028B000E95480B2ADF80E00F2D129463A6BFFF729
:1028C000F1FE29464246ADF80E00FFF759FD1C4BBC
:1028D0001C4841461C4ACDE900734323006805F0BB
:1028E000FBFF0546404602F0B6FDA379FF2B1CBF57
:1028F0000133A371A279052A97BF01234EF6602305
:102900009340C3EB431298BF03EB82034FF4FA7278
:102910009CBFDB009BB203F2F313B3FBF2F3238102
:10292000284604B0BDE8F0814FF0FF35DDE76FF0D9
:102930000F05F5E76FF00505F2E700BFEE82070827
:10294000F4820708005B0024F882070838B5064BBC
:102950001C78013CE4B21C7024B9044D286806F0D0
:10296000D7F82C6038BD00BF045B0024005B002456
:10297000AE4B2DE9F04F5F6889B09346BB6A009378
:10298000ABB31B799BB353892B2B30D95268137887
:10299000022B2CD197F83C4007F1360002F11C01C4
:1029A0000023DDB2AC4201D9062B19D15368009A3D
:1029B0001BBA12689A421AD100239D4A4FF0F009BF
:1029C000136053601381BBF808A00193D846B8F890
:1029D0000A304B4511D9D8F804304D460293DCE05B
:1029E00010F8016B013311F8015BAE42D9D05846A3
:1029F00002F031FD09B0BDE8F08FA9EB0309AAEBA5
:102A0000030AD8F800801FFA89F91FFA8AFAB8F188
:102A1000000FDCD1EBE7AB1C9BB2AB42E7D36C1CE5
:102A2000B8F80A2094420DDA029A2A44527806290C
:102A30001AD8062900F29880DFE801F0981F965E08
:102A400096966500D8F80020002A00F03981526877
:102A50001278ECE7082800F28780DFE800F0606673
:102A600070768585857C7E00A1F13300C6B2082E84
:102A7000F0D94FF0FF36002403E0042AB7D1144602
:102A8000062615444FF6FD718D42B0DC9D18ADB29F
:102A9000002C6CD000220792654AB2180392039969
:102AA00011F8012B0391002A61D1042C224607A9B9
:102AB000404628BF0422CDE9042302F01DFE049AFB
:102AC000824294D1042C40F28F80A2078FD1039BC5
:102AD0004FF00102043C03F8012C079AE4B2554B75
:102AE00012BA43F82620059B1A1D92B293423FF674
:102AF0007EAF01361346D2E7032A7FF678AF07266A
:102B00000424BEE7002291077FF471AF082A14461F
:102B100028BF082494423FF66AAF0826B1E7042A8A
:102B20007FF465AF14460326ABE7012A7FF45FAF5D
:102B3000B9F1F00F7FF45BAF14460026A1E7012A3C
:102B40007FF455AF144616469BE7042A7FF44FAF37
:102B50001446022695E7042AF2E7042A7FF447AFD9
:102B6000144605268DE70022002982D1A5B2B8F8C7
:102B70000A30AB4211D8ED1AAAEB030AADB21FFA24
:102B80008AFA5545BFF433AFD8F80080B8F1000F8A
:102B90003FF42DAFD8F804300293554504D2029B80
:102BA000595DFF297FF437AF214A137810466BBB7C
:102BB000019B002B32D14378002B3FF418AF1D4A04
:102BC000DBF804101379052B4AD1009B5B79012BAC
:102BD0003BD13846FFF71AFD97F83D3038461B07C2
:102BE0003BD5FFF75FFC02E70AD1079B1BBA104AEF
:102BF000079301239355079B0E4A42F82630B6E708
:102C0000012C7FF4F4AE9DF81C30F0E7094B002155
:102C10001B681170012B13D0022B0DD100234FF034
:102C20006C0A4FF02C090193D0E600BF88FE002407
:102C300050FE00245CFE0024032BB9D10123019334
:102C40004FF0EC0A4FF06C09C0E6033B022B3FF655
:102C5000CEAE3846FFF7DAFC3846FFF738FCC6E65A
:102C6000062B15D1009B5B79DA1E022A02D9012BB3
:102C70007FF4BDAEB86A0C21FFF7F8FA2A4B38464C
:102C80001A46194602F0FEF93846FFF797FBAEE602
:102C9000022B7FF4ACAE009B5B79062B7FF4A7AED2
:102CA0008378002B3FF4A3AE9268BB6A019812BAF6
:102CB000188138469A610A69DA61FFF79FFD96E646
:102CC000062913D806293FF64EAF01A252F821F08B
:102CD0006D2B0508EF290508672B0508EF29050866
:102CE000672B0508672B0508052B0508A1F13300A4
:102CF000C6B2082E3FF6BDAE08283FF634AF01A29B
:102D000052F820F0EF290508EF290508EF290508FA
:102D1000EF290508672B0508672B0508672B0508B1
:102D2000EF290508EF290508F4820708836A7BB1BB
:102D30005A79052A06D8022A06D84AB100229A7181
:102D4000FFF73CBB0A2AF9D100229A71FFF7CEBCEB
:102D5000704700007FB50646002841D0846A002CE9
:102D60003ED06379082B3BD10A68E3699A4237D198
:102D70000C212046FFF77AFA0DF10E0304222146BA
:102D80003046FFF795FA054618B341683222BDF880
:102D90000E30F031981CCA540133042280B29BB229
:102DA000CA54E269ADF80E0012BAFFF76FFA2A466C
:102DB000ADF80E00FFF7E4FA0A4B29460A480B4A21
:102DC000CDE900634323006805F086FD284602F044
:102DD00042FBA379FF2B1CBF0133A3711423238172
:102DE00004B070BDF4820708005B0024F882070875
:102DF000F0B5856A85B0074605212846FFF736FA03
:102E00000DF10E03032229463846FFF751FA064614
:102E100000285BD044683922BDF80E30F034981C8D
:102E2000E2540133022280B29BB22146E254BA8EB0
:102E3000ADF80E00FFF722FA3723421C2549235430
:102E400092B204230230A354ADF80E00BDF80E2058
:102E5000013B11F801CB501C13F0FF0304F802C032
:102E600080B2ADF80E00F1D121463A6BFFF71AFCA3
:102E700021463246ADF80E00FFF782FA1648009759
:102E8000432305F118023146006805F0ABFD044606
:102E9000304602F0E0FAAB792046FF2B1CBF01332D
:102EA000AB71AB79092B96BFC3EB431244F6206399
:102EB00003EB82034FF4FA729CBF1B019BB203F237
:102EC000F313B3FBF2F32B8105B0F0BD4FF0FF34E9
:102ED000E1E700BFEE820708005B002450B1806A82
:102EE00040B140790A2806D0043801288CBF002060
:102EF0000120C0B270470120FBE700007FB5846A63
:102F00000646002C4DD06379002B4AD0A369039369
:102F10000023C4E90633C4E90833C4E90B33A362D0
:102F2000E3812361A382FFF7D9FF50B30DF10A03B8
:102F3000072221463046FFF7BBF9054608B3416832
:102F40003622BDF80A30F031981CCA5401330422ED
:102F500080B29BB2CA54039AADF80A0012BAFFF7C6
:102F600095F92A46ADF80A00FFF70AFA0E484323FE
:102F7000009603AA2946006805F034FD284602F0B1
:102F80006AFA0A4B304619461A4602F07BF80021CD
:102F90002046FFF76BF923791BB1FFF7D7FC00231D
:102FA000237104B070BD00BF005B0024F4820708E9
:102FB00038B50446002839D090F83D30DA0735D5C9
:102FC000838E856AB3F5107F02D24FF0FF321BE08B
:102FD000E5B9342001F058FF05460028F5D0A0627D
:102FE0003422002128461DF0FBFAFFF7E3FA0246DF
:102FF0000028EAD101232B7194F83D305B070BD4F4
:1030000002212846FFF732F9104638BD2B79002BF4
:10301000E6D0FFF79BFCE3E72046FFF7CFF9024637
:103020000028F1D02046FFF769FFCEE76FF00F02CE
:10303000EAE700005E4B2DE9F0431D6885B00426E9
:103040005C4F15B905B0BDE8F083AC6A7CB163791B
:103050006BB1A18A69B1628A013292B291426282F5
:1030600007D12846FFF74AFF2846FFF7A1FF2D6842
:10307000E7E7228A002A7FD0511E012A21827BD1D4
:10308000013BDBB2092BF2D840F2192222FA03F3FA
:10309000DB07ECD504212046FFF7E8F80DF10E031D
:1030A000032221462846FFF703F98146002842D033
:1030B00041683922BDF80E3001F1F008981C08F87B
:1030C00003200133022280B29BB2414608F803205C
:1030D000AA8EADF80E00FFF7D1F83723364908F86D
:1030E0000030431C02309BB208F803600423ADF8A3
:1030F0000E00BDF80E20013B11F801CB501C13F05F
:10310000FF0308F802C080B2ADF80E00F1D12A6BBF
:103110004146FFF7C7FA4A464146ADF80E00FFF7B1
:103120002FF94323254A49463868009505F05AFC93
:10313000484602F090F9A379FF2B1CBF0133A3711D
:10314000A379092B96BFC3EB431242F2107303EB32
:1031500082034FF4FA729CBFDB009BB203F2F313BD
:10316000B3FBF2F3628A2381A38A9B1A012B7FF7B8
:103170007EAF5B1023827AE7E289002A3FF477AFC3
:10318000511E012AE1817FF472AF03F0FB02012A94
:1031900002D00A2B7FF46BAF2846FFF729FEA389E4
:1031A000628A9B1A012BC4BF5B10E3815FE700BFFB
:1031B00078180124005B0024EE820708F8820708D3
:1031C00038B51E4B00251C6804B938BDA36A23B16D
:1031D0001A89012A03D9013A1A812468F4E7FCD13B
:1031E0005A791D810C2A01D0062A03D12046FFF707
:1031F000E5F8F2E7012A0CD19B792046052B02D88D
:10320000FFF7FCFAE9E7FFF779FE2046FFF7D0FE6B
:10321000E3E7082A09D19B792046012B02D8FFF762
:1032200041F9DAE7FFF753F9D7E7032AD5D19B79BC
:103230002046012BDBD8FFF759FACEE77818012496
:1032400008B5FFF75BFE002008BDFFF757BE000082
:1032500070B51826074D04464643A85918B102F028
:10326000FAF80023AB511820002300FB0454237507
:1032700070BD00BF0C5B00242DE9F74F4FF00A0C26
:103280000024019106469046314DA146A346614671
:103290006746E64600940A2923B295F814A019D18E
:1032A000BAF1000F4CD04EB168683268824205D145
:1032B000B8F1000F36D0A868404533D0BAF1010FFD
:1032C000688A38D12A688AB3009A904205D39C460E
:1032D000009002E0BAF1000FE5D1013418350A2C54
:1032E000D9D1019B012B2FD10A290CD10A2F06D14C
:1032F000BEF10A0F26D1BCF10A0F25D06746384629
:10330000FFF7A6FF3946124826B11822336802FBA0
:10331000010253601823002203FB01035A82C3F801
:1033200008800B46184603B0BDE8F08F5845D4D34B
:1033300083469E46D1E74845CFD381461F46CCE71A
:103340001946CAE77746DAE74FF0FF33EAE700BFEE
:103350000C5B00242DE9F3470746884691461C2163
:103360004FF420720E201D46DDF82CA002F0A6F8C6
:10337000064688B344680146BDF8343042465BBA1D
:10338000E38038462B68A360AB880025A381DAF878
:103390000030C4F81230BAF80430E3820A9B1B688C
:1033A000C4F80E300C9B1B682570A3610123E570E7
:1033B00063700823A370062323710423637140F60E
:1033C000060300934B4605F035FC304602F043F807
:1033D000284602B0BDE8F0874FF0FF30F9E7000063
:1033E00070B50646074D00242B7D2BB1AB68B34268
:1033F00002D12046FFF72CFF013418350A2CF3D1F7
:1034000070BD00BF0C5B00242DE9F047074688B073
:103410000C4681B145682B88B3F5807F08D12B79A4
:10342000062B05D16B79042B02D16B88082B05D0B4
:10343000384602F010F808B0BDE8F087D5F80E0065
:1034400005F108084E68AB690790002E53D0F31AB7
:103450005E425E41C6F1020A5FFA8AFA00283ED057
:10346000214600F000FF8146002838D1079B03F079
:10347000F003E02B33D02246514607A8FFF7FCFEAD
:10348000031E2CDB1820264A4FF0020E00FB03FC23
:1034900002EB0C0181F814E04FF00C0E8C6013FB72
:1034A00000E3D8F8000002EB030ED050B8F8043067
:1034B000AEF80430A1F8129052F80C1079B14FF424
:1034C000006342F80C90204604F136020093434614
:1034D000059105F0AFFB0599084601F0BCFFEB88AC
:1034E000B3F5807F0AD0B3F5007FA1D107A92046AC
:1034F000FFF730FC9CE74FF0020AAFE7002E97D0B1
:10350000022204F136032046039207AA1946CDE9A8
:103510000182221D00924246FFF71CFF88E700BF90
:103520000C5B00241FB50246012400F1360304326F
:10353000CDE902140449009201911946034AFFF7AC
:1035400009FF04B010BD00BF5A840708548407085F
:10355000F8B5134C002502260427227D6AB1638A40
:1035600001339BB2B3F5967F638203D2012A09D15E
:10357000042B0FD92846FFF76BFE013518340A2DAE
:10358000EBD1F8BD032A01D12775F6E7042AF4D15F
:103590002675F2E7211DA068FFF7C4FFEDE700BF25
:1035A0000C5B00242DE9B047884618241C4902EB27
:1035B000420585B0074604FB0214ED0000F1360910
:1035C000237D05F10C0A022B8A440AD1638AB3F5E4
:1035D0008E7F12D904352944FFF7A4FF08B90323CD
:1035E00023754FF400634A464146384600935346DC
:1035F00005F020FB05B0BDE8B087B3F5877FF0D3B9
:1036000001230435524603930D44064B4946029567
:103610000193031D00934B46FFF79CFEDEE700BFBE
:103620000C5B00245A8407082DE9F34188460546BF
:1036300001461446D8F8000000F015FE002853D1CA
:10364000D8F8003003F0F002E02A4DD0002B4BD028
:103650002A4601214046FFF70FFE031E03DA58B247
:1036600002B0BDE8F081DFB2274E182202FB0762EC
:10367000137DBBB1CCB14FF0FF30182303FB0762C1
:10368000127D012A18D9214A03FB076321462846E7
:1036900017704FF400620C33009205F1360205F00A
:1036A000C9FADDE701239560137541462846FFF707
:1036B00039FF002CE1D1D3E7D2D123461A7B520641
:1036C00015D41B68002BF9D1204601F0AFFF182359
:1036D00003FB07F21D46B05808B101F0BCFE05FB24
:1036E00007F30020F450BBE76FF00F00B8E7224665
:1036F0004FF420710E2002F052F804460028E6D163
:103700004FF0FF30ACE700BF0C5B0024FC5B0024F3
:10371000F0B5044685B00E4601461068154600F027
:10372000A2FD002860D12B6803F0F002E02A1BD133
:103730000123ADF808305E238DF80A306B7803F072
:103740007F038DF80B30AB788DF80C30EB788DF86B
:103750000D3002AB4FF4006231462046009204F176
:10376000360205F067FA23E06268A1685A400A420F
:1037700009D09BB24FF6A962934204D0E368002BB4
:1037800034D004F10C051B4918231B480A788C46D9
:1037900003FB0203187D01280CD99968A14209D1C5
:1037A00029685B68994205D131462046FFF7FAFE49
:1037B00005B0F0BD104B0021187DCAB2012809D90F
:1037C0009868A04206D12F685868874202D18CF8C9
:1037D0000020E9E7013118330A29EDD132462946A4
:1037E0002046FFF721FFE3E7044BB3E76FF0030048
:1037F000DEE700BFFC5B00240C5B00245484070858
:10380000F0B5044687B00F46164624214FF42072C7
:10381000222001F053FE054678B3206800236C682F
:1038200000F11C01237104F108026371A371E371BB
:1038300003462770667053F8046B8B4242F8046BA2
:10384000F9D1C36805A8059300F000FB074688B1CD
:10385000002669892046A670E67001F0BDF90123B3
:10386000608005AA314628460297CDE90063FF2310
:1038700000F0D7FC284601F0EEFD07B0F0BD0000D7
:10388000524B2DE9F04FD3F808B087B004460E46EE
:103890009BF800509A4605F00F05AD00132D19D97D
:1038A0004389032B16D943681B78082B12D1DAF809
:1038B000140000F0F003E02B0CD0DAF8001000F058
:1038C000D2FC68B1371D2389072B03D9204601F0AC
:1038D00089F940B1204607B0BDE8F04F01F0BBBD0B
:1038E0000AF11407EFE705F10E0120461FFA85F8EB
:1038F000059101F08FFD0599002860D0238903EB25
:10390000080189B28B42E5D84FF420720E2001F0F5
:10391000D5FD81460028DDD0428905F108039A4291
:1039200002D201F098FDD5E759462A464068FCF7D7
:103930000CFF2946484601F070FD08B14846F0E703
:103940002146484601F096FE0028F7D120464C4615
:1039500001F081FD29462046D4F8049001F05AFD7B
:103960000028B7D165684FF6F7723B684146EB60B7
:10397000DAF810304FF0FF0A2B61B9F8023089F8FD
:103980000000284693428CBF093308339BB2A9F844
:1039900002304FF0000985F808A085F80A9085F8F4
:1039A0000B9001F019F9012368814A4639462046F7
:1039B0000296CDE90093534600F033FC8AE7204697
:1039C00001F02BFD0028C5D084E700BF88FE00244D
:1039D0000A4604300321FFF713BF0A4604300B21C7
:1039E000FFF70EBF224B2DE9F0431B6889B0074655
:1039F0000E46904608214FF420723620069301F0BF
:103A00005DFD054680B37B68B8F1160F44684FF042
:103A10000801069308BF06F104097368204613BF26
:103A2000DFF8509063600123636008BF33720026A3
:103A300084F800806670A670E67001F0CDF840F260
:103A4000944360804A460793042306A928460493BA
:103A500007ABCDE902730223CDE90063012300F037
:103A6000C7FB284601F0F7FC09B0BDE8F08300BFB2
:103A7000F4820708005C002438B5437A05460C46FA
:103A8000022B05D0012B09D143890BB18B4205D9FB
:103A9000022C04D801236B8101236B7238BDFDF722
:103AA00023F9B0FBF4F101FB14046C81002CF1D07C
:103AB000F2E70000034B044A1A6002F18072034BE4
:103AC0001A607047045C0024E0000001005C0024E0
:103AD00070B500230546C46AC3620CB9204670BDA8
:103AE0006B6C26681BB10022211D28469847214691
:103AF0000B20344601F06AFAEFE7C36A10B50BB148
:103B00001C6804B910BD20460521FFF7B5FF2468E5
:103B1000F7E7C06A00B9704742680B689A42FAD06A
:103B20000068F7E770B505460E46FFF7F2FF68B983
:103B30000B20EC6A01F03EFA40B100233EB132683E
:103B40000373C0E9012324B90460E86270BD1A461A
:103B5000F6E7236803602060F8E7000010B50B4922
:103B60000446FFF7DFFF60B102234372037B01339A
:103B70000373636C43B10122044920469847002037
:103B800010BD4FF0FF30FBE71846F9E7045C002456
:103B9000F7B50E46418905461746072904D8284639
:103BA00001F059FC03B0F0BD4468204601F014F860
:103BB0000028F4D139463046FFF7ABFF0028EED09D
:103BC0002378112B08D0162BE9D1437A012B04BF9F
:103BD0004FF400738360E2E7124A39681268636841
:103BE00091421BD17BB963780BB90A236370F36AE6
:103BF000002BD4D01E68002ED1D030466178FFF75C
:103C00003BFF3668F7E701A930460193FFF781FFD4
:103C10000028C4D06178FFF72FFFC0E7002BBED08B
:103C2000F8E700BF045C00240B6803F0F002E02A10
:103C300070B505460E462DD1194A1268934229D017
:103C400090F83D309B0625D5FFF76CFF044620B366
:103C5000437AD3B9037B2BB96B6C1BB1012231467C
:103C600028469847162221462846FFF7BBFEFDF757
:103C70003BF80523B0FBF3F303EB8303C01A0123E6
:103C80000128637238BF01206081237B002001334B
:103C9000237370BD6FF00500FBE74FF0FF30F8E7CE
:103CA000045C00240B6803F0F002E02A70B50546BE
:103CB0000E461BD10F4A1268934217D00E4B6FF07D
:103CC00005001C6804B970BD94F83D309B060BD507
:103CD00025B12B6813B16268934205D13146204665
:103CE000FFF7A2FF0028EED12468EBE76FF0050094
:103CF000E9E700BF045C0024781801240B6803F096
:103D0000F002E02A70B505460E462DD1184A126819
:103D1000934229D090F83D309B0625D5FFF7F9FE58
:103D2000044608B3037B012B1BD8EB6A23B11A6846
:103D3000944214D122681A60237A23B117222146B3
:103D40002846FFF74FFE6B6C1BB100223146284618
:103D5000984721460B2001F039F9002070BD134629
:103D6000E4E7013B0373F8E76FF00500F6E700BFF7
:103D7000045C0024F8B50B6806460F4603F0F00219
:103D8000E02A1DD1104A1268934219D00F4B6FF0F0
:103D900005041D680DB92046F8BD95F83D309B0619
:103DA0000CD526B1336813B16A68934206D13946FF
:103DB0002846FFF7A3FF002C18BF04462D68E9E74B
:103DC0006FF00504E7E700BF045C002478180124C5
:103DD000F8B50F4B02270F4E1D6805B9F8BDEC6A08
:103DE0000CB92D68F9E7638983B1013B9BB263810C
:103DF00063B9637A012B09D1626833689A4205D0AE
:103E00001622214628466772FFF7ECFD2468E7E793
:103E100078180124045C002408B590F83D30014670
:103E200013F001030BD043684BB1074A506983423A
:103E300007D000F018FA003818BF012008BD184656
:103E4000FCE70120FAE700BF88FE0024036803F0C6
:103E5000F002E02A10B502D1144A106888B9144A59
:103E6000106878B9134A12685AB192F83D1001F0FF
:103E70000501052905D1516819B1DBB27F2B18BFA7
:103E8000104610BD90F83D10CA070CD54C070AD556
:103E9000426842B15A4084682242F2D08A0702D472
:103EA000C2689342EDD00068DBE700BF085C0024E5
:103EB000781801247C1801242DE9F047D0F80480FB
:103EC00005460E4698F800402309042B05D02846E5
:103ED00001F0C1FA0020BDE8F08704F00F04B8F843
:103EE000027003897FBABFB24FEA8409BB424C46D5
:103EF00002D9394601F068FB6B89A342E7D32B89CD
:103F0000BB42E4D3132CE2D92146404600F064FEC4
:103F10000028DCD1D8F81030594C636103F0F0036D
:103F2000D8F80C20E02B22616BD196F83D309B062F
:103F300005D498F80930112B7BD000270CE004F150
:103F400014013046FFF7E5FD0028F2D04D4AD4E9D0
:103F5000043191420ED03746206948B1314600F015
:103F600082F90028B3D1236903F0F003E02BAED02F
:103F70001FB9ACE7002BEED13746B8F8063023F076
:103F8000C0033BB1284600F00DFB05460028A1D038
:103F9000D0F80480C4F8088031462846C4E9007689
:103FA00098F8003003F00F039B00A38101F004FC9C
:103FB000012882464CD04946284601F02EFA98F84E
:103FC0000930062B4CD03DD8012B4ED0022B51D0BE
:103FD000BAF1020F11D03946606900F044F960B9B6
:103FE000636903F0F003E02B07D04946284601F04F
:103FF0002AFA02212846FFF7EBFC284601F02BFAAB
:1040000026E03046FFF708FF80B9237D7F2B90D054
:104010001D4B1F68002F8CD0B74201D13F68F9E7D4
:104020003846FFF7F9FE0028F8D095E7002E92D128
:104030007FE708EB09035B88B3F5884F7FF47DAF1A
:10404000374695E7112BC3D13146284604F02CFBA7
:104050000023C4E90033A360A381C4E9043339E732
:104060003146284603F02AF8F2E731462846FFF7A2
:1040700007FCEDE7054A31462846FFF789FDE7E7EB
:1040800088FE0024E0000001781801249CFE002432
:104090002DE9F04F87B09B46044690469DF840308E
:1040A0009DF84490DDF848A0BDF85050019102936E
:1040B000002A00F08680002D7FD0282D00F291800C
:1040C000EE1C26F00306B6B206F114073146BFB265
:1040D00001F0A0F920B16FF0010007B0BDE8F08F4A
:1040E00003902A4613996068FCF72FFBB542039BA7
:1040F00005D26068721B194628441CF071FA00232F
:10410000616876081D4631F8132001339E4215443C
:10411000F9DC1421204601F07DF90028DBD162682A
:10412000C7F3870782F8099049EA0B2982F808B09B
:1041300047F04007D8F800104FEA2923177043EAE8
:10414000092311614FEA114919FA81F111FA83F338
:104150001D44029B43EA072753703B1243EA07239F
:1041600015FA83F523899071D0711F485BBA0188D5
:1041700015FA83F553804BBA0131938015FA83F316
:1041800001800199D9B91949096813FA81F3D160FD
:1041900003EB114399B201EB134303EB1343DB43EE
:1041A0005381BAF83430ABB122899A4212D94246CF
:1041B0005146204600F070FB8FE71427A9E70199CC
:1041C000E2E74389132B86D943680DF114081B6974
:1041D0000593E6E7DAF81430424621465046984700
:1041E0007BE76FF0050078E70C5C0024F482070899
:1041F000F0B59C469DF814509DF81860BDF824E079
:10420000DDE907471AB109B10B6803B9211D05950E
:104210006346CDE9087ECDE90664BDE8F040FFF7CE
:1042200037BF10B5002486B0CDE903440A9C029440
:104230009DF8244001949DF820400094FFF7D8FF9A
:1042400006B010BD10B5002486B0CDE903440A9C29
:1042500002949DF8244001949DF820400094FFF7BB
:1042600017FF06B010BD431E0246033312D891F863
:104270003D3013F0020010D04B6893420CD0886898
:104280005340034208D1C34322EA0000C31A5842F4
:104290005841704701207047002070472DE9F043D6
:1042A00085B0434F027804236E46BE46B446D45DC3
:1042B00014F0040477D0302A1BD1427802F0DF04D6
:1042C000582C0DBF827801304FF00809023008BF2A
:1042D0004FF01009804600241EF8025015F0040F1C
:1042E0000AD004FB0924303C98F8012008F10108A9
:1042F000F2E74FF00A09EDE7B9F1100F0DD115F013
:10430000440F0AD005F003050A32022D0CBF6120CC
:104310004120121A42EA0414E6E72E2A08D1013B92
:1043200041D008F1010098F8012046F8044BBEE79F
:1043300012B115F0080037D0A6EB0C008010013048
:1043400004280CD8DFE800F0300B03101E00B4F195
:10435000807F28D2009BFF2B25D844EA036409B153
:1043600024BA0C6001201FE0B4F5803F1BD2009AF4
:10437000FF2A18D8019BFF2B15D81B0443EA0263C0
:104380001C43ECE7FF2C0ED80098FF280BD8019BAC
:10439000FF2B08D8029AFF2A05D81B0443EA0063C2
:1043A00043EA0223ECE7002005B0BDE8F08300BF3C
:1043B000E5B007082DE9F74F03680DF1040C0D4631
:1043C000042000264FF00A0E4FF02E0801931CF82F
:1043D000014B0027A2460DF1080BB4FBFEF30EFBC8
:1043E0001349DCB23B46BAF1090F07F1010709F1A5
:1043F00030099B44FFB20BF8089CEBD80CF8014C39
:1044000037462C46FF2B06F101060DD1974218DAEC
:104410000138254610F0FF0005F8018BD7D1207038
:10442000084603B0BDE8F08F5D1E9742EDB208DA92
:1044300002AF3B44374613F8083C04F8013B2B46D7
:10444000E0E70020EDE70000074A036810B41468B5
:1044500084425DF8044B18BF0B6001464FF0050025
:1044600008BF136000F0B2BD105C00242DE9F041DC
:10447000466804460F4673689A881ABB1A6800F1AA
:104480001C01426000F1080252F8040B8A4243F812
:10449000040BF9D101213046FFF79FFA304601F0B5
:1044A000BDF80546304600F0D6FF666866B920467E
:1044B0003946FFF7C9FF0B4A284613885B1B138058
:1044C000BDE8F0810025F0E773683046D3F800803E
:1044D00001F0A4F8284485B2304600F0BCFF4646FF
:1044E000E4E700BF0E5C00242DE9F04105460F46CD
:1044F0000026DFF868800024D8F800302146A44662
:10450000204653B910B1FFF7B1FF0644BE4201DAAD
:10451000012CF0DC3046BDE8F081D5F80CE05A699A
:10452000724509D1D5F810E09A69724504D1B3F803
:104530000CE0AA88964508D0013460B1C27F93F898
:104540001FE096459CBF614618461A68002A18BFAE
:104550009C461346D5E761461846F6E7105C0024F2
:1045600010B50446406908B100F075FF21460620E9
:10457000BDE8104000F02ABD38B5094B002418688A
:1045800000B938BDC37F056823B1013BC37704463A
:104590002846F5E72146FFF769FF2046F7E700BF09
:1045A000105C00242DE9F74FD0F80490064699F8E6
:1045B000003003F00F03052B40F08F80B9F8023074
:1045C0005BBA9BB2B9F806506DBA132B40F28580E6
:1045D000143B9BB2019301F021F8AD4A07461388C2
:1045E000904603440A2B6EDCAA4B1C689A46002CAA
:1045F00078D1052000F0DEFC044658B9394648461B
:10460000FFF772FF874268DC052000F0D3FC044608
:10461000002862D01C220021201D1BF0E1FF0F2387
:1046200004F1080209F11401E377DAF80030CAF85E
:10463000004023604B4653F8040B8B4242F8040BB6
:10464000F9D1B9F806C0C5F30C051CF0200C4FEAEF
:10465000C5050AD1019BEB189BB29D4200F2EF8089
:104660004FF6EB72934200F2EA8071680B7848884B
:1046700003F00F0340BA80B24FEA8309B0EB830F17
:10468000C0F0DD80CA88A0EB090052BAC2F30C0268
:104690000023D4F804E0D2000B704B7010448B70F0
:1046A000CB701FFA80FB8A80C8805A4500F2C78011
:1046B0000120BEF1000F27D1002B00F08F801E607B
:1046C000DB88934234E001464846FFF70DFF20B1F6
:1046D000B8F800303B440A2B86DD304600F0BBFEC4
:1046E000002675E0D9F80C3062699A420AD1D9F8EF
:1046F0001030A2699A4205D1A289B9F804309A42D1
:1047000000F0A580246872E7DEF80490B9F804A0F0
:10471000524565D2C1F800E0002B5DD0B3F806E049
:104720007245C0F08C80D34500F2898072451E60CE
:1047300040F0A880BCF1000F03D0A37F13F0010369
:104740006ED000285AD10020B8F800301F44A8F8D5
:104750000070BCF1000F06D1019B1D44A37F43F004
:104760000103A583A3770128BAD1626804F11C0074
:10477000A38B566804F108021433356831469BB2A6
:1047800052F8047B824241F8047BF9D15BBA738012
:10479000002330461421B371F371B372F37200F049
:1047A0001BFA70816668002D3CD13A4B1B68A3420E
:1047B00002D01D46002B40D129462046FFF744FE7B
:1047C000304600F02BFFB8F80030181AA8F80000A7
:1047D000304603B0BDE8F08FD34530D86660A9E716
:1047E0002DD0B9F806E0964529D81BB1DB88534592
:1047F00018BF0020D9F800E04B465AE76368002B49
:10480000A1D05B689B88002B9DD10B68002B9BD0AF
:104810005A68C9889388994295D113681146F5E77B
:10482000184691E76F681421284600F0F6FD2946E6
:10483000304600F008FF3D68B5E72B68B7E76168D0
:1048400000297FF44AAF2046FFF7FEFD45E7B9F89F
:1048500006305BBAC3F30C03002B7FF4F2AEE3899E
:104860005BBAC3F30C03002B3FF4EBAE4B4604F1F1
:10487000080209F1140153F8040B8B4242F8040BAF
:10488000F9D1DEE6BCF1000F3FF45DAF002054E744
:104890000E5C0024105C00248B8E2DE9F04F2DED72
:1048A000028B08EE102AB3F114028BB0064648BF03
:1048B000A3F10D028A46C2F3CF0305934368029326
:1048C0001B7803F00F03052B4FEA830740F0A98004
:1048D0004389132B40F2A580029B00250489DB88C5
:1048E0005BBAC3F30C0203F40053143C0793059B1B
:1048F000A4B20392DB009BB206932CB920460BB006
:10490000BDEC028BBDE8F08F069B4FF420721421A2
:104910000E20A34228BF2346049300F0CFFD80461B
:1049200010B3029B42681946143153F8040B8B42B2
:1049300042F8040BF9D1D8F804B0DDF81090B9F1C1
:10494000000F39D07589ED1BADB24D4528BF4D46DE
:1049500015B936680027F2E7062000F02BFB034666
:1049600028B9404600F077FD4FF0FF30C7E70195CA
:1049700029467268089000203A440092412200F0D3
:104980002FFD089B20B91946062000F01FFBE8E721
:10499000CDE90803A9EB0509304600F047FE099B65
:1049A000214A1FFA89F9089940465E611A6100F0B0
:1049B0004AFEB9F1000FCCD1BAF834202F44039B42
:1049C000133ABFB2C3F30C03A24201DD079A0AB146
:1049D00043F400535BBAABF806301421049B5846ED
:1049E00014339BB25BBAABF8023000238BF80A3069
:1049F0008BF80B3000F0F0F8DAF8143018EE102ACB
:104A00004146ABF80A0050469847404600F023FD67
:104A1000049B059AE41A039B1344A4B29BB203932C
:104A20006BE76FF005006AE7614505087047000015
:104A300001282DE9F0410446884617460BD8154E4B
:104A4000356865B1294640461CF09EF828B9023405
:104A50003B6845F82430BDE8F0812D69F1E714206A
:104A6000023400F011FA43460B4A062105461BF0BA
:104A7000D9FF0023C5E902333A6845F824202B61A9
:104A800033680BB93560E6E71A461B69002BFBD18A
:104A90001561E0E784FE00247C67070830B5044612
:104AA00085B00D465AB9012804D80D4B21B10A68CA
:104AB00043F8242005B030BD0A4A1268F8E792F89E
:104AC000403002A80849009392F83F3092F83E2007
:104AD0001BF0F0FF2A4602A92046FFF7A9FFE9E7ED
:104AE000145C0024F4820708FC820708012870B5D2
:104AF00005460E4603D811B1074B1C680CB9074890
:104B000007E0214630461CF03FF818B9A81C04EB1A
:104B1000800070BD2469F1E784FE0024F482070858
:104B2000012838B50446064D07D8FFF7DFFFA84235
:104B300002D1044800EB840038BD2846FCE700BFE2
:104B4000F4820708145C002470472DE9F0411C68CA
:104B50008046069B0E4617461D682B0C13FA85F3FC
:104B6000002513FA84F303EB14439CB204EB1343C4
:104B70009CB204EB1344B8F1000F13D125B123020A
:104B8000C4F307249BB21C4376BA34447FBA3C4436
:104B9000A0B200EB1444A0B200EB1440C04380B2BA
:104BA000BDE8F081B8F80A10D8F80400FBF790FDD2
:104BB000B8F80A302044DB0784B204EB104406D571
:104BC0002302C4F3072485F001059BB21C43D8F8E7
:104BD0000080D0E7FFF7B9BF08B5FBF779FDC04308
:104BE00080B208BD70B500260546344645B926B1E9
:104BF0002302C4F307249BB21C43E04380B270BD80
:104C000069896868FBF764FD6B890444DB07A0B21F
:104C100000EB144406D52302C4F3072486F00106F2
:104C20009BB21C432D68E1E708B5FBF793FF00F04A
:104C300011F800F0B1F900F023FA03F029FD00F0BB
:104C400067FFFEF737FFFFF7F1FEBDE8084003F00E
:104C5000D9BC00000B4B0C4A23F003030B490C4852
:104C600013604FF47A521A6000221A7103F57A52D7
:104C70000A600849116001211171074A1360FBF7AE
:104C800019BF00BF03400430505C0024545C002472
:104C9000205C0024803E803E1C5C0024F8B5044665
:104CA00000286ED0830705D0FBF77AFFBDE8F840F7
:104CB000FBF790BF334EA0F108053368AB42F3D841
:104CC000314F00F10C0339689942EDD32F48FBF7BF
:104CD00017FF14F8043C1BB92C48FBF727FFE3E748
:104CE00034F8080CB0F57A5FF6D834F8062CB2F533
:104CF0007A5FF1D83368A5EB030C1FFA8CFC94455E
:104D000002D09A5A6245E7D119183E68B14202D0E2
:104D10004A886245E0D1002204F8042C1C4A176836
:104D2000AF4288BF15608D4211D00F797FB9B14273
:104D30000DD01668B142195A24F8081C195A08BF38
:104D40001560B1F57A5F1CBFC918A1F802C034F82C
:104D5000061C581885420FD006796EB91668B54200
:104D600008BF106034F8082C5A5234F8082CB2F5F9
:104D70007A5F1CBF9B1859800448BDE8F840FBF7D8
:104D8000D5BEF8BD505C0024545C0024205C002497
:104D90001C5C00242DE9F041CC1C054624F00304E2
:104DA000A4B20B2C04D9B4F57A5F02D9002510E027
:104DB0000C24A142FAD8DFF8CC80D8F80030AB42FE
:104DC00003D82D4A1268AA4206D8FBF7E9FEFBF782
:104DD00001FF2846BDE8F081A5F1080635F8087CFA
:104DE000F61A083FB6B2BF1BBFB2A742DED3F0D05F
:104DF0002248FBF785FE35F8081CD8F80030581813
:104E00000279EAB906F1080233F801C014441C4AD9
:104E10001768A1B213FA84F4874208BF1460002215
:104E2000227123F801C0668025F8081C5A5AB2F591
:104E30007A5F01D0134459801048FBF777FEC8E72A
:104E400004F11402BA42F7D806F108020C481444DF
:104E50000768A2B213FA84F4A74288BF0460002056
:104E600020719952668025F8082C995AB1F57A5F1D
:104E70001CBF5B185A80DFE7545C0024205C0024D0
:104E80001C5C0024505C00242DE9F041002850D027
:104E9000C41C24F00304A4B20B2C04D9B4F57A5F2B
:104EA00002D9002045E00C24A042FAD826486FF031
:104EB0000708FBF725FE254B2548C4F57A5E1968DF
:104EC0000268531A9BB2734503D31F48FBF72EFEAB
:104ED000E7E7CD18CF5A95F804C0BCF1000F30D1E8
:104EE000A8EB03063E44A6422BD304F1140E7645EC
:104EF00021D308341C44A6B211FA84F484F804C007
:104F00008F53638001232E802B718B5BB3F57A5F07
:104F100001D00B445E80AA4206D10E4B1B68147967
:104F20000CB193420AD102600748FBF7FFFD05F17F
:104F30000800BDE8F08101232B71ECE712880A44D8
:104F4000EDE73B46BFE700BF205C0024505C002437
:104F50001C5C0024545C002410B50446FBF720FEC2
:104F600023681C680CB122681A60FBF733FE2046E8
:104F700010BD436800228168033330B523F003037A
:104F800044880A60944200DC30BD0D6801321D6027
:104F900005880B602B44F5E738B5054D0F24013C1F
:104FA00055F8040BFFF7E5FFA4B2002CF7D138BD8C
:104FB000B88307080E2805D8034B53F820000830A3
:104FC000FFF7CABF00207047B88307080E2838B51E
:104FD0000C460DD861B1074B53F82050FBF7E0FDAC
:104FE000AB681A6822601C60BDE83840FBF7F2BD70
:104FF00038BD00BFB88307086FF00B00704710B5CD
:1050000090F83D30044603F00502052A11D1C90786
:105010000FD542686AB11A0702D5011DFEF782FA60
:1050200094F83D309B0604D52046BDE81040FEF7BD
:1050300064BD10BD30B5044610460A6885B063688B
:105040000D469A421AD0036003A90392019001F021
:1050500043F803A9019803F087FD03A9019800F024
:10506000F7FC2B68012120466360FFF7C8FFE36966
:105070000BB120469847012005B030BD0020FBE76A
:1050800070470000F7B5144F0446002914BF0D46C1
:105090003D46002A14BF16463E46002B18BF1F4649
:1050A0002B68B3B901AA2946FFF7C4FF0123326870
:1050B000A1688A42E16818BFA2603A688A4218BFB4
:1050C000E26023B901AA29462046FFF7B3FF03B0E7
:1050D000F0BD0023EBE700BFF4820708F8B5079E98
:1050E000044610B900242046F8BD002EFAD0002551
:1050F000254FDFF8A0C0C5608586002B08BF63463A
:1051000080F83D50002A08BF62468562002908BF2A
:105110006146C56245644761C0E90155C0E907556C
:10512000069D4562194D2F7880F84070089F0761F1
:10513000FFF7A8FF2046B0470028D3D114490E68D6
:1051400094F84030FF2B334608BF84F8400094F8B1
:10515000402073B9FE2A01D0531CDBB22B7094F8A7
:105160003D3026609B060C60BDD52046FEF7F6FC60
:10517000B9E793F84070974203D1013284F8402098
:10518000DEE71B68E5E700BFF94F0508945C0024E3
:1051900078180124F4820708014B1860704700BF9B
:1051A0007C18012410B5044680B190F83D30DA0730
:1051B0000CD443F0010380F83D30C36903B1984734
:1051C00020460321BDE81040FFF719BF10BD10B500
:1051D000044688B190F83D30DA070DD523F001027E
:1051E0001B0780F83D2001D5FEF7FAF8E3691BB1F3
:1051F0002046BDE81040184710BD000013B5044616
:1052000040B3436863B104300021019000F064FFB3
:105210000021019803F0A8FC0021019800F018FC7F
:1052200094F83D309A0602D52046FEF751FC94F8DA
:105230003D30DB0702D52046FFF7C9FF0B4B1A684C
:10524000A24204BF00221A60094A1368A34204D193
:105250002368136002B010BD1346002BFAD01A6801
:10526000A242F9D122681A60F4E700BF7C18012439
:105270007818012400B1C161704710B5044698B197
:1052800090F83D305A070FD443F0040380F83D30C6
:10529000FDF74CFD03212046FFF7B1FE236A1BB149
:1052A0002046BDE81040184710BD50B190F83D2091
:1052B000510706D522F00402036A80F83D2003B1AD
:1052C0001847704700B1016270470000034658B1AB
:1052D000064A106800B9704790F840200132D2B2F7
:1052E0009A4201D00068F5E7704700BF78180124A2
:1052F00010B5044608B9002010BD023019F00CFDAD
:105300000A4AC3B210680028F5D090F840209A42AB
:1053100009D1217890F83E20914204D1617890F82B
:105320003F209142E8D00068EDE700BF78180124E3
:1053300008B5FFF7DDFF18B190F840000130C0B2AA
:1053400008BD000008B5FBF72BFC084B00221A70C3
:10535000FBF740FC064B186800B908BD436F1BB152
:10536000BDE8084000F0E8BDC068F5E780180124FA
:105370008818012430B5A0B1B1F5803F11D2D9B160
:1053800003898CB213FA81F39BB29C4209D890F93D
:105390000C50002D07DA4268511A00F110029142B8
:1053A00005D2012009E0002AFBD04268511A428947
:1053B0004160144403814481002030BD70B506462D
:1053C0000D200C461546FFF7F5FD40B10023048182
:1053D000448143730573C0E900360123C38170BD66
:1053E000033020F0030070B50E18BDF81450049C73
:1053F000AE420DD804B1044418460023C0E900347D
:10540000022301814181437301230273C38170BD73
:105410000020FCE70022FFF7ADBF10B588B1B1F561
:10542000803F0ED259B18AB243899A4209D89B1A59
:10543000446843812144038941609B1A0381002011
:1054400010BD0120FCE70B1E02DA5942FFF7E5BF51
:105450000122FFF78FBF70B5044660B30025FBF74C
:105460009FFBA67B013EF6B2A673FBF7B3FB4EB9DA
:10547000637B26689B0709D5236920469847013539
:10548000EDB20EB9284670BD3446E8E7237B03F041
:105490000F03022B04D121460E20FFF797FDEEE704
:1054A000012B02D121460D20F7E7002BE7D1204642
:1054B000FFF7F4FBE3E70546E4E70000B2F5C17F40
:1054C0002DE9F04706460F4685B230D007D822F0C6
:1054D0004003012B26D000242046BDE8F087B2F51A
:1054E000207FF8D10335CB1C25F0030523F00303FF
:1054F0001D44ADB205F110009D4280B2EBD3834252
:10550000E9D8FFF7C1FC04460028E5D00644002393
:10551000078113360360284B26F003064781C360DA
:105520004660D9E70020BDE8F047FFF747BF0026F7
:10553000DFF890903446B0460E20B246FFF73AFDB1
:105540000646C8B91D4DFBF72BFB01232F782B70A6
:10555000FFB2FBF73FFB4FB931461948FCF734FE69
:1055600020B1FBF71DFB2E70FBF734FB002CB2D0F3
:105570002046FFF770FFAEE7EB1C0544C0F8008043
:1055800023F0030313350781C3F5147325F00305D6
:10559000C0F80C909BB24560BB4228BF3B4643819C
:1055A0003CB1CAF80000FB1A00259FB2002FC3D1FE
:1055B00092E70446F7E700BF80000100801801244D
:1055C000455305088200010038B5038904468B4223
:1055D0001CD90D46CB1A6189A94218D3237B1A071F
:1055E0000CD1A9420AD0637B9B0707D4616820468F
:1055F000091B294489B2FFF7CDFB04462068658169
:10560000258108B1FFF727FF0023236038BD2289D9
:105610006D1A1A44ADB222812468DCE703460022E9
:1056200090B2013203B970471B68F9E710B5044620
:1056300040B1FBF7B5FAA37B0133A373BDE810407B
:10564000FBF7C8BA10BD10B500B109B910BD1046BE
:105650000B890489026823449BB20381002AF6D196
:105660000160F3E710B5FFF7EEFF0846BDE8104014
:10567000FFF7DCBF2DE9F0410C46054610B309B336
:1056800002890B899A421DD30026B04662896F8930
:10569000921B6168A7EB0807686831449742404451
:1056A00028BF17463A463E44FBF74FF86389B84493
:1056B0009E426B8924BF24680026984508D12D6836
:1056C00025B9A4B16FF00F00BDE8F0814FF00008DC
:1056D0002CB1628923899A4201D123684BB96A8926
:1056E0002B899A4201D12B681BB9002CCED12046C0
:1056F000EAE76FF00500E7E72DE9F84388469146B1
:10570000064620B329B30027B9F1000F00D016B91F
:105710003846BDE8F88375892BB1AB4203D35B1BD8
:105720009BB23668F0E7EC1A716808EB0700A4B288
:1057300019444C4528BF4C4622462744FBF705F840
:10574000A9EB0402BFB200231FFA82F9E9E707467A
:10575000DEE70F46DCE72DE9F0410F46144605462B
:10576000B8B1B1B10389934216D34FF0000814B910
:105770002046BDE8F0816E8907EB08016868A64203
:1057800028BF26463246A41BFAF7DFFFB0442D6837
:10579000EDE76FF00F00ECE74FF0FF30E9E738B5C9
:1057A00015460A462989FFF789FE044610B12946A5
:1057B000FFF760FF204638BD2DE9F74F254D07461E
:1057C000254E296805F1100A6869FEF74CFD7B68D3
:1057D0000190002093F809903468804614B903B012
:1057E000BDE8F08F237C4B452ED1227A32B16B6815
:1057F00093F840300133DBB29A4225D1019B2268F5
:10580000EBB10ABB637CDB0703D561682A6991426F
:105810001AD1D4F814B0BBF1000F15D053463A4654
:105820002146A069D84790B1B8F1000F05D0E368D0
:10583000C8F80C3033683460E3600120CFE7002AF9
:10584000E0D06B699342DDD0A046E468C6E7022051
:10585000FAE700BF88FE0024985C002420B119B14B
:105860000B680360002070476FF00500704719B1A6
:1058700091F840100131C9B20172704740B139B19D
:105880000B684360437C43F001034374002070477E
:105890006FF005007047C0E9051270472DE9F0432D
:1058A00085B00D4617469846DDF83090044600282E
:1058B00062D0002A60D0002B5ED0B9F1000F5BD01F
:1058C000417C11F0020611D06B89132B54D90023AF
:1058D00049462846CDF808801A46CDE90033FEF740
:1058E000A0FC0446204605B0BDE8F0832A894FF6A7
:1058F000EB739A4202D94FF0FF34F3E714212846A4
:10590000FFF788FD60B331464FF420722220FFF785
:10591000D5FD06460028EED02B8913B12946FFF7A6
:10592000A1FE627C3B68520703F0F00320D5E02B18
:1059300020D1737B43F004037373E37CCDF80880BC
:105940004946227C30460192A27A00923A46FEF7FE
:1059500068FCB5420446C5D03046FFF77CFDC1E780
:1059600014212846FFF759FD0028C4D12E46D8E758
:10597000E02BE2D0E37AE1E76FF00504B2E773B51C
:105980000E461546044640B33AB3007A28B1FFF7F5
:105990009DFC80B96FF003001BE0136803F0F00377
:1059A000E02B03D02846FEF751FAF2E7A07CFFF780
:1059B0008DFC0028F6D023686BB103F0F003E02BD8
:1059C00009D0234600932A46034631462046FFF776
:1059D00065FF02B070BD031DF4E76FF00500F8E746
:1059E000021DFFF7CCBF00000A4A0146136883423C
:1059F00005D1C36813600020FFF7E8BA1346002BF7
:105A0000F9D0DA68002AF6D08A42F7D1CA68DA609B
:105A1000F1E700BF985C002438B505460020FFF789
:105A2000C9FA044658B11C2200211AF0D9FDFF23FF
:105A30002574E372E374034B1A681C60E26020462D
:105A400038BD00BF985C00240846FFF7E5BF0000A2
:105A500010B538B103682BB121B10B6813B1064BF7
:105A60001B6803B910BD1C680268944204BF0A6831
:105A70001A60DB68F5E700BF985C0024124A4FF417
:105A80008040F0B513884FF6FF7601330F4D0421A7
:105A90009BB2B34208BF4FF4404355F8044B24680F
:105AA00034B9013911F0FF01F7D11846138007E02E
:105AB000E78A9F4205D1013880B20028E5D11380E2
:105AC000F0BDE468ECE700BFF80C0024048407088C
:105AD00010B5037D0446042B03D0072B0BD0032BFA
:105AE00007D102F077FA58B905232046237502F052
:105AF00059FB002010BD02F06DFA08B90923F4E744
:105B0000431CF7D1638B43F008036383F1E7000084
:105B100008B5FBF7E9F86FEA8040024B6FEA904066
:105B2000188008BDF80C002401460220FFF74EBA89
:105B3000F8B5244D0446002918BF0D46002838D07A
:105B4000037D002B38D1417A11F004010CBF4FF0D6
:105B5000040E4FF0030E32B9FFF790FF024650B922
:105B60006FF0010012E0184E56F8040B006870B98F
:105B700001339E45F8D12B6803B12360134BE282B9
:105B80001A681C60E26002F007FD0020F8BDC78AB9
:105B900097420CD111B1477A7F0708D4D0F800C0E2
:105BA000BCF1000F0BD02F684FB1BC4507D0C068C7
:105BB000DDE76FF00F00E9E76FF00500E6E76FF053
:105BC0000700E3E7F4820708048407088C1801241F
:105BD00019B191F840100131C9B20172704700004B
:105BE00070B51646044600284DD0037D002B4ED1DB
:105BF000437A5B0703D52B4B1B68002B30D1032066
:105C0000FFF7D8F90546002848D02369012203612F
:105C1000E38A0275C382627D4275627A4272002213
:105C20000272E27AC272A27A8272226802603BB188
:105C30001D4A1368A3421ED1E36813600023E3608A
:105C40002046FFF771FF194BAB61164B1A681D60B8
:105C5000EA6002F0A1FC002306B13370284670BD53
:105C6000D98AE28A914203D119682268914212D0FE
:105C7000DB68C2E71346002BE0D0DA68A242F9D114
:105C8000E268DA60DAE705466FF00F03E4E76FF0E9
:105C90000E030025E0E76FF00703FAE74FF0FF334C
:105CA000DAE700BF941801248C180124AF600508BE
:105CB000C16A024630B5058D446A6B1A1819538EB5
:105CC000B3F5866F94BFC31AA0F58663002B01DB82
:105CD000558530BD631A0020002BD6BF091B5085A7
:105CE0005185F6E710B50446E0B1038D194489B239
:105CF000B1F5066F13D88B4288BF4FF4066120467A
:105D00002185FFF7D5FFB0F5067F0BD3638B2046C7
:105D100043F002036383BDE8104002F043BA4FF43E
:105D20000661ECE710BD10B5044648B1406808B103
:105D3000FFF791FB21460420BDE81040FFF746B96C
:105D400010BD10B500B910BD0468FFF7ECFF204688
:105D5000F8E738B504460420FFF72CF9054660B192
:105D60002346024604F1100153F8040B8B4242F81B
:105D7000040BF9D16868FFF759FC284638BD00B11B
:105D80000161704708B1C0F88410704708B1C0F8CD
:105D90008010704708B1C0F89010704718B1037DAB
:105DA000012B08BF8161704710B1C0F88C10427799
:105DB0007047038B021DC18AFAF7B2BF49B18B8EBF
:105DC0003BB1282B8ABF283B00239BB2984228BFB7
:105DD000184670472DE9F8430E469146984604460A
:105DE000002800F09580002900F09280037D002BB0
:105DF00040F091800B6802834360007A90B1FFF716
:105E000065FA0546002800F0898023680BB94368CD
:105E10002360E78A57B9FFF731FEE08218BB6FF0C5
:105E2000010559E0201DFEF711F8EAE7637A5B07E8
:105E300019D53C4B196891B1CB8ABB4201D0C968D6
:105E4000F9E70B8B4B45FAD10A6823689A42F6D1E1
:105E50004A6833689A42F2D16FF007053CE0324B52
:105E6000196800293BD12046FFF7A3FF00232F4AE2
:105E7000294620650138E3626064C4E90932C4E957
:105E800016004FF406634FF40670221DA4F860302C
:105E90006086FFF793FF0123608602212046A4F865
:105EA0004830C4F8888002F05AF80546A0B90223A9
:105EB00023752FB11E4A1368A34221D1E3681360F2
:105EC000184B1A681C60E26002F066FB194B012255
:105ED00020461A7002F066F92846BDE8F883CB8A9E
:105EE000BB420AD10B8B4B4507D10A6823689A4203
:105EF00003D14A6833689A42AED0C968B1E7134605
:105F0000002BDDD0DA68A242F9D1E268DA60D7E787
:105F10006FF00F05E0E76FF00905DDE76FF00305AF
:105F2000DAE700BF8818012484180124600860089B
:105F30008C1801249818012410B50446406F18B13C
:105F4000FFF7FFFE0023636710BD10B50446D8B10C
:105F5000037D012B18D90A2B16D0806F18B1FFF7DB
:105F60007AFA0023A367636F13B12046FFF7E4FFBB
:105F70004FF6FF73E06E2386FFF7E3FE206FFFF717
:105F8000E0FE0023C4E91B3310BD03688B4210B54B
:105F90000C4619D1CB68036000232046E360FFF76D
:105FA000D4FF237D0A2B0AD0012B08D0638BDA079C
:105FB00005D543F002032046638302F0F3F8002383
:105FC0002375E38210BD1346002BE5D0DA68A242A8
:105FD000F9D1E268DA60DFE72DE9FF470E460446B3
:105FE000002855D0037D0A2B09D101462A48FFF726
:105FF000CCFF204604B0BDE8F047FFF795BDD0F8D0
:106000005090D0F824A0D0F89070D0F81080C58AB5
:106010009BB93DB1214A1368834206D1C36813601E
:106020000025E5602E460FE01346002BF8D0DA6815
:10603000A242F9D1E268DA60F2E701461848FFF7B8
:10604000A4FF184B01221A70206F08B1FFF779FEE8
:10605000E06E08B1FFF775FE606F08B1FFF771FEE3
:1060600056B1238B524649462046CDE90153231DA4
:106070000093234602F03FF82046FFF755FD3FB15D
:106080006FF00C0140463B4604B0BDE8F0471847AE
:1060900004B0BDE8F08700BF841801248C180124E7
:1060A00088180124981801240121FFF795BF08469C
:1060B00008B5FFF7F9FF6FF00C0008BD38B50446CE
:1060C000084600B938BD02682368C5689A4201D104
:1060D000FFF7EAFF2846F4E738B50D46044680B1DD
:1060E000036873B10B4B1968FFF7E8FF0A4B2046B2
:1060F0001968FFF7E3FF25B12B6813B1074B1B6845
:1061000003B938BD19682268914204BF2A681A6031
:10611000DB68F5E7881801248C1801249418012401
:106120000C4B002219680C4B30B404461D68104615
:1061300019B968B130BCFFF74FBF0B7DA34205D141
:106140000B6AEB1A934224BF1A460846C968EFE768
:1061500030BC70478818012490180124F8B5044613
:106160000220FEF727FF0346002836D1414E306853
:1061700000285BD1404B0146404D1B682F68002B27
:106180005FD108B1FFF790FF0220FEF713FF03462F
:1061900018BB0920FFF7C4FF0220FEF70BFF0346E0
:1061A000D8B90820FFF7BCFF0220FEF703FF034623
:1061B00098B920064DD45CB12146013932680020DF
:1061C0002E68C9B2002A46D113B11846FFF76CFFFA
:1061D0000220FEF7EFFE034630B3A422002118464A
:1061E0001AF0FEF94FF4866225490346A0F86420B0
:1061F000244A44758262FF22C2720622A0F840201F
:10620000C287214A02631D4A126802621F4A12783D
:1062100082771F4A82641F4AC0F884201E4AC0E960
:1062200025120922C0F89C201846F8BD438BC5688A
:106230001F0704D523F008034383FFF749FC2846D2
:1062400096E71A6ABA1A8A4224BF18461146DB68D2
:1062500095E77F21B1E7577D8F4204D307D1156AB7
:10626000751B854203D3106A39461346301AD2682B
:10627000A8E700BF8818012484180124901801247D
:1062800000DD6D0060086008FFFF18029D5C0024BF
:1062900001003004D9630508F82401004020FFF70D
:1062A0005DBF000030B5044685B0037D002935D0C0
:1062B000042B01D0072B31D1A26F1AB9228DB2F570
:1062C000066F2BD0238B2046626A0293E38A216DEE
:1062D0000193231D0093234601F00DFF2046FFF795
:1062E00034FE304A1368A34210D1E36813600023E0
:1062F0000122E3602C4B1A702C4B1B68A3421DD16A
:1063000001F088FB002005B030BD1346002BEED015
:10631000DA68A242F9D1E268DA60E8E7012B1AD024
:10632000022B30D0002B36D1E38A3BB1204A1368D0
:10633000A34208D1E36813600023E3602046FFF71F
:10634000F3FBDFE71346002BF6D0DA68A242F9D15F
:10635000E268DA60F0E71749002051F8232012685C
:106360005AB90133042BF8D121461348FFF70DFE2B
:1063700021460320FEF72AFEC4E7D56FAC4208BFD2
:10638000D067D268ECE721460648FFF7FEFD064BD2
:1063900001221A70D2E7204605B0BDE83040FFF771
:1063A00097BB00BF88180124981801249C18012469
:1063B0008C180124048407089418012448B1037D33
:1063C0000121012B1EBF438B43F010034383FFF7D2
:1063D00069BF6FF00F00704710B50846144669B1E9
:1063E0003AB11189FFF77EFC2046FFF734F8002010
:1063F00010BD33B9BDE81040FFF7E0BF6FF00F00EC
:10640000F6E71046F4E7F8B5044678B3866F002344
:10641000D0F88450777B8367DDB10146324600694E
:10642000A8470546E0B9BB0611D5238DD4F8846092
:10643000B3F5066F1CBF0133238546B10023214607
:1064400020691A46B0470D3001D16FF00C0528467F
:10645000F8BD01462B4632462846FFF7BDFFE0E770
:106460000D35F2D06FF00405A667F0E76FF00F0569
:10647000EDE700002DE9F8431B4D1C4F2B781C4E17
:1064800001332B703C684FF000080CB9BDE8F8836D
:106490002B78A27F9A4224D0A377638BD90709D5A2
:1064A00043F002032046638301F07CFE638B23F0FC
:1064B00003036383638B1A0705D523F00803204683
:1064C0006383FFF705FBA36FD4F80C903BB1204624
:1064D00086F80080FFF797FF3378002BD2D14C4627
:1064E000D3E7D4F80C90FAE79D5C002488180124C7
:1064F0009818012438B51446054618B3037D012BBE
:1065000018D089B1438B43F01003438322B101219A
:10651000BDE83840FFF7C6BE806F08B9002038BD1F
:10652000FEF799FFAC67F9E7002AF7D0042B04D8EF
:10653000022B04D86FF00A00F1E7072BFAD10021F3
:106540002846E5E76FF00F00E9E700002DE9F04F7E
:10655000B64F4FF0000989B03B68CB4601333B6032
:10656000B34B1A78059301321A70B24B4FF0000802
:10657000DFF8D0A21C6806933CB9AF4E3568002DF9
:1065800040F0488109B0BDE8F08F059BA27F1B78E1
:106590009A4203D1E668A0463446EDE7A37794F823
:1065A0004230052B00F2F78094F8A150002D00F046
:1065B000A58094F8A230052B00F2ED809F4B1D447E
:1065C00094F8A03015F8012C93420FD3B4F8601062
:1065D000002900F08480204601F034FC002840F0BF
:1065E0008380204601F0DEFD30B17DE00133DBB277
:1065F000934284F8A030E9D20025217D062909D1F3
:10660000638BDB0606D53B68226A9B1A282B84BF66
:106610000135EDB2667A16F0080617D0042902D0CB
:10662000072940F0CB80236A4FF4FA703968D4F818
:106630009C20C91AD4E9256302FB0362B2FBF0F285
:10664000914240F2AA8001350126EDB2636F63B139
:106650003B68226AB4F940109B1A01EB4101B3EB8D
:10666000410F02D32046FFF767FC237D032B40F048
:10667000A7803B68226A9B1A282B02D8002D00F0C5
:10668000AA802046D4F89050FFF75FFCE368B8F189
:10669000000F00F09D80C8F80C305EB1238B2046BF
:1066A0000293E38A0193231D00932346626A216DBE
:1066B00001F021FD23692046E6680793FFF734FACD
:1066C0008AF800904DB1079B6FF00C011846A8475F
:1066D0009AF80030002B7FF448AF44465BE7204631
:1066E00001F0C6FE002887D194F8A13084F8A0906C
:1066F000062B81D8013384F8A1307DE7238E47F63D
:10670000FE7293429CBF01332386B4F94030B4F942
:1067100030209A42FFF670AF204601F078FC38B185
:10672000236F002B7FF468AFE36E002B3FF464AF60
:10673000237D022B14D0B4F93C20B4F93E304049FB
:1067400003EBE20394F842200C2A28BF0C228A5C57
:10675000934047F6FF729342A8BF1346A4F8403017
:10676000B4F86020B4F84830618E9A42A4F83090B2
:10677000A4F8481028BF1A464B00A4F868B09BB292
:106780005008B3EB520F98BF03462046A4F84A3096
:1067900001F046FE31E701252FE794F8A32003FB23
:1067A0000263B3FBF0F3994208D9204601F04CFE96
:1067B00020B994F8A330013384F8A330002645E7CC
:1067C000092B7FF45BAF3B68226A9B1AF02B54E7DE
:1067D000069A136061E7237F627F0133E668DBB2CC
:1067E0009A4223773FF6D7AED4F88C3025778AF8D3
:1067F00000501BB9204601F0D5FCCCE621462069AB
:1068000098479AF80030002B7FF4AFAE00287FF451
:10681000C2AEEFE73B682A6A9B1AF02B14D92846D0
:10682000FFF793FBEB6894B9336011E090180124F3
:106830009D5C00248818012484180124148407080E
:10684000F4830708981801242C46ED6897E6E36066
:10685000D5F80C802846FFF767F945468FE600BF5C
:1068600008B5FFF707FE064A13780133DBB2137051
:10687000DB0703D5BDE80840FFF768BE08BD00BFD1
:106880009C5C0024094A1388591C1180084A12682C
:106890001AB1084909888B4204D2074A1268134486
:1068A000187D70475B1ADBB2D05C7047C85C00246F
:1068B000D45C0024D05C0024CC5C0024C3682DE9A7
:1068C000F0419B8905465BBADA070C4618D4DFF81D
:1068D000608001277FBAE668D8F800002B897168CC
:1068E000228903440A449A1A002A10DA5B1A002B00
:1068F0000ADD091A686889B22981FEF765FE03E09E
:1069000000240846FFF71DFA2C60BDE8F081B3892A
:1069100020465BBADB07266848BFEA68344642BFB8
:1069200093893B439381FFF7FEF9002ED3D1EBE728
:10693000C45C0024F8B51A4B07461E8866B1194D91
:1069400000232B802B88B34206D2FFF79BFF012840
:10695000F8D0022801D0C8B9F8BDFFF793FF04288A
:10696000FAD12B880133B342F6DAFFF78BFF04022A
:10697000FFF788FFA4B244EA00039BB25A1EB2F5A7
:10698000067F28BF4FF406733B80DBE7FFF77AFFF3
:106990000128E1D92B88023B18442880D2E700BFA8
:1069A000D85C0024C85C00240D4B10B51B7804464D
:1069B00013F0100312D0438BDB0606D4D0F89030CE
:1069C0001BB16FF00E010069984721460548FFF79B
:1069D000DCFA2046FFF7A8F8012010BD1846FCE7B6
:1069E000C05C0024881801242DE9F04105460C46BE
:1069F000124F134E7CB1E36838685A689B8911BA0C
:106A000022895BBA121A13F003030A4418BF012348
:106A10001344002B02DD2046BDE8F081D4E900805C
:106A2000FEF7FCFD2B883288181A2880204623891F
:106A3000444613443380FFF776F9DBE7A05C00247B
:106A4000B85C0024A04B2DE9F0471B7804469F4E0C
:106A500013F0100F9E4F00F088803368B0F860107C
:106A60009C4DD0E9150C2A68A946A0EB030EBEF197
:106A7000000F0CDB984203D1ACEB0200002806DBD0
:106A8000944513D194480068C08988420ED9924831
:106A9000B4F862800068C0891FFA80FEA4F8600024
:106AA000F045C4E9153238BFA4F86200606C131ACF
:106AB000002B00F317813B88002B40F00081B4F8D5
:106AC00060306144A56D2B448B4240F0F880B4F9EE
:106AD0003030002BC0F2F380904240F0F08094F808
:106AE0004330FF2B1CBF013384F8433094F843300C
:106AF000032B0FD9B4F848204FF6FF71638E13446F
:106B00009BB29A4288BF0B46A4F84830204601F059
:106B1000CEFA00E0FAD0606B38B3A36BD9F800204E
:106B20009B1A002B21DA6D4B80B2B4F93CC01A8855
:106B3000CCF3CF05111A491B0BB21CFA81F1002BC3
:106B400009B2B8BF801AB4F93E20A187B8BF401976
:106B5000A2EBA202B8BF03B213449BB2E38703EBDC
:106B6000E103A4F84030002363633D883368626A20
:106B7000002D00F09582217D062900F29182D11A24
:106B8000012900F13881C3F10100401B10440028A5
:106B900000F33181524D89B24FF0000C2B896868A7
:106BA0005B1A2B8103895B1A9BB242898A42C0F02F
:106BB0001B81FEF732FC636AEA6833605360336816
:106BC000626A991A0029C0F2BA8103F1010C218D81
:106BD000ACEB0200401A002800F3B181934240F070
:106BE000A8813F4DD5F80CC0B5F808E0BCF80C0002
:106BF00043BA13F0030218BF0122724492B29142C9
:106C00003A8020D2DA0707D520F47C5003F03E0307
:106C10005BBA0343ACF80C302981BCF80C305BBA8A
:106C20009807686844BF01F1FF3129812989FEF77F
:106C3000CBFCEB682A899B895BBA13F0030318BF6E
:106C4000012313443B80D4F87480B8F1000F00F0A6
:106C5000E180EB689B895BBADA0700F1D8804FF0DE
:106C6000010999FA99F9D8F80CC030683A88DCF82B
:106C70000430B8F8081002441944511A002980F26F
:106C8000E980D21A002A40F305811B1AEA68686875
:106C90009BB22B81928952BA920744BF03F1FF3312
:106CA0002B812989FEF790FCEB682A899B895BBAC6
:106CB00013F0030318BF012313443B80EAE00023D1
:106CC00084F8433027E700BFA45C0024C45C0024A0
:106CD000DA5C0024A05C0024CC5C00249018012421
:106CE000A85C0024216D511A002979DC618B4807CA
:106CF00009D521F004016183B4F84A10A4F84810C2
:106D00000021A4F86810B4F93C00E18F626401EB43
:106D1000E001227DA4F84010032A4FF00001A4F8FE
:106D2000421026D9B4F848109BB2B4F84A208A42DF
:106D300015D9628B12F4006F628E14BF01200220FD
:106D400012FB00F292B29A4294BF8B18CB189BB2FE
:106D5000994201D94FF6FF73A4F8483009E0B4F81E
:106D6000682013449BB29A4230D8994230D9A4F893
:106D7000683004F16608216F4046FFF735FEE16E8A
:106D800020674046FFF730FE226F9949B2FA82F33E
:106D9000E06609885B095B42238600232377B4F809
:106DA00064300B44A4F86430638B19057FF5B3AEEF
:106DB000A2B938B1C268526811BAE26C521A002AFC
:106DC0003FF7A9AE23F400636383A4E64FF6FF7395
:106DD0005B1AA4F86830638E0B44B8E7D268EAE720
:106DE000204601F0C1F996E6891A0381A0F80AC08D
:106DF00089B20068D9E69B1A002BBEBF638B43F0B3
:106E000002036383DBE603686367FEF78CFF606F52
:106E10000028F8D139882046238D32685B1A0A444D
:106E200023856262FEF744FF6B681A891AB1714AC2
:106E3000136000236B60EB689B895BBAD80704D5AD
:106E40006D4A137843F0200313706A4D4FF0000829
:106E5000694F54E0BCF80C305BBADB0710D5E96829
:106E60008A8953BA98070BD442EA090293B28A81FD
:106E70005BBA13F003032A8918BF012313443B8034
:106E8000D8F800A04046FEF74EFFD046BAF1000FFA
:106E90007FF4E9AEC4F87480BCE7B9F8080032604A
:106EA0008B8902445BBA13F0030318BF01231A4411
:106EB000034420466262228DD31A2385FEF7F8FE32
:106EC000D9F804100B892BB1286858B3FEF7BBFB27
:106ED000C9F80480D9F80C309B895BBAD90708D56A
:106EE0003B7843F020033B70237D042B04BF072332
:106EF0002375D9F8003048466367FEF714FFD4F8CD
:106F00007490B9F1000F05D0D9F80C10636A4A6883
:106F10009A42C2D0638BDA0706D523F0010343F00F
:106F2000020303E02960D3E743F001036383BDE874
:106F3000F087656F45B93148FEF70BFF6067204663
:106F4000BDE8F04701F010B94FF0000803F1FF3E33
:106F5000E8684268934215D128482B8902899A42F1
:106F6000EDD9FEF7F6FE0028E9D0B8F1000F07D002
:106F7000C8F800002946FFF7A1FCE0E70D46E7E767
:106F80006067F7E7B8F1000F09D1991A002937DADD
:106F90001A48FEF7DEFE0028D1D06067EAE7D8F88D
:106FA0000C104968AEEB0101002929DBACEB0201B2
:106FB000002925DC1148FEF7CCFE07460028BED08C
:106FC000D8F80C3031685A68B8F8083013445B1AA6
:106FD000002B07DD891AD8F8040089B2A8F8081038
:106FE000FEF7F2FA29463846C8F80070C3E700BF3A
:106FF000B85C0024BC5C0024C05C0024A85C0024B5
:107000002968A8460029B9D19B1A002B97DD8389EE
:107010005BBADB0793D42848FEF79BFE2860002864
:107020008DD0EB6831685A682B8913445B1A002BAA
:1070300005DD891A686889B22981FEF7C5FA3168C9
:107040003A88666A0A44238D921BD21A002A7FF777
:1070500076AF2868D0F80CE0BEF80C2092FA92FCCB
:107060001CF0010F09D022F47C520CF03E0C9CFA6B
:107070009CFC42EA0C02AEF80C20591A314489B249
:1070800001814068FEF7A0FA2A68D36812899B89BB
:107090005BBA13F0030318BF012313443B804EE790
:1070A000991A002906DB01339B1A228D9B1A002BAB
:1070B0007FF73DAF638B32E7A85C00242DE9F04FEA
:1070C00043688DB0AB4F05463B604389132B40F2BC
:1070D000A380A94E31687069FDF7C5F8002840F01B
:1070E0009B80736903F0F003E02B00F0958006F1BC
:1070F000140306212846009306F110032A89FDF7A0
:1071000069FD002840F088803B68998949BA890A5E
:1071100001F0FC0113297FD92B898AB28B427BD3E2
:10712000DFF884A2A2F11403DFF88082CAF800001D
:107130009BB26889DFF878929042A8F8003043D378
:107140002846A9F80030FEF768F93B688B4C1A888E
:1071500052BA1FFA82F91A805A8852BA1FFA82FB71
:107160005A805A68864812BADFF848E22260996865
:107170005A6009BA016007EE901AD88940BAD881DE
:1071800098899960089040BA00F03F0810F0030F0A
:107190005FFA80FC05948EF80080B5F808E034D1E1
:1071A0007848A0F800E078484FF0000804680B9099
:1071B0000A947468069434690994746907940A9C63
:1071C00084BB724B1868FAE014212846FEF725F9B3
:1071D0006C892846A9F800402146B8F80090FEF7CF
:1071E0001CF92868A9EB040843891FFA88F843456D
:1071F00012D343684146CAF80030FEF70EF92B89D6
:107200001C44A4EB09042C819FE70EF101005D4CA6
:1072100080B286452080C6D928460DB0BDE8F04F23
:10722000FEF719B994F808A0BAF1000F06D0069835
:1072300090F840000130C0B2824556D1208B4845BD
:1072400053D1E08A584550D16068099988424CD1A1
:1072500020680799884248D1B8F1000F06D0E2684B
:10726000C8F80C200A9AE260474A1460484A002194
:1072700048481CF0080F484E9046D3608146474B63
:1072800011609A46A2F808E05560196031700180DB
:1072900003D06B7B43F001036B73A36FDFF818B16E
:1072A000002B00F04A812046FFF7ADF80D3008D0E2
:1072B000A36F002B00F04181324B1B88002B00F0A4
:1072C0003C81638D13B9204600F04EFF0024D8F8AE
:1072D0000400CBF80040CAF8004018B1FEF7BBF834
:1072E000C8F804400DB0BDE8F08FA046E46867E739
:1072F000047A34B1069B93F840300133DBB29C42F0
:107300005CD1038B4B4559D1C38A5B4556D1436849
:107310000999994252D10368079999424ED11CF0BC
:10732000040F7FF479AF174B1CF0020F1C8811D0AB
:10733000436AD31A14D4068D9B1B002B10DC184B08
:10734000224417EE901A00930433CDE901B900F0FE
:10735000D2FE61E71CF0010F1EBF124B1B680362D7
:10736000002C3FF459AF438B43F00203438300F0FA
:1073700019FF51E7CC5C002488FE0024C45C002483
:10738000A05C0024DA5C00248818012484180124FD
:10739000A85C0024B85C0024C05C0024BC5C002411
:1073A00098FE002490180124D45C0024D85C0024AA
:1073B000D05C0024A45C00249C180124C068002830
:1073C00096D18F4B044680461B68099323B9002C45
:1073D00000F0168340461FE093F808A0BAF1000FB2
:1073E00008D0069991F840E00EF1010E5FFA8EFE8A
:1073F000F2450DD1B3F816E0DE4509D1D3F800E02F
:107400000799714507D0BEF1000F04BF1C468046A6
:107410001846DB68DAE71C4628B1E368C360099BBD
:10742000E360774B1C601CF0040F7FF4F5AE1CF09A
:10743000100F0BD0734B17EE901A1888724B024442
:10744000204600930433CDE901B980E71CF0020F18
:107450003FF4E2AE607DFEF781FE804648B9A36945
:10746000002B3FF4D9AE01464FF0FF322069984718
:10747000D2E673693A68036033694360E38AC38282
:107480001378527843EA0223038303230375059B91
:107490001B6801334362C362FEF78BFC059BC8F88F
:1074A00058001B68C8F85000013BC8F84400C8F8F1
:1074B0005C00C8F854302369C8F87C40C8F8103024
:1074C000637A03F00C0388F80930237A88F80830CF
:1074D0000B9B1B68C8F80C300B9BC3F8008001F0B5
:1074E0005BF80122494B08F132001A70FFF722FACB
:1074F0003B6898F80800DB89A8F86030A8F862308B
:10750000FDF7E4FE08F1040220B910460592FCF7ED
:107510009DFC059A0146B8F83200FEF74FFC122197
:10752000A8F83200404600F01AFD20B10021404684
:10753000FEF752FD70E6404619E7354DCBF80040A6
:107540002B7858071FD5237D022B0DD1314B226D8F
:107550001B689A4222D1337843F008033370638B5F
:1075600023F00103638319E02B4B626A1B689A4284
:10757000F1D09B1A12D4228D9B1A002B0EDC638B48
:1075800043F00203EEE713F00202618B19D0207D75
:107590000238012815D941F00201618333781907B7
:1075A00040F1D381D4F890301BB16FF00D01206908
:1075B000984721461948FEF7E8FC2046FEF7B4FA42
:1075C00084E6C90604F132005EBF154909682162EC
:1075D0000021A4F8A210CDE90632FFF7ABF9217D16
:1075E0000239DDE906320729D8D8DFE811F01B009F
:1075F0009D0003010701500103017901980100BFBB
:1076000094180124DA5C002498FE002498180124C0
:10761000A45C0024A05C0024C45C0024881801241D
:107620009018012403F01202122A5DD1A44A1168B5
:10763000626C01328A4257D1059B62641B68A14A81
:10764000591C013B12686162E162D28963650423BF
:10765000A4F86020A4F86220207A2375FDF736FE96
:10766000221D20B910460592FCF7F0FB059A014651
:10767000608EFEF7A3FB41F21C134200608681007E
:107680009A42154638BF1D46B5EB800F20D98BB204
:10769000A4F84830B4F86630206F013BA4F8663097
:1076A000D0B9E06E0368E366FEF73DFB236FB3B924
:1076B0004FF6FF732386D4F88830002B3FF45FAF7A
:1076C00000222146206998470D307FF458AFFDE530
:1076D0009A4288BF93B2DBE703682367E4E700239D
:1076E000238684F84230E6E7D8067FF557AF3B683B
:1076F000754A18881188059A1268029020465B889E
:107700000A446F490193714B00930433096800F0F8
:10771000F2FC94F84230052B3FF640AF00232046A0
:10772000238600F086FE39E7D90655D5644B1968E3
:10773000636CDB43CB423ED4236DCB1A002B3ADC87
:1077400004232375E36F1BB92046FEF7ADFCBDE5AE
:107750009B69002BF8D0002221462069984718B178
:107760000D303FF4B3ADEFE72046FFF76BF9B9F802
:10777000003013B1013BA9F80030618E41F21C13B7
:107780004A0088009A42154638BF1D46B5EB810F66
:107790000DD983B2A4F8483033789A067FF5FEAE4F
:1077A000638B43F00203638307232375F6E69A4253
:1077B00088BF93B2EEE73B68434A1D881088059A5C
:1077C000126802955B880244204601933F4B009368
:1077D000043300F090FCE1E6002A3FF4DFAE636A78
:1077E0003B4A013B126893427FF4D8AE204600F03A
:1077F00036FCD3E62046FFF725F9CDE72046FFF714
:1078000021F9337813F0200F2B7831D013F0100FBB
:10781000638B28D02A4A216D1268914223D1E26EEF
:107820000ABB43F0020320466383FEF78EFB294A1E
:1078300013689C4209D1E368136008E0DA68944257
:1078400002D1E268DA6002E01346002BF6D1224B47
:1078500001221A700A232375204B1A681C60E2600B
:1078600000F09AFE9AE643F00203638308239CE744
:10787000DB067FF593AE124B226D1B689A427FF4B4
:107880008DAEE36E002B7FF489AE06238DE7204694
:10789000FFF7D8F833789F067FF580AE638B2046DC
:1078A00043F002036383FEF750FB0A4A13689C42CD
:1078B000C1D0002BCBD0DA689442C2D01346F8E78F
:1078C000A05C0024CC5C0024DA5C002498FE002438
:1078D000C45C002488180124981801248418012409
:1078E0002046FFF7AFF82B78DD067FF557AE474B04
:1078F000226D1B689A427FF451AEE36E002B7FF439
:107900004DAE2046FEF721FB414A13689C4292D0BF
:10791000002B9CD0DA68944293D01346F8E72046B7
:10792000FFF790F82B78D8067FF538AE374B226DED
:107930001B689A427FF432AEE36E002B7FF42EAECA
:10794000337843F01003337028E6B9F800202AB1E9
:10795000D4F880309BB90023A9F800302046FFF707
:1079600023F800287FF4B2ACDAF80020DAB1638B98
:1079700013F0100309D01046FDF76DFDE4E6214633
:10798000206998470D30E6D1A0E4D4F8845005B3BF
:1079900021462069A84710F10D0F3FF497AC10B1B4
:1079A000DAF80030A36733789A0605D5A36FABB138
:1079B0005A7B42F020025A7300232046CBF8003055
:1079C000FEF7F2FF00287FF481AC204600F0EAFBCE
:1079D0007CE42B462146FEF7FFFCDCE7238DD4F840
:1079E0008450B3F5066F1CBF01332385002DE3D00F
:1079F0000023214620691A46A8470D30DCD165E4F2
:107A0000089B5BBA5B073FF507AC13E5A05C00245D
:107A100088180124024A137843F01003137070474A
:107A2000C05C00242DE9F0479DF820A08146042089
:107A30000F464FEA8A0516469846FDF7BBFA05F051
:107A40000405044628B93846FDF705FD2046BDE883
:107A5000F08780F80AA04FF0000A3B8914215B1BD5
:107A6000C0E900A703813846FDF7D4FC20B12046C9
:107A70005446FEF758F9E9E76368AD0898FA88F8C4
:107A800059680535B9F81630E16046EA05355BBA44
:107A90006DBA0B80B9F81830C1F804805BBA8D81DB
:107AA0004B808874C874D1E714312DE9F84389B24A
:107AB00004461746466AB0F816904FF42072B0F8A4
:107AC0001880458D2220FDF7F9FCD0B1436836BA05
:107AD00045F2100252BA9A8100225F601A745A74F9
:107AE0009A74DA749E60628D99FA99F998FA98F806
:107AF000A3F80090A3F802806DBADD81636A134495
:107B0000E362BDE8F8832DE9F0430D4685B0904669
:107B10001F46044620B3007A10B3FDF7D7FB064694
:107B200020B3D5F8049043462A89062128460097B9
:107B3000FDF750F8A9F81000B4B1E37AA47A062250
:107B4000414628460296CDE900423A46FCF769FBD9
:107B500004462846FDF77FFC204605B0BDE8F083CB
:107B60003846FCF773F9DAE7FF23E8E76FF0030420
:107B7000EFE72DE9F04F2DED028B8BB091460546D6
:107B800004910693002800F05381B0F86230428ED1
:107B90005B08934228BF1346002B08BF134605938A
:107BA000049B002B00F04481037D072B03D0023B94
:107BB000022B00F24481B9F1000F0ED0B5F8643009
:107BC0004B4506D26B8B43F080036B834FF0FF3045
:107BD00030E1B5F86630072BF4D8B5F86630D5F843
:107BE0006CA00393BAF1000F00F0DA805746DAF880
:107BF00000A0BAF1000FF9D1B9F1000F00F0128125
:107C0000059BB7F80880A3EB0806BB7A9B0003F03E
:107C10000403F61AB6B2002E00F0C780B8F1000FC8
:107C200000F0C6804E45069BA8BF4E46DB07B04617
:107C3000B6B221D54FF4207231465046FDF73EFCD6
:107C40000446002800F0F080424604994068F8F7A6
:107C50007CFD2046FDF7E2FC039BBA464FF000088E
:107C600003449BB20393069B4FF0000B03F0010308
:107C7000CDF81CB0089383E07C6822462468002C71
:107C8000FBD1137B13F0C00F06D151895368049ABE
:107C90000B449A4200F08E80012231460020FDF70D
:107CA0000DFC0446002800F0BF80049B4360D1E730
:107CB000A9EB0603059A9BB2934228BF13469BB2D9
:107CC00008EE103A089BD3B14FF4207218EE101A48
:107CD0003620FDF7F3FB824640B3049B18EE102AD2
:107CE00040689919F8F731FD5046FDF797FC039B62
:107CF00003449BB2082B03932CD9504614E0012275
:107D000018EE101A3620FDF7D9FB78B1049A0990C5
:107D10003244089942604FF420723620FDF7CEFBC2
:107D2000099B824690B91846FDF795FB6B8B43F093
:107D300080036B8314B12046FDF78DFBBBF1000F70
:107D40003FF444AF5846FDF7FCFF3FE71946FDF707
:107D50007AFCC9E7EB6D0022514628463344009275
:107D6000FFF760FE82460028E0D0BBF1000F15D07F
:107D7000079B186018EE103ACDF81CA01E44B6B24E
:107D80004E4595D3CCB121467868FDF75CFC3B8924
:107D9000228913443B81C7F800B026E08346E9E717
:107DA00057465446D04656465DE7D04654465AE7B5
:107DB0005646FBE7B046BA4655E7B8F1000F10D07B
:107DC0007B681A891968424492B21A8139B95A8972
:107DD00042445A813B899844A7F80880DBE70B4668
:107DE000EFE7002FD7D1C5F86CB0EB6DB5F8642084
:107DF0004B44A2EB0909EB65039BA5F86490A5F839
:107E00006630BAF1000F0BD0DAF80C0090B1069B87
:107E100013F0020A04D108235ABA838913438381D9
:107E2000002007E0CB46B6E74FF0000B5C467DE74D
:107E30006FF00F000BB0BDEC028BBDE8F08F6FF060
:107E40000A00F7E72DE9F74FC46E06460D4614B950
:107E50004FF0FF307CE0002978D0B4F808908945D5
:107E600072D994F80AA0A9EB01014FF420723620D0
:107E70004FEA8A071FFA81FB07F0040717FA81F11E
:107E800089B2FDF71BFB80460028E1D0606822899B
:107E90000389D8F804109B1A5A4639442B449BB2E4
:107EA000FDF72AFC584556D1E36830469A8952BA04
:107EB000D7B212F008025B680EBF07F03F0707F069
:107EC000370708221BBAF907CDF800A02B4441461A
:107ED00044BF42F0010207F0FE07FFF7A3FD824610
:107EE000002838D06068A5EB0905FDF797FBB6F8C8
:107EF00066301FFA85F8181A7FBAA6F8660060681F
:107F0000018911FA85F189B2FDF75EFB2389E268E8
:107F100098446068A4F8088093891F439781FDF70F
:107F20007DFBB6F866301844A6F86600DAF804005F
:107F3000FDF774FBB6F8663018442368A6F86600AF
:107F4000CAF80030C4F800A0002001E06FF005007E
:107F500003B0BDE8F08F4046FDF77DFA78E773B5D2
:107F6000C1F3400604460D464FF42072B10036209E
:107F7000FDF7A4FA014638B9638B4FF0FF3043F0A8
:107F80008003638302B070BDE36D2A4620460096ED
:107F9000FFF748FD0028EFD0E36EABB9E066AA0713
:107FA00040681EBFE36D0133E365EB0742BF638B9F
:107FB00043F020036383FDF731FBB4F866301844C7
:107FC000A4F866000020DDE71A461B68002BFBD1F1
:107FD0001060E4E7C36E10B443B11A461B68002B6F
:107FE000FBD1D468A28951BA490704D001215DF8B8
:107FF000044BFFF7B4BF012149BA0A43A281428B67
:108000005DF8044B42F02002428318467047026F2D
:1080100030B50AB313461C461B686168897BCBB92F
:10802000012919D1C16E2160C0E91B23428B42F4A2
:1080300000624283E268516892890DBA218952BA7E
:1080400012F003022944436318BF01220A44C264A8
:10805000184630BD0129DED06FF00500F9E7036F47
:1080600030B50BB35A68927B012A1DD11A6800F112
:108070006C040267216841B1CA68DD6852686D68A6
:1080800012BA2DBA521B002A0CDB1960236090F83B
:108090004230FF2B1CBF013380F842300023436382
:1080A000184630BD0C46E5E76FF00500F9E738B536
:1080B000036F0446F3B1438B5B071BD4FFF7CFFF7D
:1080C000C0B9B4F86010B4F848302086994228BF8F
:1080D0001946638E5D004A10B5EB510F2B4488BFE3
:1080E0002A461344A4F84A20A4F84830638B43F08E
:1080F0000403638338BD2DE9F34798460A9B07467E
:108100000E46154614214FF420722220BDF82CA0F3
:10811000BDF830900193FDF7D1F9014608B34468EA
:1081200045F2140252BAA28146F2080252BAE28122
:10813000002236BA2DBA227438466274A274E274F0
:108140004246019B9AFA9AFA99FA99F9A4F800A082
:10815000A4F802906660A56002B0BDE8F047FFF7A2
:10816000D2BC02B0BDE8F087026D002110B512BA92
:108170000446FFF799FC014630B9638B6FF00100AC
:1081800043F00303638310BD231D22462046FFF7FF
:10819000BAFC638B18B143F003036383F3E723F066
:1081A0000303FAE79C4B1B6883422DE9F04F04461A
:1081B00087B008D0C56E45B9438B990736D4638B19
:1081C00023F080036383002018E1B0F8489000F1A9
:1081D000040AB0F86060007A68B3FDF777F80746E4
:1081E000002800F0168123680BB943682360EB6810
:1081F000B145616C5B6828BFB1461ABA2B895B1A1E
:1082000013444B451BD9B4F860304B450AD1236F5A
:1082100043B994F8A1302BB94FF4807284F8A2309E
:10822000A4F8A020638B9A07C9D5204607B0BDE803
:10823000F04FFFF799BF5046FBF708FECFE700234A
:10824000266F84F8A13026B133463668002EFBD164
:108250001E461023DFF8C4B15BBA059346E02B68D5
:108260002889E366237D022B1EBF638B23F0030363
:108270006383EB685968B3F80CE009BA236D9EFA82
:108280009EF212F0030200EB010C18BF01226244BF
:10829000A3EB020C9EFA9EF3BCF1000FB8BF22655F
:1082A00013F0030318BF0123C34200F0AE80002384
:1082B0002B60236F13B925672E4613E0F3685B68C4
:1082C0001BBACB1A002B80F29E8004F1700002686A
:1082D00032B1D3685B681BBA5B1A002BC0F2918085
:1082E0002A600560E56E002D3FF469AFD5F80C807B
:1082F000626CD8F804301BBA9B1A2A8913444B4588
:108300003FF65DAF236FB3B1628B12F0440F12D111
:10831000E36E2BB1196871B91989638E99420AD23B
:10832000B4F864303BB1B4F86630072B03D812F0D0
:10833000A00F3FF444AF237D022B1FBFB8F80C30D1
:10834000059A1343A8F80C306B689B7B012B86D1F0
:10835000636A1ABAC8F80820628D51BA1344A8F8A3
:108360000E10E362AB7ADB070AD5524639464FF46A
:108370000670FDF723FD40F0017000BAC8F8140044
:10838000B4F93030D5F80C80002BBCBF0023238615
:10839000636B33B9DBF800306363D8F804301BBA81
:1083A000A363686806214268C0F80480A8EB020253
:1083B00093B24289D21A42810289D21A002392B220
:1083C000028188F8103088F811302346CDF800A0DB
:1083D000FCF700FC0623A8F8100052460193214642
:1083E000A37A02970093E37A6868FBF71AFF0028E4
:1083F0003FF435AF638B43F08003638307B0BDE880
:10840000F08F104663E7356056E72846FDF78BFC92
:1084100068E76FF00300F1E79C180124901801242D
:1084200090F84230FF2B1CBF013380F84230FFF739
:10843000B9BE10B50446FFF7EAFD20B92046BDE8F5
:108440001040FFF7EDBF10BD026D0021013A10B5DD
:1084500012BA0446FFF728FB014630B1231D22461D
:108460002046BDE81040FFF74EBB4FF0FF3010BD77
:108470002DE9F041C56E0646002D3BD090F8A230A4
:10848000FF2B1CBF013380F8A230EB689C8964BAD3
:1084900014F001045A681EBF2C89B4FA84F46409EC
:1084A00084F00101FFF700FB074630B34168BCB11F
:1084B00011235ABA8B8923F47C5313438B81EB68C5
:1084C0003946326D30465B681BBA0133D21A002A36
:1084D0003246B8BF3365331DBDE8F041FFF713BB2B
:1084E000686814312A8903899B1A01229BB2FDF71F
:1084F00003F9E4E72846BDE8F0814FF0FF30FAE7E2
:1085000070B504460C200E461546FCF753FD40B1ED
:1085100000230C4A446003601368C0E902650BB98C
:10852000106070BD5968611A002901DA0360F7E72D
:1085300019461B681BB15A68A21A002AF8DA0360B0
:108540000860EEE7E05C002438B5436804469847CD
:10855000F8F756FB074B25681B6807492B441A1A86
:10856000002A2246B4BF40191846BDE83840FFF73C
:10857000C7BF00BFDC5C00244985050813B504466D
:10858000CDE90021F8F73CFB2044DDE9002102B0F1
:10859000BDE81040FFF7B4BF084B1A6862B9084A3B
:1085A000126812B9074A126832B101220649FA204C
:1085B0001A600022FFF7E2BF704700BFE45C0024AE
:1085C0008818012484180124CD85050808B5FEF714
:1085D00047F9084B1B6813B9074B1B6833B10022DE
:1085E0000649FA20BDE80840FFF7C8BF044A1360F7
:1085F00008BD00BF8818012484180124CD85050812
:10860000E45C002470B5064D0124064E55F8080FB1
:10861000013431462A46FFF7B1FF072CF6D170BD71
:108620001C840708498505082DE9F041F8F7E8FAA8
:108630000C4E0446DFF83080316889B14B68E21A8D
:10864000002A0DDB0A680C20C8F800303260D1E93E
:108650000257FCF7BBFC002DEED03846A847EBE7ED
:10866000BDE8F081E05C0024DC5C002410B5074C20
:1086700023683BB1F8F7C4FA23685B68181A48BF4F
:10868000002010BD4FF0FF30FBE700BFE05C00248E
:1086900008B5F8F729FB6FEA8040024B6FEA90407B
:1086A000188008BDFA0C00244389072B2DE9F04FF0
:1086B000054685B0884605D8284605B0BDE8F04F88
:1086C000FCF7C9BE4F4CD0F8049021686069FBF7F5
:1086D000CAFDB9F802305BBA1FFA83FA4A4B074663
:1086E000B9F80060D3F800E0636876BA0393B6B2D5
:1086F000D4E90430002402937346A4462BBB1CB972
:10870000D8F804308342D7D1B9F806304BB13F4B8B
:1087100011212A8928460093043BFCF75BFA0028C4
:10872000CAD108212846FCF778FE0028C4D1002CC5
:1087300053D0276A002FBFD000962A46344B2146DB
:10874000606AB84705B0BDE8F08F5A8A52453BD100
:10875000197A31B1039A92F840200132D2B2914293
:1087600032D11A6867B342B1411C06D082EA000BCD
:10877000D8F808101BEA010F26D1197C49070BD441
:108780004CB327B3411C22D1D8F804B02168594515
:1087900002D0934508BF1C469A8AB24214D15A6847
:1087A00012B102998A420FD1BCF1000F06D0DA68EB
:1087B000CCF80C20144AC3F80CE013601C46A3E765
:1087C000002ADAD08242D8D09C46DB6896E7002A9D
:1087D00018BF1C46E0E71C46DEE7002F7FF46CAFB5
:1087E000084A536903F0F003E02B3FF465AF918929
:1087F0002846083109B2FCF726FE03212846FBF77C
:10880000E7F859E788FE0024A01801249CFE002404
:1088100098FE00242D4B2DE9F041002908BF194690
:1088200000284ED02A4F3E683546D5B9002A46D199
:10883000284B4FF480444FF6FF7E1A887245B446A9
:1088400016BF01324FF4404292B2BCF1000F0ED17C
:108850001A800B68428203600DB9C6603860002040
:1088600031E0854201D0ED68DFE70125DEE7BCF8A5
:108870001280904507D1013CA4B2002CDED11A80B1
:108880006FF007001FE0DCF80CC0DEE7834212D077
:10889000447A640702D55C7A64070CD45C8A9442FB
:1088A00009D1D1F800C01C686445E9D0BCF1000FC3
:1088B000E6D0002CE4D0DB68002BE7D1C9E73346D3
:1088C000FAE76FF00F00BDE8F08100BFF4820708FF
:1088D000A0180124FA0C00242DE9F04F85B00F46B2
:1088E000904699460646DDE90EBA002877D0002961
:1088F00075D0002A73D0BAF1000F70D0BBF1000F11
:108900006DD0428A3AB13A894FF6F7739A420CD940
:108910004FF0FF3405E00146FFF77CFF04460028D6
:10892000F1D0204605B0BDE8F08F08213846FCF7AD
:1089300071FD002851D04FF4207208212220FCF74D
:10894000BDFD05460028E3D03B8913B13946FCF74D
:1089500089FE6C68738A5BBA2380002399FA99F9BF
:10896000A371A4F80290E371317C0A0709D5D8F805
:10897000003003F0F003E02B02BF6B7B43F00403F5
:108980006B732A8953BAA380CB070CD453461121A9
:108990002846CDF80080FCF71DF94FF6FF7300283C
:1089A00008BF1846E080D8F800301122514628460A
:1089B00003F0F003E02B0CBF737FF37ACDF808B01F
:1089C0000192B27A00924246FBF73CFCBD4204465B
:1089D000A7D02846FCF73FFDA3E73D46B9E76FF077
:1089E0000F049EE773B5069CA0B199B192B18CB10A
:1089F00005681DB105F0F006E02E06D1251DCDE974
:108A00000045FFF769FF02B070BD6668B54204D14A
:108A10000546F4E76FF00F00F5E76FF00300F2E7AB
:108A2000F7B50D4617461E46044668B361B35AB300
:108A3000007A28B1FCF74AFC88B96FF0030015E012
:108A4000136803F0F003E02B03D03846FBF7FEF980
:108A5000F2E7207F60B1FCF739FC0028F5D00090E8
:108A600033463A4629462046FFF7BCFF03B0F0BD27
:108A7000A369002BE9D0064A12689342E5D004F1BD
:108A80001800FBF7E3F9E8E76FF00F00EEE700BF2F
:108A9000F8820708024620B119B1838A0432FFF731
:108AA000BFBF6FF00F00704719B191F8401001314E
:108AB000C9B201727047000070B50D4616460446F3
:108AC000D0B1C9B1428A6AB12B68A6826360237CA7
:108AD00043F0040323740B4B1A68104640B9E2605C
:108AE0001C6004E00146FFF795FE0028ECD070BD45
:108AF000A04204D0C068F1E76FF00F00F7E7002054
:108B0000F5E700BFA018012408B1C0E908127047BA
:108B1000014698B10A4A1368834205D1C3681360BD
:108B20000120FCF753BA1346002BF9D0DA68002A6B
:108B3000F6D08A42F7D1CA68DA60F1E7704700BF21
:108B4000A018012410B50120FCF734FA044630B116
:108B50002822002117F044FDFF23E37263772046AB
:108B600010BDFFF7EFBF000010B538B103682BB19F
:108B700021B10B6813B1064B1B6803B910BD1C680B
:108B80000268944204BF0A681A60DB68F5E700BF18
:108B9000A018012443890E2B70B504460D461AD93E
:108BA000C37B1BB991F840300133C373606803780D
:108BB0008689D9070AD5012B11D1437833B9837837
:108BC0005E2B03D1637B43F010036373082E10D038
:108BD000B6F5C16F1DD02046FCF73DFC17E006221C
:108BE000134917F0CDFB0028F0D1637B43F0080355
:108BF000EBE795F83D301A07EDD50E212046FCF73E
:108C00000CFC0028E7D129462046FBF755F9002047
:108C100070BD95F83D301B07DDD50E212046FCF7D1
:108C2000FCFB0028D7D129462046FAF7EDFBEEE7FA
:108C3000548407082DE9F0410C4606460E21BDF884
:108C40001850204617466DBA9846ADB2FCF7E2FBC5
:108C500090B9616830468D81D8F800300B60B8F863
:108C600004308B803B68C1F80630BB884B812146BD
:108C7000B369BDE8F04118476FF00100BDE8F0812D
:108C80000048704746F4FFFF7047B0F96400704732
:108C90000048704746F4FFFF0048704746F4FFFF66
:108CA00010B586B090F8B7300C461146049390F892
:108CB000B630094A039390F8B530029390F8B43077
:108CC000019390F8B330009390F8B230204617F03B
:108CD000A9FE204606B010BD6084070813B50C46F7
:108CE00090F8BC300549009390F8BB3090F8BA205A
:108CF000204617F0DFFE204602B010BDFC820708B8
:108D00001FB50C4681B100F17C01012001F00AFB86
:108D100060B110226946FBF74DFB0146204602F088
:108D200018FC002004B010BD0148FBE70148F9E73A
:108D300045F4FFFF42F4FFFF1FB503460C4671B137
:108D4000D3F88430843063B110226946FBF732FBDC
:108D50000146204602F0FDFB002004B010BD024891
:108D6000FBE70248F9E700BF45F4FFFF42F4FFFFCD
:108D70001FB503460C4671B1D3F88830883063B113
:108D800010226946FBF716FB0146204602F0E1FB84
:108D9000002004B010BD0248FBE70248F9E700BF1D
:108DA00045F4FFFF42F4FFFF29B1C0F8BC1001F108
:108DB0007C00FCF7F1B9704710B50C680448F9F76E
:108DC000EDF94FF0FF31E069F4F7EAFF002010BD44
:108DD00099900508F0B5064685B014461D4608462C
:108DE00011B9154805B0F0BD4FF0FF32002301A9BD
:108DF000CDE90223FBF752FA0746C4B1204602A987
:108E0000FBF74CFA0446A5B103A92846FBF746FA3E
:108E1000002FE6D0002CE4D00028E2D006F17C0040
:108E200003AB02AA01A9FCF72DF90020DAE701241F
:108E3000E9E70120ECE700BF45F4FFFF064B10B562
:108E4000044640F8EC3B09F087F904F1C80009F04A
:108E500021FA204610BD00BF8884070810B50446DB
:108E6000FFF7ECFF4FF48071204608F0EDFF20463D
:108E700010BD000069B1084B186858B183688B4277
:108E800004D190F8BC000130C0B27047D0F8C400E3
:108E9000F3E70846704700BFE85C0024054A034634
:108EA000106830B100F17C02934202D0D0F8C400C7
:108EB000F7E77047E85C002437B5044600200D460C
:108EC000FBF72EFE08B103689BB929460120FBF78A
:108ED00027FE08B1036863B92146002001F022FA99
:108EE00038B14FF00833224601A900200193FBF767
:108EF000D5FD03B030BD08B56C30F5F7EFFF08BD08
:108F00007FB5274B002504466C3040F86C3C0223AB
:108F100040F8685C102640F8083C012300F80A5C21
:108F200020F8043CF6F714F82946482204F17C00A6
:108F300017F056FB04F120036A4629464FF6FF70EE
:108F400002930396CDE90055F4F712FF04F13403C0
:108F50006A46294620634FF6FF70CDE90236F4F7E2
:108F600007FF04F148036A46294660644FF6FF7024
:108F7000CDE90236F4F7FCFE04F10C036A46A06565
:108F800029464FF6FF70CDE90236F4F7F1FE054BA6
:108F9000E06120461A681C60C4F8C42004B070BDAB
:108FA00030850708E85C00242DE9F04385B00646CB
:108FB0008946CC20314990461F460C9D08F02AFF77
:108FC0000446002856D0FFF79BFF06F1C003C4F803
:108FD0000490C4F8C830002384F8693035B12B6898
:108FE00028465B6A984708B1C4F8AC0004F1B200A7
:108FF000F6F7D2FB0623A56004F17C0584F8B830AF
:109000001F4B284602931F4BCDE9004300231A460D
:109010001946FCF763F878B3B8F1000F04D028467E
:10902000FCF7BAF8C6F8BC4017492846FCF74AF9DD
:10903000164928460626FCF71DF994F8B2000021CF
:1090400001233C600D02B3FBF6F206FB1232013342
:1090500045EA106554FA82F2DBB2294692F8B280F2
:10906000082B48EA0020EDD1F7F73CFE002005B0C0
:10907000BDE8F0830648FAE70648F8E7E0AE0708DF
:1090800081210508AD9505085D910508D191050878
:1090900041F4FFFF3CF4FFFF38B5054650B30468C8
:1090A00044B3154A1368A3B19C4217D1D4F8C43015
:1090B000136004F17C00FCF7A1F8002320462B602C
:1090C0000E4B40F86C3BF5F703FFCC21204608F02F
:1090D000BBFEE069BDE83840F4F78ABE1A46D3F813
:1090E000C430002BF5D09C42F8D1D4F8C430C2F87B
:1090F000C430DEE738BD00BFE85C002430850708D7
:1091000037B504467C300190FCF74CF894F8673092
:1091100003B394F8663001982BB1FAF796F8002360
:10912000019884F86630F9F743FF70B102256C347A
:1091300024F8085C2046F5F7DEFE20B12A4600211F
:109140002046F5F7FDFE044802E0012384F866306E
:1091500003B030BD1846FBE73EF4FFFF70B5FFF7E4
:109160009DFE90F8B9300446B0F964605A0724D5E2
:10917000032E22D1FFF7C4FF94F86830B3B1B8B919
:10918000206BF4F735FE04F16C052846F5F7B3FEC5
:1091900058B1B4F96420B24207D0531E9BB2012BE0
:1091A00003D900212846F5F7CBFE70BD0028EAD090
:1091B00004F17C00FCF70BF8E5E7606CF4F718FEAF
:1091C00094F8B930DB0744BF0323A4F86430EFE719
:1091D00070B50146FFF762FE90F8B9300446B0F969
:1091E000645013F0010F4FEAA3033BD0DE0728D5EC
:1091F00090F86230D80703D50123A4F8643020E04A
:10920000012001F08FF8C0B194F8683013B1A06D5F
:10921000F4F7EEFD94F8623043F0010384F8623015
:1092200094F868304BB904F15C012046FFF756FD15
:10923000014604F17C00FFF73FFE94F86230DA0744
:10924000DAD404F16C063046F5F755FE48B1B4F9AE
:109250006420AA4205D0022A03D000213046F5F747
:109260006FFE70BDDB07ECD50223C6E737B50446B9
:10927000084611461A46B4F96430012B5DD0032B21
:109280005DD00323A4F864309DF8203084F8683062
:109290009DF81C30022B17D0C0B1012384F8673031
:1092A00004F16C052846F5F726FE20B103220021C3
:1092B0002846F5F745FE94F8B9305B072ED494F8AC
:1092C000683083B900200CE00028E9D194F86930B7
:1092D000002BE5D100932046069BFFF77BFD00287D
:1092E000DED003B030BD4EF66021206BF4F758FDA0
:1092F00038BB94F86830002BE4D004F17C050120E1
:10930000294601F00FF878B104F15C012046FFF71F
:10931000E5FC01462846FFF7CFFDD3E72046FFF7DF
:10932000EFFE0028E5D0DCE74EF66021A06DF4F7F3
:1093300037FD0028E8D00448D3E70448D1E70448C3
:10934000CFE70448CDE700BF3EF4FFFF39F4FFFF4D
:1093500034F4FFFF44F4FFFF7FB5B0F964300446F6
:10936000022B39D090F8663000F17C0543B12846D5
:10937000F9F766FF2846F9F768FF0023A4F866307E
:1093800028460025FBF723FFA06DC4F8885002266D
:10939000C4E92055F4F75AFD04F148036A4629460A
:1093A000029310234FF6FF706C340393CDE9005500
:1093B000F4F7DEFC04F80A5C44F8140C24F8086C9A
:1093C0002046F5F798FD28B1204632462946F5F7A4
:1093D000B7FD284604B070BD0048FBE744F4FFFF2A
:1093E00013B5044608460191FCF720F9646A6068E9
:1093F0000368DB6B98476368019950B11A68184697
:109400009269904700280CBF6FF00B00002002B05B
:1094100010BD1A6818460191126C90476068019956
:1094200003689B699847EDE710B50C46D0F88C307F
:1094300000F17C012046984720B12046BDE810404D
:10944000FCF709B810BD00000B4600F17C0113B118
:109450000248F8F7A3BE0248FBE700BF7B520508AD
:10946000AB52050807B5BAB1012A19D10B68ADF89E
:1094700000205E221BBA406A8DF80220C3F3160159
:10948000C3F306438DF803304BBA6946ADF8043098
:1094900040680368DB6A9847002003B05DF804FB6E
:1094A0006FF00F00F9E730B40C461168D0E90032D4
:1094B0002468D50704EB620044BF5510625930BCE4
:1094C00048BFD358184707B5019101AA0146043097
:1094D000FFF7E9FF03B05DF804FB0000034A034611
:1094E000C26007C983E80700704700BF68850708A6
:1094F00010B588B0059108A902AC019001E90C00F3
:1095000005A984E80C00FFF7E9FF019808B010BD39
:1095100037B56C46054684E80C0094E80C00FFF76C
:10952000E7FF284603B030BD30B40C461178D0E9CF
:1095300000322468D50704EB620044BF551062591D
:1095400030BC48BFD358184707B58DF807100DF148
:10955000070201460430FFF7E7FF03B05DF804FBA4
:10956000034A0346C26007C983E80700704700BF8B
:109570005C85070810B588B0059108A902AC019078
:1095800001E90C0005A984E80C00FFF7E9FF019848
:1095900008B010BD37B56C46054684E80C0094E869
:1095A0000C00FFF7E7FF284603B030BD2DE9F0417E
:1095B000456A04468AB000276868D5F8C810036871
:1095C0009B6B98476E682F4A2946336806A8039715
:1095D000D3F824802B4B02933B46FFF799FF06A953
:1095E0003046C04706A8F5F75BFD6E68264A294657
:1095F000336806A8D3F82880234BCDE904373B46CF
:10960000FFF7C8FF06A93046C04706A8F5F74EFD8C
:109610001A2384F83D3068680368DB699847B842CC
:10962000686814BF3E466FF00B0603681B689847D6
:10963000A08668680368DB68984784F83C0068681F
:1096400004F13601036801911B6998476868019924
:1096500003685B6998476868022204F13E01036869
:109660009B689847094B30466361094B636494F8E3
:109670003D3043F0200384F83D30064BA3610AB02F
:10968000BDE8F081299405084994050811370508BB
:1096900065940508E193050808B50968FFF713FF0D
:1096A00008BD07B5019101A9FFF7F6FF03B05DF80A
:1096B00004FB08B50978FFF747FF08BD07B58DF82B
:1096C00007100DF10701FFF7F4FF03B05DF804FB8D
:1096D000C1F51470704708897047084601B10868E1
:1096E000704748687047488970470846FBF7B3BE23
:1096F00008461146FBF7BEBF084611469AB2FCF772
:109700002AB808B5184692B20023FBF7F5FF08BD4A
:1097100008461146FBF797BFC2F51470B1FBF0F392
:1097200000FB131101B1013302FB03F070470B681A
:1097300010B52BB94B890B8110BD02810029FBD0DC
:109740004A89084609680B46002BF6D05C891B68DD
:109750002244F9E74A81FFF7EABF30B4AAB10B46C9
:1097600083B15D68B5FBF2F402FB14542CB1141BF9
:10977000A24294BFAC182C195C605C89A41A5C816D
:109780001B68EDE730BCFFF7D2BF30BC7047114417
:1097900070B589B20646154600204FF42072FBF7DB
:1097A0008DFE044620B101462A463046FFF7D5FF1C
:1097B000204670BD70B50C4616460546FFF7ACFF57
:1097C00021184FF4C172002089B2FBF777FE0446DE
:1097D00020B1014632462846FFF7BFFF204670BD44
:1097E00008B508F0B5FDBDE80840F7F70BBA10B5AD
:1097F000446802682368806823440244D91DC3F189
:109800001003121B21F007010B449A422CBF08469B
:10981000002010BD436810B5044653B9006838B144
:109820000068A268904211D80F2894BF0020012040
:1098300010BD1B680F2B09D9FFF7D9FF2368A26859
:10984000134498422CBF00200120F1E70020EFE7ED
:109850001A4B70B503608AB0194B04460025C83016
:1098600040F8083C01AE08F0D5FC04F1EC0008F02B
:109870005DFCC4F8BC50C4F8C450F7F731FA0135A8
:10988000F7F732FA01A946F8040B042DF7D10020AE
:10989000F7F72CFA002105A808F01EFD05A90948D4
:1098A000F8F7BCFC05A808F01FFD204600F042FDBB
:1098B00005A808F050FD20460AB070BD888407084E
:1098C0007C850708E197050870B588B00D46002033
:1098D000194616460193FBF723F90199B0B10468C4
:1098E0000CB145B101240120FBF71AF980B10368DE
:1098F00073B1A5420CD1014603A800F06EFD3046BD
:1099000003A901F064FE002008B070BD0446EAE738
:109910000048F9E742F4FFFF70B50D1D86B014460C
:1099200001AE0FCD0FC62B6801A96846337000F059
:109930005BFD38B3009B3BB3214694B92046FBF74F
:10994000EFF8014628B103681BB122460120FBF75E
:10995000A5F8002269461046FBF7A0F8002006B0E3
:1099600070BD0020FBF7C2F8024628B103681BB1A6
:1099700021460120FBF75CF86A4621460020FBF7F0
:1099800057F8EBE70148EAE70148E8E745F4FFFF4D
:1099900042F4FFFFD0F8BC201AB1036800229B6A92
:1099A00018470148704700BF42F4FFFF1FB50C463F
:1099B000B1B182B9D0F8BC107C31012000F0B2FC0A
:1099C00010226946FAF7F6FC0146204601F0C1FD77
:1099D000002004B010BD1046FBF78AFC0146ECE7FE
:1099E0000048F6E745F4FFFFF8B506460F46154672
:1099F00000F0A5FC044690B12DB1012D11D0022D2F
:109A00001AD00F48F8BD10200E4A0021F7F7F0F9E0
:109A1000606063683BB92146304600F0B6FC0A48F6
:109A2000F0E72020F0E793F8C020002042F0020287
:109A300083F8C0203C60E5E7024A01214020E5E7C9
:109A400046F4FFFF11A1050843F4FFFF4A68F8B58B
:109A5000137805460C4603F0F003102B15D153681C
:109A60001F7D042F11D100F1EC063946304608F075
:109A700070FB012200216068F7F70DFC01234FF411
:109A80007A723946304608F082FBA06808B1FBF7CD
:109A9000E2FC6068F7F7DEF906462146284600F04A
:109AA00074FC3046BDE8F84000F00ABCF0B517463B
:109AB0004A6887B00E46137803F0F003102B05D1E7
:109AC0005368DB8A3BB1124807B0F0BD202B02D1AE
:109AD00053685B8AF6E73D1D01AC0FCD0FC42B68C0
:109AE00001A96846237000F07FFC0028EBD0009BA2
:109AF0003BB9FA8A69467068F7F7D0F900F0E0FBE5
:109B0000E2E7684600F0FAFB0028F2D1DBE700BF8D
:109B100045F4FFFF486808B54368DB8A33B1D1B22A
:109B2000F7F702FABDE8084000F0CABB004808BDDC
:109B300045F4FFFFF0B5151D87B00E46174601AC82
:109B40000FCD0FC42B6801A96846237000F04CFCB0
:109B5000A8B17068694690F8C03023F0020380F81D
:109B6000C030FA8AF7F7C6F9726892F8C03043F04D
:109B7000020382F8C03000F0A3FB07B0F0BD01483B
:109B8000FBE700BF45F4FFFF2DE9F04188B08046B8
:109B90000E4617461C4600F0D2FB054678B37068A7
:109BA00043681B7D012B2CD1291DF7F74AFA064685
:109BB00048B14046294600F0E8FB304600F080FB03
:109BC00008B0BDE8F081686802A90DF1060290F8BE
:109BD000C03043F0020380F8C03033463D60F7F7F1
:109BE00047F902A903A800F0F8FB64B1204603A9D5
:109BF00001F0EDFCBDF806303046E382E0E70348B3
:109C0000DEE70348DCE72046DAE700BF43F4FFFF66
:109C100045F4FFFF1FB5084611461A46002303937B
:109C200003AB009301234068F7F7F0F920B100F08F
:109C300047FB05B05DF804FB0398FAE7F8B58F68B9
:109C40000C4615461E464FB908316068F7F7E4FA2E
:109C5000A78118B1BDE8F84000F032BBA389B2B2C9
:109C60002946A068FBF748FDA38905460344A06880
:109C70009BB202899A42A38103D8FBF7ECFB002335
:109C8000A3602846F8BD30B5002485B00568CDE94D
:109C90000144089C00946C6EA04705B030BD30B5FF
:109CA000002485B00568CDE90144089C0094AC6EA1
:109CB000A04705B030BD30B5084687B014461D46F4
:109CC00069464068F7F7B4FA18B100F0F9FA07B03E
:109CD00030BD5CB1009901A8083100F07EFB01A9FC
:109CE000204601F074FC009B9B89E38200980023CE
:109CF000BDF8282029460068FBF7FEFC04460098C2
:109D0000F8F790F92046E2E72DE9F04F151D8BB0EA
:109D100081460E461746984605AC4FF0000BDDF81D
:109D200054A00FCD0FC42B6805A968462370CDE958
:109D300000BB00F059FB18B940480BB0BDE8F08FEC
:109D4000BAF1000F29D0169B41F65835CDE902AB88
:109D5000049302A8FFF75EFDF8B1039BDBB102A8F4
:109D6000FFF745FD044663680394AB42F1D1A36855
:109D70000E2BEED104F1100101A800F035FB0028F4
:109D8000DAD0A16AD9F8BC00FFF774F8C0B2FBF7CB
:109D90009DFA054608E05446E5E7736800245B68D1
:109DA000187AFBF793FA054615B9D9F8BC507C35FB
:109DB0009DF81430012B04D1284600F08FFA0028BA
:109DC000BAD09DF81430022B10D0F8F71FF9149B6D
:109DD000414605469AB2F8F741F9804688B12846CF
:109DE000F8F731F9404600F06BFAA6E7284600F094
:109DF00082FA0028E9D1284600F07BFA0028E4D155
:109E00009AE77068B4B14368019AD3F8008002B150
:109E10001A60FB8A6A462946F7F7A8F807461CB17C
:109E200073685B68C3F800802846F8F7FBF81FB139
:109E30003846D8E7A046ECE714987EE745F4FFFFE4
:109E40002DE9F74F0024C36905460E46A0464FF0A2
:109E500001094FF0220A01F1110B0193019B4345C7
:109E60001DD02A6A09FA04F1114201D10134F9E73F
:109E7000AF69112231460AFB0477384616F080FAA2
:109E800048B911225946B81816F07AFA18B920467E
:109E900003B0BDE8F08F08F101080134DEE74FF0B0
:109EA000FF30F5E72DE9F7431E4680460C46DDE915
:109EB0000A520D2E00F2F880DFE816F049001B0070
:109EC0002B003A00F600F600F600710071000E005B
:109ED000F600F600EF005C00062A00F2E5804C6810
:109EE0002846FBF725FA01462046F6F7F1FF002049
:109EF00039E0042A40F0D8804A68137803F0F00370
:109F0000102B40F0D1805268537A43F0080353720B
:109F1000EDE7042A40F0C8804A68137803F0F003A4
:109F2000102B40F0C18053682A68C3F89420DEE704
:109F3000042A40F0B9804A68137803F0F003102B2C
:109F400040F0B28053682A68C3F89820CFE7042A0B
:109F500040F0AA804B6828685B685A7A30B142F0BA
:109F6000040230465A7203B0BDE8F08322F00402C6
:109F70005A72F8E749680B7803F0F003202B40F0A1
:109F80009380042A40F090804A682868537A10B180
:109F900043F02003BBE723F020035372E3E7222AB8
:109FA00001D04248DFE76B7C13B12A789A42F8D19E
:109FB000294601A800F018FA0028F2D06B7C03B300
:109FC00005F11101684600F00FFA0028E9D0294692
:109FD0002046FFF735FF072E074640D1A36993B906
:109FE000882015F0B3FEA06180B1013751D1236AFA
:109FF0000026012202FA06F913EA090F08D00136F9
:10A00000F8E70093E3E7E369042BEED12848AAE7D9
:10A0100008F1C808404608F005F901A96846F9F7B3
:10A0200041FE0746404608F01BF9A7B9236A2222E1
:10A0300043EA09032362A36902FB063605F1200304
:10A0400055F8042B9D4246F8042BF9D12B88338018
:10A05000E3690133E361384600F032F983E7431CDA
:10A0600019D0012308F1C80803FA00F7236A404613
:10A0700023EA07032362E369013BE36108F0D2F8B6
:10A0800001A96846F9F776FE0746404608F0E8F869
:10A09000E1E7084867E7084865E7012A04D14B680B
:10A0A0002A685B689A7222E704485CE745F4FFFF80
:10A0B00041F4FFFF36F4FFFF42F4FFFF46F4FFFFD9
:10A0C0000048704746F4FFFFC1E9042370470000D1
:10A0D00010B50B4C2378BFF35B8FDB070ED4204603
:10A0E00007F03CFC50B10748FFF7B2FB204607F0F1
:10A0F00057FC054A0549034807F020FC014810BDFC
:10A10000EC5C0024F05C0024000000243D8E050877
:10A110000329F8B505460E4602D14378012B22D01B
:10A12000FFF7D6FF00F1C8070446384608F07AF872
:10A1300036B96B7823B9042104F1EC0008F006F875
:10A1400004F19006237933B1A368AB4203D163696C
:10A150000BB1A06998472434A642F3D13846BDE834
:10A16000F84008F07DB8F8BD08B5FFF7B1FF08BDAD
:10A17000F8B514200E460B49154607F04BFE044671
:10A1800068B1071D3846E6F777FA29463846266053
:10A19000F1F7DAFD21460448F8F700F800B103486A
:10A1A000F8BD00BFE0AE070801A2050841F4FFFFBB
:10A1B000034A0346C26007C983E80700704700BF2F
:10A1C000B085070810B588B0059108A902AC0190C8
:10A1D00001E90C0005A984E80C00FFF7E9FF0198EC
:10A1E00008B010BD7C22012313B5CDE9002302ABDA
:10A1F000044613E90C00FFF7E5FF204602B010BD4E
:10A2000013B50446006838B122460A49FEF7B6F98C
:10A210000023236002B010BD201D0190F4F719FE49
:10A220000198E6F730FA1421204602B0BDE810404C
:10A2300007F00ABE01A205087FB5D0E90040096811
:10A24000C60701EB600548BF4610684648BF8959FC
:10A25000166848BF0C591946F4F734FE6A46314671
:10A260002846A04704466846E6F70DFA204604B0A3
:10A2700070BD07B51346019101AA01460430FFF7EE
:10A28000DBFF03B05DF804FB30B585B00D68044614
:10A2900011466846F4F716FE6A4629462046FFF73F
:10A2A000E8FF04466846E6F7EEF9204605B030BD03
:10A2B00007B5019101A9FFF7E7FF03B05DF804FBC3
:10A2C0001030C0B210289ABF024B33F91000024878
:10A2D000704700BFBC8507083CF4FFFF90F83D3095
:10A2E00013F0010303D043680BB1043070471846E4
:10A2F000704700207047002070470000084B1B6823
:10A300005BB193F83D20D207F9D55A68002AF6D000
:10A3100001688A42F3D1012070471846704700BF98
:10A3200078180124084608B5FFF7D8FF002838BF81
:10A33000002008BD90220021043016F051B9F8B574
:10A340000646FFF7C5FE00F1C805284607F06AFF7C
:10A3500000232422301D02FB03F7C15D69B93C1DB7
:10A36000242234443E44204616F03AF9012328467C
:10A37000337107F075FF2046F8BD0133042BEAD195
:10A380002846002407F06CFFF5E72DE9F341002390
:10A3900005460C464FF0010822270B70E669AEB166
:10A3A000226A002308FA03F1114201D10133F9E7CF
:10A3B000A16928462A6807FB0313214601970093E9
:10A3C0000823166F41F65832B047E7E7A06915F049
:10A3D000C5FCA66102B0BDE8F081012303700A68E4
:10A3E000C0F80120184670470B78012B04D1D1F832
:10A3F000012002600120704743B1022B09D101F115
:10A40000100311F8012F22B98B42FAD10023036007
:10A41000F0E7002070470000F8B50546064655F8FD
:10A42000044B8CB90D4F386818B14FF0FF31F3F77A
:10A4300041FB346824B928462C4607F0EBFE356012
:10A44000386808B1F3F74EFBAC4204D08B220449C4
:10A45000044806F09BFD2046F8BD00BFA87D0024FF
:10A46000028607081186070830B50F4D8BB02846C5
:10A470000193CDE90221FFF7CFFF07F0D3FE05A836
:10A4800011F028FE039905A8DDE9013211F084FEE0
:10A49000044605A811F06EFE2846FFF7BDFF07F041
:10A4A000DFFE20460BB030BDF05D00240020704779
:10A4B000704708B5F1F75EFC08BD017400207047D5
:10A4C000C06810B103689B6818470148704700BF17
:10A4D00044F4FFFF837C0BB113307047184670477C
:10A4E00010B50446C06810B90024204610BD54348D
:10A4F000036812229B69214698470028F5D1F3E7AB
:10A50000C06810B103681B6A18470148704700BF54
:10A5100044F4FFFFC06810B103685B6918477047D7
:10A52000C16821B180680368D3F89C301847704730
:10A5300080687047C06810B103681B691847022023
:10A5400070474174002070472DE9F0411D460023FB
:10A55000044600F16608037408460F46164601F0EB
:10A560004FF870B3384601F04BF8014628224046B8
:10A5700016F054FF0023304604F18E0784F88D3026
:10A5800001F03EF8F8B1304601F03AF801461022E9
:10A59000384616F043FF0023284604F19E0684F84F
:10A5A0009D3001F02DF880B1284601F029F80146D0
:10A5B0001022304616F032FF002084F8AD00BDE8CE
:10A5C000F0810349D2E70249E1E70149F0E700BF22
:10A5D000DC99070870B50546C0680E4610B9094CED
:10A5E000204670BD0368DB69984704460028F6D111
:10A5F000304601F005F82822014605F1660016F004
:10A600000DFFEDE744F4FFFF70B50546C0680E4648
:10A6100010B9094C204670BD03685B6A9847044630
:10A620000028F6D1304600F0EBFF1022014605F17C
:10A630008E0016F0F3FEEDE744F4FFFF70B505461B
:10A64000C0680E4610B9094C204670BD03689B6A6D
:10A65000984704460028F6D1304600F0D1FF10227A
:10A66000014605F19E0016F0D9FEEDE744F4FFFF28
:10A6700070B505460E46A9B1084616F061FE3F28A2
:10A6800010D8EC6884B905F113034022214618461E
:10A6900015F0A6FF3F22314616F0C0FE01232046EA
:10A6A000AB7470BD0148FCE70148FAE745F4FFFFD1
:10A6B00034F4FFFF71B1062A0CD1C36863B90A688C
:10A6C000C0F8AE208A88A0F8B220012280F853207A
:10A6D00018467047014870470148704745F4FFFF2E
:10A6E00034F4FFFF38B5044608684D6850F88C1CF8
:10A6F000206004F1660065500025C4E9012340F2A2
:10A70000011329462822E5602382A57484F853505A
:10A7100015F066FF2946102204F18E0015F060FF47
:10A720001022294604F19E0015F05AFF04F1B400EE
:10A73000C4F8AE50A4F8B250F4F70AFC204638BD75
:10A74000C368F0B504468BB0002B38D190F8532085
:10A7500000F10C0382B92268A06852F88C2C0168C1
:10A76000224400920122D1F880506168A847C0B10C
:10A770000023E3600BB0F0BD2268806852F88C2C97
:10A78000016822440593019204F1AE020092012275
:10A79000D1F884506168A847174A059B9042E6D1DA
:10A7A000D9E7E56804F1B40106A82B68DE68F4F780
:10A7B0006FFC284606A9B04706A8F4F789FBE068B5
:10A7C00094F866200368217C5E680AB104F1660291
:10A7D00094F88E300BB104F18E0394F89E5000274C
:10A7E0003DB104F19E05647C0095CDE90174B0474C
:10A7F000C0E73D46F7E700BF46F4FFFF7FB50446DC
:10A80000B4300D46F4F76AFBE4685CB1236829466E
:10A810006846DE68F4F73CFC20466946B047684667
:10A82000F4F756FB04B070BD7047036853F8703CF2
:10A830001844704738B50D4604310446FFF752FFFF
:10A84000EB682A692046C4F8C43053F88C3C234492
:10A85000C3F8C4202B686A69236053F88C3CE2502B
:10A86000AB69C4F8C43038BD1346084A10B502605D
:10A870000A4607490446FFF735FF064B204623608A
:10A8800003F58873C4F8C43010BD00BF708D07088D
:10A89000748A0708188B070813B50F4C2378BFF389
:10A8A0005B8FDB0715D4204607F058F888B1F5F721
:10A8B0006FF80190FFF758FC019902460748FFF72F
:10A8C000D3FF204607F06CF8054A0649034807F015
:10A8D00035F8054802B010BD185E00241C5E002447
:10A8E0000000002461A90508E05E002470B504465C
:10A8F0000D4609BB1368236005BB516953F88C3CB6
:10A90000E150F5B99169234643F8C41FDDB902F15E
:10A910000C010868C4F8C4004E6850F88C1C5E50E6
:10A920009DB9111D2046F4F791FBAB0702D52046D7
:10A9300000F0F0FB204670BD054BDCE70449002326
:10A94000DEE70449DFE70449E3E70449EAE700BF3B
:10A95000188B0708288C07087C8A0708748A070860
:10A9600000220221FFF7C2BFA0F1C400F8E7D0F82F
:10A9700000C0ACF1240CDCF800C06044F0E710B576
:10A980000446FFF7EDFFC821204607F05DFA204698
:10A9900010BDA0F1C400F2E7D0F800C0ACF1240C67
:10A9A000DCF800C06044EAE70A460021FFF79EBFDA
:10A9B00037B505680024CDE900442C6AA04703B0F0
:10A9C00030BD37B505680024CDE900446C6AA04766
:10A9D00003B030BD1346026810B4D4690A460021A2
:10A9E000A4465DF8044B604709B1024B0B600020A0
:10A9F000704700BF46F4FFFF0048704746F4FFFF72
:10AA000008B5703000F035FE002008BD2DE9F04F8C
:10AA100000F14C06044687B00F4630469046059339
:10AA200007F000FC94F889304FF0000A04F138096F
:10AA3000013384F889302369002B39D084F88AA047
:10AA4000119AE068216903680292109A0192059AAE
:10AA500000923A465D6E4346A8476369054693B146
:10AA6000144B98420FD1304607F0FAFB012362697C
:10AA70000221484607F08BFB8346304607F0D2FBA5
:10AA8000BBF1000FD7DA94F889302269013BDBB2C1
:10AA900084F8893002B123B9032104F1380007F0AA
:10AAA00055FB304607F0DCFB284607B0BDE8F08FC9
:10AAB000014DE8E747F4FFFF43F4FFFF73B50D4690
:10AAC00000F17001044601920846009100F0B6FDC5
:10AAD00050B122682046019B96692A460099B446E7
:10AAE00002B0BDE870406047014802B070BD00BFD1
:10AAF00042F4FFFF2DE9F04F00F14C078DB0044602
:10AB00000D4638469046059307F08CFB06AB18229D
:10AB100000214FF0000A184604F1700915F060FD9D
:10AB200094F88830002D08BF0546013384F888303A
:10AB30002369002B4CD084F88AA0179AE068216919
:10AB400003680292169A0192059A00922A469E6E16
:10AB50004346B047061E1ADA636923BB94F888306F
:10AB60002269013BDBB284F8883002B123B90321AA
:10AB700004F1380007F0EAFA384607F071FB06984E
:10AB800008B107F074F930460DB0BDE8F08F4846C3
:10AB900000F054FD0028DFD02946484600F096FD1D
:10ABA0000028D9D0C4E70B4B9E42D7D1384607F0D6
:10ABB00057FB0123626904F13800194607F0E7FAF0
:10ABC0008346384607F02EFBBBF1000FB0DAC5E72D
:10ABD000014EC3E747F4FFFF43F4FFFF0368494218
:10ABE0001B6B184737B500F14C0504460191284608
:10ABF00007F018FB216959B1E068019A03685B6CA2
:10AC000098470446284607F02BFB204603B030BD8A
:10AC1000004CF7E743F4FFFF37B50C4605464C30D0
:10AC2000019007F0FFFA002C0198B8BF4FF0FF34F5
:10AC30006C6103B0BDE8304007F012BB2DE9F34171
:10AC400000F14C0804460D46164640461F4607F0E4
:10AC5000E9FA216981B1E068089A0368CDE90072D8
:10AC60002A465C6F3346A0470446404607F0F8FA90
:10AC7000204602B0BDE8F081004CF6E743F4FFFF48
:10AC80002DE9F34700F14C0904460F46904648462B
:10AC90001E46DDF828A007F0C5FA2169D9B1E068A1
:10ACA0003A460368CDE9006A1D6F4346A847B8F1EC
:10ACB000090F054608D141F658339F4204D1524648
:10ACC0003146201D16F0AAFB484607F0C9FA28466F
:10ACD00002B0BDE8F087014DF6E700BF43F4FFFF87
:10ACE000036913B50C466BB100F170010846019180
:10ACF00000F0A4FC40B10199204600F0BAFC00200D
:10AD000002B010BD0148FBE70148F9E743F4FFFF3B
:10AD100044F4FFFF38B5124B0025044603604FF0A2
:10AD2000FF33C0E9035543611830E5F7A5FC04F192
:10AD30002800E5F7A1FC04F1380007F0F7F904F169
:10AD40004C0007F067FA1122294604F174002567C8
:10AD500015F046FC2046A4F88650C4F8885038BD4B
:10AD6000188D070813B50446019106F007FA0199FA
:10AD700004F12800F0F7E8FF02B0BDE8104006F04B
:10AD800013BA38B504460321383004F1280507F01A
:10AD9000DDF92846F0F7E5FF68B104F18A000122E9
:10ADA000D0E84F3FC0E8412FDBB20029F8D113B9FA
:10ADB0002846F4F74EF838BDF8B500F14C050446C6
:10ADC000284607F02FFA216929B91C4E284607F0BA
:10ADD00047FA3046F8BDE06800270368DE6E0023BE
:10ADE0001A46B047E0682169276103681B6C9847E1
:10ADF000E76004F1380706462046FFF7C2FFB4F8C3
:10AE000088306BB1284607F02BFA01234FF0FF3250
:10AE10000321384607F0BBF9284607F003FAEEE7AE
:10AE20002371284607F01CFA94F88B30002BD0D001
:10AE3000236820465B689847CBE700BF43F4FFFFD9
:10AE400038B50E4B0546044645F8703BFFF7B4FF96
:10AE50002846E7F78EFF04F14C0007F01BFA04F1D7
:10AE6000380007F079F904F12800E5F70CFC04F14B
:10AE70001800E5F708FC204638BD00BF188D07080C
:10AE8000D0E90032096812F0010F01EB620005D031
:10AE900010B454100A595DF8044BD35818470146B2
:10AEA000043008B5FFF7ECFF08BD0000034A034675
:10AEB000C26007C983E80700704700BF048D070818
:10AEC00010B588B0059108A902AC019001E90C0009
:10AED00005A984E80C00FFF7E9FF019808B010BD50
:10AEE00037B56C46054684E80C0094E80C00FFF783
:10AEF000E7FF284603B030BD2DE9F04100F14C06D4
:10AF0000044688B00D46304607F08CF9E36803B973
:10AF10003DB91B4D304607F0A3F9284608B0BDE8FF
:10AF2000F0812B682046E560DF6B2368DB6C984777
:10AF300001A902462846B847054618B1304607F031
:10AF40008FF9EAE7019B04F118070E4A21462361B5
:10AF50000C4BCDE90230034604A8FFF7C1FF04A95A
:10AF60003846F3F7FCFF04A8E5F78DFBE068064AD6
:10AF700003682169D3F86C803B46C0472571DDE743
:10AF800045F4FFFF83AD0508B3A4050808B5FFF736
:10AF900086FF08BD08B5FFF7F9FF08BD7047002020
:10AFA000704700000048704746F4FFFF00487047B4
:10AFB00046F4FFFF002070470048704746F4FFFF4B
:10AFC0000029024818BF0020704700BF46F4FFFF69
:10AFD00030B5046885B0E46F0193089DCDE9022186
:10AFE000A0470468089524680399A446DDE9013266
:10AFF00005B0BDE83040604730B5046885B0E46F07
:10B000000193089DCDE90221A04704680895646872
:10B010000399A446DDE9013205B0BDE83040604740
:10B02000036807B5DB6F01919847036801991B69B5
:10B0300003B05DF804EB1847036807B5DB6FCDE993
:10B04000002198470368DDE900215B6903B05DF8E2
:10B0500004EB18471FB504680193E46FCDE90221A2
:10B06000A04704680399E46ADDE90132A44604B00C
:10B07000BDE81040604770470048704746F4FFFF46
:10B080000048704746F4FFFF10B50446E8F718FB88
:10B09000204610BD10B50446E5F737FA204610BD2E
:10B0A00070B588B00D46CDE902320268D26F904784
:10B0B00002680446039904A89668FFF7E5FF0C9A16
:10B0C000029B29460092204604AAB047044604A8E1
:10B0D000FFF7E0FF204608B070BD70B588B00D46A0
:10B0E000029303680392DB6F984703680446029952
:10B0F00004A8DE68FFF7C8FF0C9B039A294600935B
:10B10000204604ABB047044604A8FFF7C3FF20461F
:10B1100008B070BDF8B50F4E05460F4B346803609C
:10B12000ACB121461420F4F7B1FD23680746AB42C9
:10B130000BD1142122463046F4F7AAFD201DF3F767
:10B14000C7FE1C21204606F07FFE3C46E8E7284665
:10B15000F8BD00BFFC0C0024708D07087047FFF796
:10B160009BBB00000048704746F4FFFF0048704753
:10B1700046F4FFFF0048704746F4FFFF084601F021
:10B180001FBA006870470000F0B51C460B7889B004
:10B1900005460F4616462BB3104600F0DAF940B1CB
:10B1A00014B33379A3420CBF00206FF43C6009B0A4
:10B1B000F0BD7CB92146182202A815F011FA2B68BF
:10B1C00002A928461B6A984708B99DF80C4002A8B6
:10B1D000E7F7CFFD0E9B324639462846009401F032
:10B1E000DBF9E4E70148E2E72046E0E745F4FFFF4A
:10B1F0002DE9F04F98460B788BB004468946002B1A
:10B2000000F08D8092F804A0BAF1000F0FD15146E2
:10B21000182204A815F0E4F9236804A920461B6A43
:10B22000984708B99DF814A004A8E7F7A2FD3E4985
:10B23000F82006F0FBFD0546002872D00A231822EC
:10B2400000F108074FF0000BC0E900233E4600F173
:10B25000F803304611220021039340F804BB18364E
:10B2600015F0BEF9039B26F802BC9E42F1D1149B57
:10B2700020463A46494600930A23CDF804A001F03F
:10B280004FF9041E35DD294B27499C42D7BF1820B2
:10B290004FF0FF306043083006F0C8FD0646C0B1ED
:10B2A00008361823A4F1020A4FF0000BB146C0E99A
:10B2B000003448460AF1FF3A1122002140F804BB4D
:10B2C00009F1180915F08CF91AF1020F29F802BCDE
:10B2D000EFD14FF01809C8F80060002609FB04F907
:10B2E000D8F80000B9193044183600F0C2F9B14559
:10B2F000F6D16E68182303FB0676BE4204D0183ED2
:10B300003046E7F736FDF8E76B68182128465943C1
:10B31000083106F0AEFD20460BB0BDE8F08F044CBE
:10B32000F9E7044CF7E700BFE0AE070855555505AF
:10B3300045F4FFFF41F4FFFF10B50446E5F7E5F8DB
:10B34000204610BD10B50446E8F7BAF9204610BDF6
:10B350002DE9F04399B00E46044615460021182207
:10B360000CA8984615F03CF93378002B3CD02F7987
:10B3700012AD8FB9D4F8009039461822284615F03E
:10B380002FF9D9F8203029462046984708B99DF86A
:10B390004C702846E7F7EDFC2368214604A89B6F14
:10B3A0009847414608A8FFF76FFE04A92846FFF713
:10B3B000C9FF209B08AA314620460297CDE90053D9
:10B3C0000A2301F065F904462846FFF7B5FF08A8EF
:10B3D000FFF760FE04A8FFF7AFFF0CA8E7F7C9FC72
:10B3E000204619B0BDE8F083004CF6E745F4FFFFB6
:10B3F00008B5E7F77DFE0068003818BF012008BDDA
:10B4000070B504460D461646FFF7F2FF28B940F224
:10B4100002220749074805F0B9FDE068FFF7B1FED1
:10B420003246034629462046BDE87040184700BF13
:10B430008C7F0708307A070808B5FFF7E1FF08BDE1
:10B440002DE9F04196B00E46054617460021182218
:10B450000AA81C4615F0C4F83378002B4AD03146B0
:10B460000AA800F076F888B11CB19DF82C30A342F0
:10B4700042D100240AAA01213846FFF7DDFF0AA8BD
:10B48000E7F777FC204616B0BDE8F0818CB9D5F817
:10B4900000802146182210A815F0A2F8D8F8203014
:10B4A00010A92846984708B99DF8444010A8E7F726
:10B4B00060FC2B68294602A89B6F9847394606A86E
:10B4C000FFF7E2FD02A910A8FFF73CFF1C9B06AAAC
:10B4D000314601942846009310AB01F051FA04461E
:10B4E00010A8FFF729FF06A8FFF7D4FD02A8FFF771
:10B4F00023FFC4E7024CC2E76FF43C64BFE700BF20
:10B5000045F4FFFFF0B500230446054601F110079E
:10B5100044F8043B0B461868083353F8041C2646CD
:10B52000BB4203C63446F6D11B7828463370EA8204
:10B53000F0BDF0B5002304460D1D064644F8043B5B
:10B540000F460FCD0FC42B6830462370FB8AF38261
:10B55000F0BD37B50023044600680D46236008B1EE
:10B5600006F085FCD5B1284615F0EAFE621D0146BD
:10B5700028460192F4F7D1FB019A20B101232371EF
:10B5800012E00223FBE72846019215F0D9FE019A4A
:10B5900001462846F4F744FC0028F2D1112200218C
:10B5A000201D15F01DF8002003B030BD70B50D460C
:10B5B00000210446164640F8041B112215F010F82D
:10B5C00029462046E682FFF7C4FF204670BD38B505
:10B5D0000546002300680C462B6008B106F047FCC6
:10B5E0002A1D234604F110051868083353F8041C7B
:10B5F0001446AB4203C42246F6D11B78237038BDF3
:10B6000010B50446007990B123687BB9282006F074
:10B61000FFFB2368206013B1184606F028FC23794D
:10B620002168012B04D1601DF4F740FB206810BD98
:10B63000022BFBD1601DF4F7A3FBF7E70379012B85
:10B6400008D1421D00F1090312F8010B78B99A42A2
:10B65000FAD17047022B08D1421D00F1150312F8F0
:10B66000010B20B99A42FAD170470020704701209F
:10B67000704738B50D4604310446FFF7A8FFEB8A42
:10B680002046E38238BD10B50446FFF7D7FF18B94E
:10B690000846FFF7D3FFA8B122790B79934213D163
:10B6A000E08ACA8A90420FD1012B01F1050104F111
:10B6B00005000CBF0422102214F062FEB0FA80F0E4
:10B6C000400910BD0120FCE70020FAE708B5FFF7AC
:10B6D000DAFF80F00100C0B208BD002070471146BB
:10B6E000026810B414691A4623465DF8044B1847E3
:10B6F00030B4029D25B90468A469A44630BC6047F3
:10B70000014830BC704700BF46F4FFFF30B4029DD3
:10B7100025B90468E469A44630BC6047014830BCE0
:10B72000704700BF46F4FFFF37B50446154608468C
:10B730001A4629B104F170010193FFF79AFF019AAB
:10B740002368294620465B6903B0BDE830401847AE
:10B7500037B500F14C0504460191284606F062FD1C
:10B76000216959B1E068019A03689B6C98470446C7
:10B77000284606F075FD204603B030BD004CF7E7C3
:10B7800043F4FFFF2DE9F84F00F14C0704468846CB
:10B79000384606F047FD94F8896026B133222849DF
:10B7A000284805F0F3FB0123B34604F1380A84F876
:10B7B00089302369ABB384F88AB0E06842462169D6
:10B7C0000368DB6C984763690546A3B100F6C6338E
:10B7D000012B10D83846012606F042FD012362698C
:10B7E0000221504606F0D3FC8146384606F01AFD89
:10B7F000B9F1000FDDDA94F88930013B84F8893023
:10B80000236923B9032104F1380006F09FFC0E4B95
:10B810009D4208D18EB9384606F022FD2846BDE883
:10B82000F88F0A4DE7E715B1094B9D42F3D1414628
:10B8300004F17000FFF71DFFEDE70025F7E700BFFB
:10B840001C8E07082A8E070839F4FFFF43F4FFFF18
:10B850003BF4FFFF2DE9F74F00F14C0704468A4601
:10B860009046384606F0DEFC94F8896026B17222D4
:10B870002849294805F08AFB0123B14604F1380B19
:10B8800084F889302369002B42D084F88A90E068DC
:10B890000AEB0602216903685D6DA8EB0603A84761
:10B8A000051E02DB2E44B04514D9636993B11B4BCE
:10B8B0009D422BD1384606F0D3FC01236269022158
:10B8C000584606F064FC0190384606F0ABFC019B3C
:10B8D000002BD7DA94F88930013B84F8893023694A
:10B8E00023B9032104F1380006F030FC384606F095
:10B8F000B7FC002D02DC094B9D4203D1074D002E01
:10B9000018BF3546284603B0BDE8F08F002DE0E7AC
:10B91000034DDFE71C8E07082A8E070847F4FFFF58
:10B9200043F4FFFF2DE9F84F00F14C06044688462A
:10B930009146304606F076FC94F8887027B1C12213
:10B940001E491F4805F022FB012304F1380A84F840
:10B950008830236983B384F88A70E068424621699D
:10B9600003689D6D4B46A8476369054693B1154B27
:10B9700098420FD1304606F073FC012362695046AD
:10B98000194606F004FC8346304606F04BFCBBF13A
:10B99000000FDEDA94F88830013B84F888302369A0
:10B9A00023B9032104F1380006F0D0FB304606F03D
:10B9B00057FC2846BDE8F88F034DEBE71C8E0708BF
:10B9C000388E070847F4FFFF43F4FFFF034B10B521
:10B9D00004460360FFF734FA204610BD5C8E07086A
:10B9E00010B50446FFF7F2FF9021204606F02CFA2E
:10B9F000204610BD10B50446FFF78CF9014B2046D8
:10BA0000236010BD5C8E0708D0E90032096812F08F
:10BA1000010F01EB620005D010B454100A595DF813
:10BA2000044BD35818470146043008B5FFF7ECFF24
:10BA300008BD0000034A0346C26007C983E8070047
:10BA4000704700BF488E070810B588B0059108A957
:10BA500002AC019001E90C0005A984E80C00FFF795
:10BA6000E9FF019808B010BDF0B50E4689B0044654
:10BA700015460193FFF7BEFFF36804F170000199CA
:10BA800004F11806E3600123256184F88B30FFF789
:10BA9000F0FD0D4B0C4A21460293002304A80393AA
:10BAA000FFF7D2FF04A93046F3F759FA04A8E4F7E8
:10BAB000EAFDE068054A29460368DF6E3346B84769
:10BAC000204609B0F0BD00BF83AD0508B3A405084A
:10BAD0002DE9F04700F14C0804468EB00F46404671
:10BAE0004FF0000906F09EFB94F88830DFF8D0A0F4
:10BAF000013384F888302569002D58D084F88A9065
:10BB00001822002102A814F06BFDE06801AA216947
:10BB100003681D6D02ABA847064668BB02A908A8CA
:10BB2000FFF707FD2349902006F074F9054620B180
:10BB300008AB019A2146FFF797FF08A8E7F719F924
:10BB40001D4B002D08BF1E4602A8E7F712F994F816
:10BB50008830013B84F88830236923B9032104F13C
:10BB6000380006F0F3FA404606F07AFB07B13E6073
:10BB700028460EB0BDE8F0876569002DE4D0504539
:10BB800013D1404606F06CFB0123626904F13800D2
:10BB9000194606F0FCFA0546404606F043FB002D28
:10BBA00003DB02A8E7F7E5F8A5E70025CCE7034E9D
:10BBB000CDE700BFE0AE070841F4FFFF43F4FFFF0D
:10BBC00047F4FFFF08B5FFF72EFF08BD08B5FFF7E4
:10BBD000F9FF08BD01207047034B10B50446036010
:10BBE000FFF72EF9204610BDB48C070810B50446A7
:10BBF000FFF7F2FF9021204606F026F9204610BDFF
:10BC000010B50446FFF786F8014B2046236010BDAF
:10BC1000B48E070803685A1C02600A0A1A70036887
:10BC20005A1C02601970704703685A1C02601A4659
:10BC300012F8021B0260587840EA012070472DE993
:10BC4000F04F85B0884692461E46039003A8FFF742
:10BC5000EBFF814603A8FFF7E7FFC0F3C3240FFA09
:10BC600080FB00F00F0503A8FFF7DEFF074603A8DF
:10BC7000FFF7DAFF009003A8FFF7D6FF03A8FFF74E
:10BC8000D3FFC14540F08E80BBF1000F80F28A8067
:10BC9000002C40F08780002D40F08980AF420FDDFE
:10BCA000039A531C0393127812B113440393F7E7DA
:10BCB00003A80135FFF7B8FF03A8FFF7B5FFEDE7CD
:10BCC00000273C46009BBB4271DD0E9B9C426ED21E
:10BCD000039B591C0391187820B110F0C00F44D079
:10BCE0000233039303A8FFF79FFF814603A8FFF7E2
:10BCF0009BFF039B8046591C1846039110F8021BBA
:10BD0000CDE90210D81C5D780390181D93F802B09D
:10BD1000039003A8DB780193FFF786FF022267B93F
:10BD20002D040299019B45EA01610B4353EA0B2361
:10BD300048BF6FF00043CAF80030B9F1010F17D1C6
:10BD4000B8F1010F2AD1042828D13346701D03F819
:10BD5000018B03994D1C0395097803F8011B984248
:10BD6000F7D1113601340137ACE701440391AFE755
:10BD7000B9F11C0F12D1B8F1010F0FD110280DD15C
:10BD80003146113601F8012B0398431C03930378C5
:10BD900001F8013BB142F7D10E46E3E7039B18449B
:10BDA0000390E0E74FF0FF3005B0BDE8F08F20468C
:10BDB000FAE70000034B186818B14FF0FF31F1F7B4
:10BDC00079BE7047A87D00242DE9F347064601900F
:10BDD00001A814461F46FFF71DFF4FF4807101A80C
:10BDE000FFF718FF012101A8DFF88490FFF712FF89
:10BDF000002101A8FFF70EFF002101A8FFF70AFFAD
:10BE0000002101A8FFF706FFDDF80480237808F180
:10BE1000010AC3B14946204615F07EF8CDF804A0CA
:10BE200088F800005FFA80F80546214642460198EE
:10BE300014F0D8FA019B605D43442E2808BF0135F9
:10BE400001932C44E0E7022F01A8CDF804A014BF11
:10BE500001211C2188F80030FFF7DCFE01A8012138
:10BE6000FFF7D8FE0198801B02B0BDE8F08700BF45
:10BE70001A93070870B5049D0C4602B30A78092A84
:10BE800004D91A78DAB100220A701A7021780429CC
:10BE900008D803682A46DE6A059BB04700280ADAFC
:10BEA0000523237021782846064B053901EB011143
:10BEB0001944FFF78CFB35230020EB8270BD02484C
:10BEC000FCE700BF040D002442F4FFFF0068704748
:10BED00010B50446E4F719FB2046EFF76FFE204645
:10BEE00010BD0000F8B5264B00251A461F4652F833
:10BEF000044B14B12168814204D00135052DF6D1DF
:10BF000020483BE00020012153F8042B42B1944229
:10BF100006D0D66B26B19668A268964208BF00216B
:10BF200001300528F0D191B1E06B80B103689B68C6
:10BF30009847E06B10B103685B689847266C36B190
:10BF40003046FFF7F9F91421304605F07DFF606CAB
:10BF500008B105F08CFFE06808B105F088FF04F136
:10BF60002400FFF7E9F904F11400FFF793F82046E5
:10BF70005C2105F069FF002047F82500F8BD00BFEF
:10BF8000205F002445F4FFFF884238B5044606D000
:10BF90000D46E4F7BAFA20462946E7F791FB20461A
:10BFA00038BD08B5E7F7A4F80068003818BF0120CD
:10BFB00008BD0000F0B585B004460E461746FFF7F1
:10BFC000F0FF28B940F202220B490C4804F0DEFFD2
:10BFD000E068FFF77BFF394605466846F2F733FF16
:10BFE0006A4631462046A84704466846E4F74BFBBC
:10BFF000204605B0F0BD00BF8C7F0708307A0708E7
:10C0000030B585B004460D4611466846F2F71BFF71
:10C010006A4629462046FFF7CDFF04466846E4F706
:10C0200032FB204605B030BD10B504460021E4F7D0
:10C0300069FA204610BD10B504460021E4F762FA03
:10C04000204610BD70B50546064655F8044B6CB940
:10C05000FFF7B0FE346824B92846FFF7ECFF3560DF
:10C060002C46074B186808B1F1F73CFDAC4204D0F0
:10C070008B220449044804F089FF204670BD00BFAC
:10C08000A87D0024028607081186070830B587B00E
:10C09000054615480C460192FFF7D4FFFFF781FFD4
:10C0A000019998B11048FFF7CDFF0546019902A804
:10C0B000F2F7C9FE214602AA28460024FFF77AFFBC
:10C0C00002A8E4F7E0FA204607B030BD02A8F2F774
:10C0D000BAFE214602AA2846FFF792FF044602A8AC
:10C0E000E4F7D1FAEFE700BFE45E0024884238B5F8
:10C0F000044606D00D46E4F708FA20462946E7F73D
:10C10000DFFA204638BD00002DE9F74FDFF8D0B048
:10C110008146DFF8D0800C4630480BF10C0A1546FA
:10C12000FEF77AF906F07EF85BF8042B02B306F00E
:10C1300031F85BF8042C06460F46D2E90201B04202
:10C1400071EB07031FDA506810B1012105F07CFE86
:10C150005BF8042C106810B1112105F075FE5BF836
:10C16000040C10B1202105F06FFE00234BF8043CB5
:10C17000DA45D9D11948FEF74FF906F071F8404673
:10C1800003B0BDE8F08F1CB111680978A142EFD16E
:10C1900049465068019214F0F7FC0028E8D1019A52
:10C1A000B5B1117E814214DD00EB0011136803EB81
:10C1B000010C29440CF1100E5CF8048BF44541F895
:10C1C000048BF9D19CF800C0013081F800C0E8E789
:10C1D00040468046C2E90467CAE700BFF85E002413
:10C1E000385F002442F4FFFF2DE9F04707468846F8
:10C1F0001D461646002A00F0988000220978FFF7B5
:10C2000083FF002800F0918049484FF00009FEF7B5
:10C2100003F906F007F8DFF820E14FF0FF326FF086
:10C2200000434FF0FF3C74465EF8041BC9B1D1E9EE
:10C230000401824273EB010AA8BFCC4609F101094F
:10C24000A4BF02460B46B9F1030FEDD1BCF1FF3F8D
:10C2500006D13748FEF7E0F8BDE8F04706F000B831
:10C26000E14654F8293083BB3249202005F0D2FD45
:10C2700028B100220023C0E90223C0E9042344F8C6
:10C28000290054F829A0BAF1000FE2D0294905EBA2
:10C29000051005F0CBFD0023CAF800009D4254F8BC
:10C2A00029A020DD03EB0312DAF8001008EB0200EE
:10C2B0000A4400F1100150F804CB884242F804CB44
:10C2C000F9D1017801331170E8E7586810B1012104
:10C2D00005F0BAFD54F8293018680028D1D0112192
:10C2E00005F0B2FDCDE78AF81850384615F028F869
:10C2F0001049013005F09AFD54F829303946CAF842
:10C300000400586814F0AAFD05F044FF02460B46ED
:10C310004FF47A7054F8291014461D46C1E90423DD
:10C32000E0FB0645C1E9024593E7BDE8F08700BFA1
:10C33000F85E0024E0AE0708385F00242DE9F04FD6
:10C34000B1B0834691460E4602939DF8EC300393BC
:10C35000002900F0D980084614F0F2FF0138FE28C9
:10C3600000F2D2806949AA2005F060FD03990246D7
:10C3700005463046FFF7C8FE041E23DD029B00225F
:10C38000A34228BF2346184682420FD202EB021373
:10C39000E9184B4401F1100651F8047BB14243F80F
:10C3A000047BF9D1097801321970EDE715B12846FF
:10C3B00005F05DFD029B9C4228BF1C46204631B023
:10C3C000BDE8F08F15B1284605F051FD0CA8FFF728
:10C3D00017FC59460CA8FEF78FFD044600283FD1F4
:10C3E00041F288310CA8FEF717FC3A9B43B10623B3
:10C3F000092241F658310CA800933A9BFEF740FC05
:10C400004FF4007013F0A2FC054600287AD00023F8
:10C4100003274FF001080DF1180A8DF812308DF83E
:10C42000133018220021504614F0DAF83A9B3A46AD
:10C430000DF112015846CDE900A30DF11303FFF7EA
:10C4400019FD98B16FF43C6406A8E6F792FC284603
:10C4500013F084FC0CA8FEF7AFFC002818BF0446BC
:10C460002B4B0CA80C93FEF7EBFCA7E7039A9DF867
:10C470001C300AB19A420CD1324601212846FFF7FE
:10C48000A3FC2A46034651460CA8FEF791FA002861
:10C490000ADA9DF812304FF0010801338DF812309E
:10C4A0005046E6F766FCBCE79DF8133001338DF883
:10C4B00013300FB1013FFFB24FF400732A46002141
:10C4C0000CA8FEF77EFA134B0446984205D1B8F14A
:10C4D000000FDED04FF00008E2E70028B4DB029B3B
:10C4E00005AA0121284600934B46FFF7A8FB041E2E
:10C4F00006DDE3B2059A49463046FFF775FEA3E72D
:10C50000A0D0CDE7044CABE7044C57E7E0AE0708FA
:10C51000B48C070847F4FFFF41F4FFFF45F4FFFF29
:10C520002DE9F3411C46194B064688469C421849A2
:10C53000174694BF04EB04104FF0FF3005F076FC73
:10C54000054600B39DF8243002464146304601932B
:10C55000089B00932346FFF7F1FE041E0CDD002626
:10C560004FF0180806EB061108FB06700136294447
:10C57000FFF72DF8B442F5D1284605F078FC2046A7
:10C5800002B0BDE8F081034CF9E700BF8787870759
:10C59000E0AE070841F4FFFF30B589B015469DF8BD
:10C5A0003020CDE90032012303AAFFF7C7FE04467D
:10C5B00003A92846FFF70BF804EAE47009B030BD80
:10C5C00010B504461348FDF727FF05F02BFE12496E
:10C5D000002251F8040B10B10368A34209D00132C4
:10C5E000052AF6D10B48FDF717FF05F039FE0B4879
:10C5F00010BD90F85B20022AF4D00222143080F89B
:10C600004720FFF765FC0348FDF706FF05F028FE0D
:10C610000020EDE7445F0024205F002445F4FFFF85
:10C62000002319496FF0004030B51C4689B051F81D
:10C63000042B3AB192F85B500DBB1568854201DCC2
:10C64000144628460133052BF1D1D4B1012304F15E
:10C65000240104A884F85B30FEF774FE2268684663
:10C660000A49EDF7B7FF6A46002104A8FFF70EFD5F
:10C670006846E4F708F804A8FEF75EFE01E0012D25
:10C68000E0D109B030BD00BF205F002449CF0508CC
:10C690002DE9F04F8FB00D46174601939DF8683095
:10C6A0000090AD480293FDF7B7FE05F0BBFD009B7F
:10C6B00063B135B1284614F043FE431E0390FE2BB0
:10C6C00006D9A548FDF7A8FE05F0CAFDA34C25E054
:10C6D000A349AA2005F0AAFB02990246064628466D
:10C6E000FFF712FD019B8146E3B9002875DD1A466C
:10C6F000314608A8FEF706FF9748FDF78DFE05F0C6
:10C70000AFFD08AA01213846FEF796FE16B1304665
:10C7100005F0ADFB002408A8E6F72BFB20460FB080
:10C72000BDE8F08F002858DD8E4B8D499842D7BF69
:10C7300018204FF0FF3000FB09F0083005F076FBC1
:10C740000546B8B108351823A9F102084FF0000AD0
:10C750002C46C0E90039204608F1FF38112200219B
:10C7600040F804AB183413F03BFF18F1020F24F823
:10C7700002ACF0D100244FF0180804EB041108FBC0
:10C78000045001343144FEF722FFA145F5D172482F
:10C79000FDF742FE05F064FD2A4621463846FEF7C5
:10C7A0004BFE16B1304605F062FB002DB6D055F8B1
:10C7B000046C182303FB0656AE4204D0183E3046E4
:10C7C000E6F7D7FAF8E756F8043C1821A6F1080076
:10C7D0005943083105F04DFBA0E716B1304605F08E
:10C7E00046FBDFF8949100264B4653F804ABBAF1B0
:10C7F000000F00F08A800136052EF6D15648FDF76D
:10C800000BFE594C05F02CFD88E7294614F026FB59
:10C810005649584661603946FFF768FC189940460A
:10C82000FFF7B2FB009B43F68C410322A360019B00
:10C83000C4F844A06363029B84F838304FF000735F
:10C84000C4E9131AC4E915324949199A22610A68E0
:10C85000501CB2F5004F0860A8BF012200212260E1
:10C860000A46C4E90FAA59F8045B5DB1E06B40B910
:10C87000EF6B37B1A868009B984202BF286CE76352
:10C880002064013201310529EDD14FF4FA7043F6ED
:10C890008C41384F00FB0212374BE2643A7843F880
:10C8A00026404ABB414608A8FEF74CFD334904A880
:10C8B000F3F7E6F904AA642108A8FFF7E7FB0546A9
:10C8C00004A8E3F7E0FE08A8FEF736FD95B1E0689E
:10C8D00008B105F0CCFA4046FEF72EFD5846FEF7AB
:10C8E000D9FB5C21204605F0AFFA0023224A42F82A
:10C8F000263083E701233B70FFF792FE1648FDF7D1
:10C900008BFD05F0ADFC246808E715495C2005F0B7
:10C9100081FA044600283FF471AF04F1140B04F1CE
:10C9200024085846FFF780FB4046FFF784FB039836
:10C930000B49013005F07AFAE06000287FF465AF1A
:10C940004046FEF7F9FC5846FEF7A4FB5C21204662
:10C9500005F07AFA52E700BF445F002445F4FFFF78
:10C96000E0AE07085555550541F4FFFF35F4FFFFCC
:10C970005C0D0024345F0024205F002405CB0508F3
:10C98000F0B58DB01F4604460E4608AD114604A80A
:10C99000FEF77AFB39462846FEF7D4FC9DF84C306A
:10C9A00004AA314602932046129BCDE9005300238E
:10C9B000FFF76EFE04462846FEF7BEFC04A8FEF70D
:10C9C00069FB20460DB0F0BD30B587B004460D467A
:10C9D00000F1140102A80192FEF756FB2068FFF750
:10C9E00081FAFFF71DFE0948FDF716FD05F038FC3A
:10C9F00002A8FEF7FDFC019A18B1294602A8FEF72D
:10CA00001BFD02A8FEF746FB07B030BD445F0024C3
:10CA10002DE9F04104463848FDF7FEFC05F002FC24
:10CA2000364A002352F8045B15B12968A14247D069
:10CA30000133052BF6D13048FDF7EEFCBDE8F0419F
:10CA400005F00EBC182708202D49264607FB0400D8
:10CA500005F0ECF9044688B108344FF00008C0E94D
:10CA600000762746384611220021183740F8048BFB
:10CA700013F0B6FD013E27F8028CF3D100261827EB
:10CA800095F85A30696CB34208DD06EB061307FBD4
:10CA9000064001361944FEF79AFDF1E7AA6CE868F2
:10CAA000FFF7A2FB95F85A1013E054F8043C182144
:10CAB000A4F108005943BDE8F041083105F0D9B9A7
:10CAC00095F85B30012BB6D195F85A40002CB9D1BE
:10CAD000696822462846FFF777FF5CB154F8045C8A
:10CAE000182303FB0545AC42DFD0183D2846E6F786
:10CAF00040F9F8E7BDE8F081445F0024205F00249E
:10CB0000E0AE07082DE9F047434888B0434C0526BE
:10CB10000025434FDFF81481FDF77EFCDFF810910C
:10CB200005F080FB54F8041B41B191F85B30022BF7
:10CB300024D10868FFF7D6F9FFF772FD013EF1D165
:10CB4000002D66D005F1240104A8FEF7FBFB354952
:10CB50006846F3F795F86A46642104A8FFF796FA49
:10CB60006846E3F790FD04A8FEF7E6FB2A48FDF7C8
:10CB700053FC05F075FB08B0BDE8F087CB6C642B67
:10CB80000ED9643BCB6454F8041C0B6D1BB1642BB1
:10CB900024D9643B0B65002DD0D154F8045CCDE75B
:10CBA0004B684345EFD14FF0000A243104A8C1F887
:10CBB0002CA0FEF7C7FB54F8043C494668461A68A7
:10CBC000EDF708FD6A46514604A8FFF75FFA68468C
:10CBD000E3F759FD04A8FEF7AFFBD4E74FF0000AD6
:10CBE000243104A8C1F82CA0FEF7ACFB54F8043C97
:10CBF000394668461A68EDF7EDFC6A46514604A8C6
:10CC0000FFF744FA6846E3F73EFD04A8FEF794FBFD
:10CC1000C1E7054B1D70A9E7445F0024205F002495
:10CC200035CC050805CB0508345F002435F4FFFF3B
:10CC300011CA05082DE9F043074691B05C48FDF79D
:10CC4000EBFB05F0EFFA5B4A002352F8044B14B1FA
:10CC50002168B9426DD00133052BF6D15448FDF758
:10CC6000DBFB05F0FDFA0CE094F8563084F8572011
:10CC7000013384F8563067E002464F492046FFF7FB
:10CC8000A3FE11B0BDE8F08394F838209DF82C3055
:10CC900052B19A4208D094F856303046013384F8A5
:10CCA0005630E6F766F863E0E2682846B4F85410B8
:10CCB000FFF78AF80346E06B31460268D2F8189015
:10CCC0002A46C84700281FDA4045E4D104F1240170
:10CCD00006A8FEF737FB3A4602A83849EDF77AFC7A
:10CCE00002AA642106A8FFF7D1F902A8E3F7CBFC5A
:10CCF00006A8FEF721FB284613F030F82C48FDF774
:10CD00008BFB05F0ADFA4FE03046E6F732F894F8C9
:10CD10005930013384F8593094F8583013B1013B3D
:10CD200084F85830284613F019F841F28833236507
:10CD300094E794F85B20012A90D194F85730002BA7
:10CD400092D0013B84F857301D4A11884B1CA4F83F
:10CD500054109BB213800BB9012313804FF4007061
:10CD600012F0F4FF0546002886D00AAEDFF858809E
:10CD700018220021304613F033FC236994F8582020
:10CD800004F15601CDE9006304F15903A068FFF7EF
:10CD900071F800283FF478AF204600220949FFF7D8
:10CDA00013FE284612F0DAFF3046E5F7E2FF68E7A7
:10CDB000445F0024205F002441F4FFFF35CC0508C8
:10CDC000600D002435F4FFFF47F4FFFF2DE9F04F1D
:10CDD00004468DB04548DFF81881FDF71DFB05F0CE
:10CDE00021FA0023414651F8042B62B19068A04219
:10CDF00009D1D76B5FB93D48FDF70EFB05F030FA5E
:10CE00000DB0BDE8F08F0133052BECD1F3E74FF403
:10CE1000007012F09BFF05460028ECD0DFF8D4909C
:10CE2000DFF8D4A0DFF8D4B03B682A4600213846AA
:10CE3000DC694FF40073A0470B282DDD2B784246A8
:10CE40006E7846EA0326002352F8044B1CB1B4F86E
:10CE50005410B14224D00133052BF5D1E4E76FF42F
:10CE60003C63002604F1240184F85A00636008A89A
:10CE70002665FEF767FA2268594604A8EDF7AAFB73
:10CE800004AA314608A8FFF701F904A8E3F7FBFB61
:10CE900008A8FEF751FAC7E7284612F05FFFAAE795
:10CEA00094F85B30012BBFD1636B5146012B1A46BE
:10CEB00038BF01224B4594BF02EB02104FF0FF3008
:10CEC000039204F0B3FF039A034660643146009274
:10CED000284604F14802FEF7B2FE0028BFDA606C73
:10CEE00008B104F0C4FF002363649DE7445F00249D
:10CEF000205F002487878707E0AE070811CA05086E
:10CF0000036808681847011D08B5FFF7F9FF08BD59
:10CF1000044A0346C260002203C99A6083E8030002
:10CF2000704700BF108F070813B50446CDE9001203
:10CF30006946FFF7EDFF204602B010BD10B504466C
:10CF4000FFF7F2FF204610BD70B5054688B0474890
:10CF5000FDF762FA05F066F9454900230A4652F8E2
:10CF6000044B14B12068A8424AD00133052BF6D1F6
:10CF70003E48FDF751FA05F073F908B070BD1B6B20
:10CF800028469847236943B12A680621284600911C
:10CF900041F65831966B0922B047236C83B9354965
:10CFA000142004F037FF064608B1FFF744F8266462
:10CFB00036B92B6828465B68984732462E4951E0BF
:10CFC00004F12401206CFEF7DFFF226CA36804A8A3
:10CFD0002A4913612B685E6BFFF7B0FF04A928464E
:10CFE000B04704A8E3F74FFBE5632048FDF714FAC8
:10CFF00005F036F92068FFF71DFEBEE70246DDE7C3
:10D0000094F85B30022BB3D0002251F8043B63B19B
:10D010009C420AD0E06B40B9D86B30B19E68A568DD
:10D02000AE4202BF1B6CE06323640132052AECD1DF
:10D03000E66B002ED9D10F49902004F0EBFE054697
:10D040000028DBD0FEF7DCFDA1682846FDF754FF81
:10D050002B680146002892D0039028465B689847C9
:10D06000324603992046FFF7AFFC86E7445F002471
:10D07000205F0024E0AE070841F4FFFFC9D0050897
:10D08000036808681847011D08B5FFF7F9FF08BDD8
:10D09000044A0346C260002203C99A6083E8030081
:10D0A000704700BF048F070813B50446CDE900128E
:10D0B0006946FFF7EDFF204602B010BD10B50446EB
:10D0C000FFF7F2FF204610BD10B5044688B098B1B6
:10D0D00001466846FEF736F92269084904A8FFF7B9
:10D0E000EDFF04AA00216846FEF7D0FF04A8E3F78D
:10D0F000CAFA6846FEF720F908B010BDCDCD050884
:10D1000008B5FFF700FF08BD08B5FFF7F9FF08BD38
:10D1100008B5FFF7B8FF08BD08B5FFF7F9FF08BD70
:10D120000368012200211B691847036800221B695C
:10D130001146184707B5019004F020F80121019825
:10D140000CF03AFE03B05DF804EB04F02DB807B51F
:10D15000019004F013F8002101980CF02DFE03B0AB
:10D160005DF804EB04F020B807B5CDE9001004F039
:10D1700005F8DDE900100CF01BFE03B05DF804EBD0
:10D1800004F012B8094B30B51A46094CD3F8945044
:10D19000A542FBD1036829B181680B604FF440734D
:10D1A000536130BDC1681B04F7E700BF006402583B
:10D1B000000300804168034630B471B1D0E9032018
:10D1C00000F0010402B944B1451001EB60000CB15C
:10D1D00049598A58996830BC104730BC7047036879
:10D1E00070B504460D461B68984704F13000294687
:10D1F000C4F8CC500DF010FA236820465B68BDE8F7
:10D20000704018477FB506461D46044656F8303B29
:10D21000CDE902211B6898479DF82030304683F005
:10D220000103DDE9022100932B460DF0EBFB23689F
:10D23000064620465B689847A81B18BF012004B02B
:10D2400070BD7FB506461D46044656F8303BCDE915
:10D2500002211B6898479DF82030304683F0010377
:10D26000DDE9022100932B460DF066FB236806469C
:10D2700020465B689847A81B18BF012004B070BD0A
:10D2800070B590B00D46144600211C2202A813F080
:10D29000A7F901260023294602A800961A4602F0A3
:10D2A00078FD1C22002109A813F09AF900232146D9
:10D2B00009A81A46009602F06CFD0A9B1A68099BA1
:10D2C0001A4203D16FF0010010B070BD039B1968C2
:10D2D000029B194046D109A80A24FFF745FF09A877
:10D2E000FFF728FF002109A8FFF73EFF002109A84A
:10D2F000FFF748FF052004F0F5FE012109A8FFF71C
:10D3000033FF012109A8FFF73DFF052004F0EAFEE5
:10D31000013CE7D102A8FFF70DFF214602A8FFF765
:10D3200031FF052004F0DEFE012109A8FFF72AFFE6
:10D33000052004F0D7FE012102A8FFF723FF0520F6
:10D3400004F0D0FE02A8FFF702FF09A8FFF7FFFED6
:10D350000A9B1A68099B1A42B4D0039B1A68029B65
:10D360001A42AFD00020AFE710B504460021E3F722
:10D37000C9F8204610BD0022034600F1280143F8F9
:10D38000042B03F8012B9942FBD1704708B5D0302C
:10D39000FDF742F8BDE8084004F044BF08B5D030BE
:10D3A000FDF73AF8BDE8084004F05ABFF8B51B4B4A
:10D3B00004460D46164640F8043B04F13007FFF7DB
:10D3C000D3FF0021164B9C22A18538466361A461DE
:10D3D000C4E90711C4E9091113F002F9114B04F172
:10D3E000D000C4F8CC30FFF7C6FF2046FFF7CEFFD1
:10D3F000324629462046A4F8F850A4F8FA60FFF710
:10D400003FFFB4F9FA20B4F9F81038460DF05AFA93
:10D410002046FFF7C3FF2046F8BD00BF248F070852
:10D42000B5D10508A086010070B504460D46164624
:10D4300000219C2213F0D4F83246294620460DF0F4
:10D4400041FA204604490DF0E7F8204601210CF08E
:10D450009EFE204670BD00BFA08601000DF0DCB826
:10D46000CAB2002342F0010219460CF07DBE0CF056
:10D47000D7BE0CF0E3BE10B514460CF017FF001B2E
:10D4800018BF012010BDD0F89030012B10B5044614
:10D4900086B004D9002084F8940006B010BDDBB239
:10D4A00004300493D0F888300393B0F99C30029391
:10D4B000B0F99A300193B0F998300093B0F99630F2
:10D4C000B0F99420B0F992100EF016F8B0FA80F08E
:10D4D0004009E0E7F8B51D461D4B04460F461646C9
:10D4E00040F8043B5C22002113F07AF8BDF91830B3
:10D4F0004FF400322046A4F89C302266BDF91C305F
:10D50000099AA4F89E30C4F89020BDF92030114A41
:10D51000A4F8A0300023C4F88C200F4AA4F8967019
:10D52000A4F89860A4F89A50C4F8A430A4F8643021
:10D53000C4F8883084F89430C4E92A23FFF7A3FFA5
:10D5400020B942220549064803F020FD2046F8BDD7
:10D55000688F070840420F0087D405084D8F0708E1
:10D56000568F0708F8B504460F46164600212022BC
:10D5700068301D4613F034F894F86030791C84F854
:10D58000683016BF0023012384F86970721C84F888
:10D590006A3094F8613018BF266784F86C3094F8CC
:10D5A000623084F86D3014BF0023012384F8743096
:10D5B00094F8633084F8783094F8643084F87930E3
:10D5C0006B1C16BF00230123E56784F88030D4F874
:10D5D000883084F8843094F8653084F88530F8BD5C
:10D5E000F7B50093054690F8943016460191DDE9B1
:10D5F00008740BB3ECB1E7B12368EBB103689B6827
:10D60000984733462846DDE90021FFF7ABFF234664
:10D610003A4605F16801281D0EF086F8041E2B68B5
:10D62000284618BF0124DB6864429847204603B0AF
:10D63000F0BD6FF00104F9E74FF0FF34F6E70000AA
:10D6400008B50348FCF7E8FEBDE8084004F0EABD71
:10D650006C5F002408B50348FCF7DEFEBDE8084017
:10D6600004F0FEBD6C5F002438B5074B0546044648
:10D6700045F8043BFFF7E4FF28460DF0D3FE2046B3
:10D68000FFF7E8FF204638BD688F070810B504464D
:10D69000FFF7EAFFB021204604F0D6FB204610BD7C
:10D6A0007047000070B500F10C060446B0F9582030
:10D6B000B0F9561030460EF0D7FAD4E918530DB928
:10D6C000DA070ED55A1094F8681004EB6300DB07F4
:10D6D00048BFA358B4F96A2048BF5D59B4F96C300B
:10D6E000A847216D30460EF0D9F92246304602494E
:10D6F000BDE870400BF076BDEDD9050873B51E4648
:10D70000C36D04460D462BB140F235122B492C480F
:10D7100003F03CFC2B490192C0E9181303681B6815
:10D720009847019A84F86850A4F86A20A4F86C60BD
:10D73000042D0BD8DFE805F01603111619004FF081
:10D74000FF33012104F10C000BF042FE2368204658
:10D750005B6802B0BDE870401847134602214FF0E5
:10D76000FF32EFE733462946ECE70123013284F824
:10D7700084300ED01C2004F033FBB4F96A600546F7
:10D780001C22002112F02CFF3146284602F0E3FA59
:10D790002567B4F96C300133D8D01C2004F020FB8D
:10D7A000B4F96C6005461C22002112F019FF00221A
:10D7B0003146284602F0D4FA6567C7E7918F07081B
:10D7C000A08F0708FDD6050810B50446E2F79DFEB8
:10D7D0002046EEF7F3F9204610BD70B506460D461B
:10D7E000044656F80C3B1B689847304629460EF015
:10D7F00055F92368204625655B68BDE870401847E9
:10D800007FB505460446019355F80C6BCDE902211E
:10D810003668B04728460399DDE901320EF0B0F9C9
:10D82000236820465B6804B0BDE8704018470000DC
:10D8300070B50546044655F80C3B1B6898472846CA
:10D840000EF0C6F894F8843005467BB1626F6AB179
:10D850000B4B0C481946D3F894608642FBD11368F1
:10D8600055B9926813604FF440734B6123682046AA
:10D870005B689847284670BDD2681B04F2E700BF7A
:10D88000006402580003008038B50546044655F888
:10D890000C3B1B68984728460EF0AAF894F8843091
:10D8A000054643B1236F00F001055A681B681268F2
:10D8B0001A4218BF0025236820465B68984728460F
:10D8C00038BD0C300BF03CBD10B50C460C300BF0E5
:10D8D0006BFD204610BD00002DE9F04198461F4B1E
:10D8E0000025044603600F461D4B294616468560F9
:10D8F000436024220C3012F073FE04F13000E2F792
:10D90000BBFE04F14000E2F7B7FE40F2011365668A
:10D91000A4F854304FF6FF73C4F88050A4F86A306E
:10D92000A4F86C30A368C4F850805A1013F0010FAB
:10D9300004EB63006368A4F85670A4F8586084F898
:10D94000685084F88450C4E91755C4E91E551CBFBB
:10D95000A258D35898472046BDE8F081C08F0708E9
:10D96000A5D6050803682DE9F04104461B68154655
:10D970000F46984794F85430EE1C03B17DB194F8EB
:10D9800055300BB1012D0AD0394604EB0610EEF7E5
:10D99000DBF9236820465B68BDE8F041184703F0D7
:10D9A000EDFB384604EB061604F10C08EEF7D9F946
:10D9B00088B13046EEF7D5F908B903F0BDFE394617
:10D9C0003046EEF7C1F90122294640460BF016FC1D
:10D9D00003F0EAFBDDE73046EEF7C3F908B103F0E8
:10D9E000C1FE3046FFF7F0FE0022EDE7033110B52F
:10D9F00000EB01142046EEF7B4F910B12046F1F720
:10DA000028FA10BD036870B504461B680D46984798
:10DA100094F85430AB422DD065B194F855304BB9E1
:10DA2000A2686368511004EB6200D20744BF6258D9
:10DA3000D358984704F1300603F0A0FB05B33046F5
:10DA4000EEF78FF950B13046EEF794F903F074FE1B
:10DA50000122002104F10C000BF0D0FB03F0A4FB29
:10DA600084F8545035B994F855301BB904F10C00C2
:10DA70000DF094FE236820465B68BDE870401847AF
:10DA800004F10C002A4629460BF0B8FB3046EEF7AD
:10DA900068F90028E2D003F065FEDFE7036870B59F
:10DAA00004461B680D46984794F85530AB422DD07C
:10DAB00065B194F854304BB9A2686368511004EB17
:10DAC0006200D20744BF6258D358984704F1400619
:10DAD00003F054FB05B33046EEF743F950B130463E
:10DAE000EEF748F903F028FE012204F10C0011467C
:10DAF0000BF084FB03F058FB84F8555035B994F8CB
:10DB000054301BB904F10C000DF048FE2368204688
:10DB10005B68BDE87040184704F10C002A460121FB
:10DB20000BF06CFB3046EEF71CF90028E2D003F056
:10DB300019FEDFE71FB5184B044600210360684655
:10DB4000EDF7EFFE002269462046FFF70BFF68461F
:10DB5000E2F799FD00216846EDF7E3FE01226946F0
:10DB60002046FFF7FFFE6846E2F78DFD94F854303B
:10DB700013B994F855301BB104F10C000DF00EFEF2
:10DB800004F14000E2F77FFD04F13000E2F77BFD95
:10DB9000204604B010BD00BFC08F070810B5044672
:10DBA000FFF7C8FF8821204604F04EF9204610BD3B
:10DBB000437D10B504461BB1037D0BB103F0D2FDCC
:10DBC000204610BD13B5044601A802F0E3FC637DB6
:10DBD00053B9237D0BB103F0AFFD206902F07DFB4B
:10DBE0000123C4E90001637501A802F0DBFC02B067
:10DBF00010BD37B5044601A80D4602F0CBFC00234A
:10DC00000022C4E900236B7D4BB1286902F065FB5B
:10DC1000D5E90032C01A61EB0201C4E9000101A894
:10DC200002F0C0FC204603B030BD30B585B00D46D3
:10DC3000044603A802F0AEFC29466846FFF7D9FF68
:10DC4000009B019AD5E902105B1840EB020203A881
:10DC5000C4E9003202F0A6FC204605B030BD13B581
:10DC6000044601A802F096FC206902F036FB00226F
:10DC70000023C4E90001C4E9022301A802F092FCD8
:10DC800002B010BDD0B50023002600270446016174
:10DC900002754375C0E90067C0E90267FFF7DFFF5F
:10DCA0002046D0BD10B5044602F02AFB01220146F1
:10DCB0002046FFF7E7FF204610BD10B5044602F0EE
:10DCC0008BF8002201462046FFF7DCFF204610BDFE
:10DCD00003681B681847000010B5084B0446002273
:10DCE000084623600023A1610549C4E902230023FB
:10DCF000C4E9043302F080FA204610BDD88F07082B
:10DD0000D1DC050807B500F108010090806902F038
:10DD1000B1FA03B05DF804FB00F10801806902F07C
:10DD2000C1BA002070476FF01C0070476FF01C00F4
:10DD300070476FF0150070476FF0150070470120B5
:10DD4000704701207047002070470020704770B571
:10DD500011F0010405468EB204D0FFF769FD041EE0
:10DD600018BF0124F30605D52846FFF78DFD08B13D
:10DD700044F01004204670BDA0F18800FFF7E7BF13
:10DD800008B5FFF73FFE002008BDA0F18800FFF7AF
:10DD9000F7BF08B5FFF782FE002008BDA0F188009C
:10DDA000FFF7F7BF034B10B504460360FFF7C2FE51
:10DDB000204610BDE48F0708A0F18800F2E700BFFD
:10DDC00010B50446FFF7EEFF8C21204604F03CF826
:10DDD000204610BDA0F18800F2E72DE9F04106468B
:10DDE0000D461746CAB103F0C6F980F0010313F0DF
:10DDF000FF0403D0336830461B68984705EB0708DB
:10DE0000454505D015F8011B3046FFF75DFDF7E7E6
:10DE10001CB1336830465B6898473846BDE8F081EE
:10DE2000A0F18800FFF7D9BF38B504460D4662B1AE
:10DE300003681B6898472046FFF743FD2870236856
:10DE400020465B689847012038BD1046FCE7A0F1EA
:10DE50008800FFF7E9BF000010B50446FFF73CFD5E
:10DE6000044B204603F1080244332260C4F8883092
:10DE700010BD00BFDC8F070830B5056885B00446CB
:10DE800001932D68CDE90221A84720460399DDE9D9
:10DE90000132FFF733FC236820465B6805B0BDE81C
:10DEA00030401847002202707047704708B5037869
:10DEB0003BB103F063F90EF0E7FABDE8084003F068
:10DEC00073B908BD1FB568460EF0E4FA009805B0B6
:10DED0005DF804FB37B50C460546FFF7F3FFA0429B
:10DEE00004D221220C490D4803F050F81CB922221B
:10DEF00009490B48F8E703F041F901A801940EF035
:10DF000083FA044608B901232B7003F04DF9B4FAE3
:10DF100084F0400903B030BD819007088E90070857
:10DF2000AB90070810B50446E2F7EFFA2046EDF78C
:10DF300045FE204610BD70B504460E4603F01EF99E
:10DF4000A5695DB104F10800FFF7ECFF012384F837
:10DF5000216084F820300023E361A36103F024F9F9
:10DF60002DB121462846BDE8704000F078B970BD5B
:10DF700008B104F057B903F001B908B104F070B961
:10DF800003F012B92DE9F041044686B00E4617465B
:10DF900003F0F4F8A56903F007F935B301AD0021EA
:10DFA000284604F099F903F0E9F8D4E9068323B18F
:10DFB00039220F490F4802F0E9FFE56103F0F4F858
:10DFC000B8F1000F0ED03946284604F0A3F948B93D
:10DFD0003046FFF7CDFF20460121FFF7ACFF30466A
:10DFE000FFF7CBFF284604F0B6F906B0BDE8F08194
:10DFF000D4900708E090070838B50025054B044683
:10E00000456040F8083BE2F737FB20462584C4E929
:10E01000065538BD04910708074B10B50360044648
:10E02000836923B126220549054802F0AFFF083075
:10E03000E2F729FB204610BD04910708D490070899
:10E04000EE90070830B5044685B003F097F804F168
:10E05000080568462946F0F7F6FE2846FFF762FFF6
:10E060000023E069A36108B104F072F903F09CF8A1
:10E070006846EDF776FE10B16846F0F7EAFE6846AE
:10E08000E2F701FB05B030BD00220160C0E90122CA
:10E0900001220273704770470346007B30B1D3E919
:10E0A0000020136898428CBF002001207047012394
:10E0B000D0F800C02DE9F04303FA01F11F4682EACF
:10E0C000030E1CF823500D4204D005F030053AB180
:10E0D000102D07D10133112BF3D14FF0FF300FE09A
:10E0E000002DF7D05C00D0F80880023C42EA04061C
:10E0F00007FA06F919EA080FECD1202D02D03046B4
:10E10000BDE8F0834EEA040407FA04F414EA080FA9
:10E11000F5D0DFE770B50D46114604461E462A4687
:10E12000FFF7C5FF002802DA0020207370BD420807
:10E130002168636801EB8201CD8849791D44012380
:10E1400006FB0151616003FA00F1A36842EAC010C6
:10E150000B43C0B2A360E9E713460A460121FFF76B
:10E16000D9BF13460A460021FFF7D4BF13B50446B2
:10E170000A4601910021FFF7EFFF019A0021204696
:10E1800002B0BDE81040FFF7ECBF0022C0E900225A
:10E19000704770470068704700230B60436813B9ED
:10E1A0000160416070471960FBE703682BB11A6892
:10E1B00002B94260026000221A601846704710B52A
:10E1C0000468002223468B4203D083B11A461B68A1
:10E1D000F9E70AB10B6813608C4204BF0B68036057
:10E1E00043688B424FF0000308BF42600B6010BDD4
:10E1F00010B50446FFF7C9FF204610BD08B5FFF76C
:10E20000C9FFB0FA80F0400908BD70B50546284640
:10E21000FFF7C0FF044678B150F8043C061F9B6826
:10E220003046984740B12846FFF7BFFF54F8043CFA
:10E230003046DB689847EAE770BD70B504460D4686
:10E24000FFF7A8FF0646291D2046AC61FFF7A4FF93
:10E2500026B92046BDE87040FFF7D7BF70BD70B546
:10E260000C460546FFF796FF064604B104342146E6
:10E270002846FFF7A4FFA64204D12846BDE8704017
:10E28000FFF7C3BF70BD10B504462046FFF782FFFD
:10E2900028B150F8043C0438DB689847F5E710BD16
:10E2A00010B50446FFF7EFFF2046FFF772FF204648
:10E2B00010BD7047704703689B6D184770B5002309
:10E2C00086B04FF4897490F82013CDF8063005AE6F
:10E2D0008DF80A300389ADF804400224ADF81030FF
:10E2E00040F201234268ADF8123040F203138DF87A
:10E2F000074001ACADF8143000F10A038DF80B10A3
:10E300001D4603922246083303CAB24243F8080C62
:10E3100043F8041C1446F5D1128828461A8006B02A
:10E3200070BD000000487047EC9307080048704734
:10E330002494070800487047F09307080048704786
:10E3400036940708004870471C9407080048704737
:10E3500006940708036810B504465B6F9847D4F825
:10E36000EC0203681B6F9847236820469B6FBDE84B
:10E370001040184708B5D0F834332BB940F2CD62BD
:10E380000249034802F002FE08BD00BF31910708B0
:10E390003F91070810B5044602F0F0FED4F834337C
:10E3A0000133C4F834332BB94FF4D7620249034820
:10E3B00002F0ECFD10BD00BF319107083F91070846
:10E3C00038B5D0F834330446012B10D10025D4E9F8
:10E3D000C93000F0010203B94AB1411004EB6000FA
:10E3E000C4E9C9550AB16258D3589847EFE7D4F841
:10E3F00034332BB940F2C6620549064802F0C6FD27
:10E40000013BC4F83433BDE8384002F0CDBE00BF54
:10E41000319107083F910708002307B51A460249C2
:10E420000248009303F04AF84B9107080E0115804B
:10E43000002307B51A4602490248009303F03EF84C
:10E440007391070804011580036873B50446DB6FF8
:10E450009847B4F8F8120B12022B25D0032B56D094
:10E46000012B04D1236820461B6B984708B9002074
:10E4700018E0236820461B6B98470678122EF6D1C9
:10E48000236820461B6B98474578012DEFD1236800
:10E490002046C4F804631B6B9847C4F80003284661
:10E4A00084F8085302B070BDC9B2236820465B6B84
:10E4B000019198470028DAD02368204601995B6BC8
:10E4C000984703780199092BD1D1236820465B6BCB
:10E4D000984743780199022BC9D1236820465B6B8A
:10E4E00098472368857820465B6B01999847C378E5
:10E4F0000199204645EA03252368C4F804535B6B61
:10E500009847C4F80003012084F80803CAE7C9B299
:10E510000529ACD8DFE801F0030F19232D37236854
:10E5200020469B6B98470378C4F8043323689B6BA1
:10E5300020469847E5E723682046DB6B9847037839
:10E54000C4F804332368DB6BF2E7236820461B6CB6
:10E5500098470378C4F8043323681B6CE8E7236802
:10E5600020465B6C98470378C4F8043323685B6CDF
:10E57000DEE7236820469B6C98470378C4F8043391
:10E5800023689B6CD4E723682046DB6C98470378AC
:10E59000C4F804332368DB6CCAE70B78DB0913701B
:10E5A0000B78C3F3411353700B7803F01F03937080
:10E5B0004B78D370C8788B7843EA002393804879EE
:10E5C0000B7943EA0023D380C8798B7943EA00238F
:10E5D00013817047036870B504465B6F0D4698471A
:10E5E00094F80C33022B05D040F23D12084909483B
:10E5F00002F0CCFC084B204684F81053C4F82433B6
:10E600000023C4F828332368BDE870409B6F184787
:10E610003191070892910708DBEA050838B50368CD
:10E620000446DB6F984794F8083313B10025284659
:10E6300038BDD4F8EC0203685B6C9847D4F8042327
:10E640009042F3D8D4F80013121A0144C4F80423FA
:10E65000C4F80013A2B9022394F80A5384F80C33C7
:10E6600045B1236804F53D71204684F80A239B6E6A
:10E670009847DCE701212046FFF7ACFF0125D6E7EC
:10E68000D4F8EC02D4F820430368A2421B6C28BFE4
:10E6900022469847F2E70000036813B50446DB6F93
:10E6A000984794F81C33012B06D800230F491A46CB
:10E6B00000930F4802F002FF94F80C3323B10023BB
:10E6C0000C491A460093F4E794F80B33032B0BD054
:10E6D0002046FFF7A3FF38B9D4F8EC020368DB6CDF
:10E6E00002B0BDE81040184702B010BD4B910708BA
:10E6F0000E011580BD91070838B503680446DB6F2D
:10E70000984794F80833012B3BD1D4F8045335B91A
:10E7100094F809330BB901252CE084F80953D4F897
:10E720002023D4F8EC029542D4F80013036828BFE4
:10E7300015469B6C2A469847D4F80033D4F8042336
:10E740002B44551BC4F80033C4F80453002DE2D108
:10E7500094F80923002ADED1022394F80A5384F89E
:10E760000C334DB1236804F53D71204684F80A232B
:10E770009B6E9847284638BD01212046FFF72AFFA7
:10E78000C9E70025F6E7036810B50446DB6F984734
:10E7900094F81C33012B01D8FFF73EFE94F80B339D
:10E7A000032B0AD02046FFF7A7FF30B9D4F8EC02BC
:10E7B0000368BDE81040DB6C184710BD036870B5F6
:10E7C00004465B6F0D46984794F80C33032B05D035
:10E7D0004FF4C3720849094802F0D8FB084B2046A1
:10E7E00084F81053C4F824330023C4F82833236872
:10E7F000BDE870409B6F18473191070807920708E2
:10E80000F3F30508036810B50446DB6F9847012051
:10E8100004F21D33C4F80403C4F8003384F8080379
:10E8200010BD036810B50446DB6F984794F81C339D
:10E83000042B05BFB4F82E3301200020A4F8FA32CF
:10E8400001BF04F54C73C4F80403C4F8003384F822
:10E85000080310BD036810B5DB6F04469847042316
:10E86000204694F8F82284F80C332368B4F8FA129E
:10E870001B6F9847012010BD036870B504465B6F9D
:10E880000D46984794F80C33042B05D04FF4EB72E7
:10E890000849094802F07AFB084B204684F81053D7
:10E8A000C4F824330023C4F828332368BDE870403B
:10E8B0009B6F184731910708339207086BEB0508E7
:10E8C000036810B50446DB6F984794F81C33042B9B
:10E8D00002D0B4F8FA328BBB94F8F632012B0FD089
:10E8E000022B10D053BB164B01221A80144B01206F
:10E8F000C4F80033022384F80803C4F8043310BDBD
:10E900000F4B0022F1E7B4F8FA2222F08F03ABB9E3
:10E9100012F00F0F0A4902D100230B80E6E75300E3
:10E9200003F01E0343EAD2131822023B02FB034307
:10E9300093F830309B07EFD50123EEE70020DEE7A8
:10E94000945F0024036810B5044690B0DB6F9847CD
:10E95000D4F8EC02D4F8202369460368DB6B9847AF
:10E9600004F53D7269462046FFF717FE0023114665
:10E970002046C4F80833C4E9C033012384F80C33BB
:10E9800023685B6E984710B010BD036810B504464D
:10E99000DB6F984794F81C33012B01D8FFF73CFD3F
:10E9A000012394F80C2384F82C3322B92046BDE8C7
:10E9B0001040FFF7C7BF84F82D3310BD2DE9F0419B
:10E9C0001D46036804460F465B6F1646984794F849
:10E9D0000C33012B05D040F2BA220A490A4802F052
:10E9E000D5FA0A4B204684F81073C4F82433002368
:10E9F000C4F828332368C4E9C5659B6FBDE8F041BE
:10EA0000184700BF319107085B920708ABF2050871
:10EA1000036810B50446DB6F9847B4F8FC3293B333
:10EA200094F8F40294F80823012825D1012A06D08D
:10EA3000D4F8EC020368DB6CBDE810401847D4F84A
:10EA400004239A4201D9C4F804330128D4F80413EA
:10EA500026D18B4208D9D4F82033B1FBF3F203FB63
:10EA600012120AB984F809030223204684F80B33F2
:10EA7000BDE81040FFF740BE002AD9D1D4F80423E6
:10EA80009A42E2D0D4E7D4F8EC02D4F80423036825
:10EA9000002AD0D103219B6C84F80B1311460DE0A2
:10EAA0000123D4F82023D4F8EC028A4284F80B33F3
:10EAB000036828BF0A46D4F800131B6CBDE8104059
:10EAC0001847036810B5DB6F04469847002384F8A5
:10EAD0002D33032384F80B3310BD036810B5DB6FAF
:10EAE00004469847002294F8103384F80C2394F8D5
:10EAF0002D2322B12046BDE81040FFF7E2BF33B915
:10EB0000D4F8EC020368BDE81040DB6C184794F8B9
:10EB10000B33012B0AD10323D4F8EC0284F80B3316
:10EB200003689B6C1146BDE810401847022B07D1C3
:10EB30000323D4F8EC0284F80B3303681B6CF1E771
:10EB400010BD036810B5DB6F04469847002384F8B6
:10EB50002C3394F80C3323B92046BDE81040FFF75E
:10EB6000B0BF012384F82D3310BD036810B5DB6FEF
:10EB700004469847002294F8103384F80C2394F844
:10EB80002D2322B12046BDE81040FFF79ABF63B1A4
:10EB9000B4F8FA322046A4F82E33B4F8F83284F8E8
:10EBA0003033BDE81040FFF733BFD4F8EC02036800
:10EBB000BDE81040DB6C1847036810B504465B6F76
:10EBC000984794F8F03283B9D4F8EC0221460368F0
:10EBD0009B689847D4F8EC02402103689B6B9847E8
:10EBE0000123C4F8200384F8F032236820469B6F89
:10EBF000BDE81040184738B5036804465B6F984776
:10EC000094F81C5323682046EDB29B6F98472B1F46
:10EC10005842584138BD036810B504465B6F9847A9
:10EC20002046FFF7C9FF94F8F1323BB9D4F8EC0263
:10EC300003685B699847012384F8F1322368204612
:10EC40009B6FBDE810401847D0F8EC0203685B6B7F
:10EC5000184738B503680D4604465B6F98472B0785
:10EC6000204617BF6A00D4F8205302F01E0242EA81
:10EC7000D5131FBF1822023B02FB03439D8D23685F
:10EC80009B6F9847284638BD0368F7B50E465B6F03
:10EC90000546984736F08F0701D1320706D1002389
:10ECA000174918481A46009302F008FC740018230C
:10ECB00004F01E0444EAD614023C03FB045494F806
:10ECC0003030DB0709D42846FFF795FF80B140F2CA
:10ECD0008C520D490D4802F059F994F831303BB18E
:10ECE000D5F8EC0231460368DB6E984784F8317042
:10ECF0002B6828469B6F03B0BDE8F040184700BF63
:10ED00007391070804011580319107087E92070866
:10ED1000036873B50E465B6F0446984716F0700F94
:10ED200001D1310706D100231A491B481A46009326
:10ED300002F0C4FB7500182305F01E0545EAD61540
:10ED4000023D03FB054595F83030DA0709D420462B
:10ED5000FFF751FFB0B140F2CC421049104802F029
:10ED600015F943F00203314685F83030D4F8EC024F
:10ED700003689B6D984795F831301BB131462046AA
:10ED8000FFF782FF236820469B6F02B0BDE870400A
:10ED9000184700BF739107080401158031910708D7
:10EDA0007E920708036810B50446DB6F984794F815
:10EDB0001C33042B02D0B4F8FA32A3B994F8F6321B
:10EDC000022B10D1B4F8FA1231F08F000BD111F0F0
:10EDD0000F030AD0B4F8F83223B92046C9B2FFF7BE
:10EDE00097FF012010BD0020FCE71846FAE700005D
:10EDF000036873B50E465B6F0446984716F0700FB4
:10EE000001D1310706D100231C491D481A46009341
:10EE100002F054FB7500182305F01E0545EAD615CF
:10EE2000023D03FB054393F83020D20709D4204666
:10EE3000FFF7E1FED8B140F2F1421249124802F068
:10EE4000A5F893F831301BB131462046FFF71CFF7F
:10EE50001823314603FB054595F8303023F00203B3
:10EE600085F83030D4F8EC020368DB6D98472368EE
:10EE700020469B6F02B0BDE87040184773910708A9
:10EE800004011580319107087E920708036810B5C8
:10EE90000446DB6F984794F81C33042B02D0B4F877
:10EEA000FA32A3B994F8F632022B10D1B4F8FA1260
:10EEB00031F08F000BD111F00F030AD0B4F8F83203
:10EEC00023B92046C9B2FFF793FF012010BD0020EF
:10EED000FCE71846FAE700002DE9FF419846036871
:10EEE0000E4603925B6F0746984736F08F0403D1B6
:10EEF00016F00F0F039A06D10023204920481A4626
:10EF0000009302F0DBFA7500182305F01E0545EAB0
:10EF1000D615023D03FB057595F83030DB070AD4A2
:10EF20003846FFF768FE044688B140F2AF521549F3
:10EF3000154802F02BF8AB8D434505D923462246F0
:10EF4000124913480094DCE795F8311039B13B6859
:10EF500038469B6F9847204604B0BDE8F081D7F84B
:10EF6000EC0201680C6E3146A04704460028EED042
:10EF700095F83130013385F83130E8E773910708AF
:10EF800004011580319107087E9207088C920708CA
:10EF900005011580036837B50D465B6F0446984739
:10EFA00015F0700F01D12A0706D100231549164824
:10EFB0001A46009302F082FA6B00182203F01E0337
:10EFC00043EAD513023B02FB034393F83030DB07DF
:10EFD0000AD42046FFF70FFE054660B140F2E95221
:10EFE0000A490B4801F0D2FFD4F8EC022946036825
:10EFF0005B6E98470546236820469B6F98472846D6
:10F0000003B030BD739107080401158031910708E2
:10F010007E9207082DE9FF41984603680E46039249
:10F020005B6F0746984736F08F0503D116F00F0F38
:10F03000039A06D10023224922481A46009302F07F
:10F040003DFA7400182304F01E0444EAD614023C6E
:10F0500003FB047494F83030DB070AD43846FFF71A
:10F06000CAFD054688B140F20A621749174801F007
:10F070008DFFA38D434505D22B462A4614491548DA
:10F080000095DCE794F831303BB13B6838469B6F24
:10F090009847284604B0BDE8F081D7F8EC02314625
:10F0A00003689D6E4346A847054638B194F8313051
:10F0B000A4F82E80013384F83130E6E7E085E4E7F8
:10F0C000DD92070804011580319107087E92070838
:10F0D000FB92070805011580036837B50D465B6F85
:10F0E0000446984715F0700F01D1290706D1002377
:10F0F000124913481A46009302F0E0F96A0002F040
:10F100001E0242EAD5131822023B02FB034393F886
:10F110003020D2070AD42046FFF76DFD054630B1F6
:10F1200040F249620749084801F030FFDD8D23684D
:10F1300020469B6F9847284603B030BD739107085F
:10F1400004011580319107087E920708036870B5A5
:10F150000446DB6F0D46984794F81C2384F81C5333
:10F16000AA42D3B226D0032B09D9032D8CBF002687
:10F170000126012B05D9012D03D88EB103E000260D
:10F18000F7E786B100264FF43472002104F11C0029
:10F1900011F026FA002384F81D3384F8F23216B1F8
:10F1A0002046FFF7CEFC2368294620461B6EBDE8AB
:10F1B0007040184770BD036810B50446DB6F984770
:10F1C000D4F8EC0294F8F8120368DB6A9847B4F8B4
:10F1D000F8322BB902212046FFF7B8FF012010BDFD
:10F1E0000321F8E7036810B50446DB6F984794F8ED
:10F1F000F81284F81D1351B9D4F8EC0203681B6AA5
:10F20000984703212046FFF7A1FF012010BD0123ED
:10F21000204684F8F232032384F80C332368DB6E33
:10F220009847F2E7036810B50446DB6F984794F8F7
:10F23000F532C3BB94F8F7320B2B34D8DFE803F078
:10F24000060B331033151A331F24292E2046BDE830
:10F250001040FFF735BB2046BDE81040FFF716BE53
:10F260002046BDE81040FFF79DBD2046BDE8104098
:10F27000FFF7A1BF2046BDE81040FFF7E5B82046E4
:10F28000BDE81040FFF7BEBA2046BDE81040FFF7CA
:10F29000A9BF2046BDE81040FFF7C3BA2046BDE82D
:10F2A0001040FFF7D7BA002010BD036810B5DB6F20
:10F2B00004469847002094F8103384F80C0394F81F
:10F2C0002D03D4E9C52190B1012B0BD8022304F5FD
:10F2D0003D712046012284F80C332368BDE81040BC
:10F2E0009B6E18472046BDE81040FFF7EABB042B91
:10F2F00012D12046FFF796FF30B9D4F8EC0203682C
:10F30000BDE81040DB6C184794F80C3373B9204605
:10F31000BDE81040FFF77CBB032BEED0012084F842
:10F32000083384F80A03C4E9C021F0E710BD03687C
:10F3300010B50446DB6F984702212046FFF706FF11
:10F340000023204684F81E33FFF7FBFB236820468A
:10F35000DB6DBDE810401847036810B504465B6FCD
:10F36000984794F8F1323BB1D4F8EC0203689B69FA
:10F370009847002384F8F13294F81C33012B03D909
:10F3800001212046FFF7E2FE0023204684F81D33CA
:10F3900084F81E332368BDE810409B6F184703684C
:10F3A00010B504465B6F984794F8F03253B120468D
:10F3B000FFF7D2FFD4F8EC020368DB68984700231C
:10F3C00084F8F032236820469B6FBDE81040184750
:10F3D00038B503680D460446DB6F984745B994F885
:10F3E0001C332BB129462046BDE83840FFF7AEBE9E
:10F3F00038BD036870B50446DB6F984794F82D3329
:10F4000094F8106303B97EB92046FFF7F4FB054674
:10F4100050B901464FF4347204F11C0011F0E0F8C9
:10F4200084F81D5384F8F252002384F80C3394F8C6
:10F430002D3323B12046BDE87040FFF742BBD4F81E
:10F44000EC02036856B1DB69984720460421FFF7B8
:10F450007DFE2046BDE87040FFF7DABADB6CBDE800
:10F46000704018472DE9F04F914685B002680E466E
:10F4700003930446526F904716F0700F03D116F0B5
:10F480000F0F039B06D10023264927481A460093F5
:10F4900002F014F894F8F282B8F1000F07D1236853
:10F4A00020469B6F9847404605B0BDE8F08F750039
:10F4B0004FF0180B05F01E0545EAD615AF1E0BFBE5
:10F4C000074797F830A01AF0010A05D04FF48E6272
:10F4D0001649174801F05AFDB9F5806F04D940F27A
:10F4E000714212491348F5E7D4F8EC02314602683C
:10F4F000D2F850804A46C04780460028CFD0013D10
:10F500000E990BFB0545281DECF71EFC97F83030D3
:10F5100087F831A043F00103A7F82C9087F830302A
:10F52000BDE700BF739107080401158031910708FA
:10F530001C9307083E9307082DE9F04705469846B7
:10F540001E4B04460F46914645F81C3B00F53B7A9E
:10F550002E4630461836E1F78FF8B245F9D1BDF89E
:10F5600020304FF43472002128462381A4F80490FF
:10F57000A4F8068011F034F82822002104F53D702B
:10F5800011F02EF800230122204684F80C33C4F831
:10F59000EC72A4F8F03284F8F232C4F8343384F810
:10F5A000303384F81C2384F81D3384F81E33C4E9F7
:10F5B000C833C4E9CA33BDE8F08700BF6C930708BD
:10F5C0000D4B70B50360044690F8F0322BB140F259
:10F5D00062520A490A4801F0D9FC04F53B7504F16E
:10F5E0001C06FFF7DCFEB54204D0183D2846E1F7C3
:10F5F0004AF8F8E7204670BD6C9307083191070878
:10F600005693070838B503680D460446DB6F9847E4
:10F6100015F0700F01D12B0701D1FEF709FF6B0028
:10F62000182003F01E0343EAD5118B1E00FB034391
:10F6300093F831206AB10139013A00FB014483F8A3
:10F64000312004342046ECF78CFB10B12046EFF754
:10F6500000FC38BD38B503680D460446DB6F98479B
:10F6600015F0700F01D12B0701D1FEF7E1FE6B0001
:10F67000182003F01E0343EAD5118B1E00FB034341
:10F6800093F831206AB10139013A00FB014483F853
:10F69000312004342046ECF764FB10B12046EFF72C
:10F6A000D8FB38BD4FF0FF3100F079B937B50446CB
:10F6B0004C3001911546FDF757FE019921B90A46D4
:10F6C000204600F014F803E02DB9204600F048F879
:10F6D000204603B030BD2A46F2E710B5044600F0DC
:10F6E00052F804F14C00EAF7B3FE204610BD03299E
:10F6F00038B5044607D9D31C23F003039A1A8A1A93
:10F7000022F003011A4600230D46E260C4E90433E7
:10F710000DBB22622560C4E9065100F00BFA00F02F
:10F720000BFA2581606004F13000A57284F8245042
:10F73000C4E90A5500F020FA00280BDB04F144006C
:10F7400000F012FA002805DB04F1480000F00CFA82
:10F7500000EAE07038BD23696D0801332361D7E703
:10F7600037B505460846019110F0F0FA044638B165
:10F77000024601992846FFF7BAFF6C6103B030BD1D
:10F780004FF0FF30FAE770B504460568B5B9A36AD3
:10F790001BB14FF0FF31E06A984704F1480000F0D8
:10F7A000E5F904F1440000F0E1F904F1300000F063
:10F7B000EBF96069BDE8704010F0D0BAEE6836B978
:10F7C000EB6913B105F124009847AD68DEE7F369F2
:10F7D00013B106F124009847F668F0E773B50646C2
:10F7E0002731483021F00305019000F0C0F906F1FF
:10F7F0001803B46901985CB9F3699D4223D8346A4F
:10F800005B1B6219F361012332622560A37107E07B
:10F810002268954213D8E26872B11A60A3689360B7
:10F8200000F0A7F900234FF0FF32E361C4E905328D
:10F830002434204602B070BDA2681A60F0E704F1DB
:10F840000803A468D7E700F094F9F2E751F8083C00
:10F8500073B505460C460BB108469847EB6833B1C3
:10F86000A4F12406B34202D82B6AB34204D2002387
:10F8700004F81E3C02B070BD05F14800019000F094
:10F8800076F905F11802AB690198ABB11D6854F81F
:10F89000241C8D420CD30FD144F8183C13689B688C
:10F8A00044F81C3C166002B0BDE8704000F061B93D
:10F8B00003F108029B68E8E7002344F8183C13684A
:10F8C000EEE7F8B54B6900F1440705460C469B1A74
:10F8D0001646002BACBFD318131C4B610389384666
:10F8E0008B8000F044F9284603687BB3596962694C
:10F8F000A1EB020CBCF1000F25DB914226D19B68E5
:10F90000A36013B104F108021A61036822460021C2
:10F9100042F80C3F99601A61AB6A046020616BB1D8
:10F9200095F8242052B12A68A24207D1E2682AB988
:10F930006169E86A891B21EAE17198473846BDE8A8
:10F94000F84000F016B903F10800CDE7A36013B149
:10F9500004F108021A610023E360DDE7F8B51446FC
:10F9600005460F46A2F1240600F0E6F854F8103CD4
:10F9700002463146034444F8047C284644F8103CCF
:10F98000FFF79FFF296914F81E4C05F130008C40E9
:10F99000E968761A00F0FAF834432046F8BD2DE9FC
:10F9A000F74F04460F464FF0000800F0C5F804F189
:10F9B0004406054607EB000984F82480304600F031
:10F9C000D6F8636801A95B1B002B2368D8BF65606C
:10F9D00001931BB15A69521B002A37DD236003B122
:10F9E0001C61C1F80080019D15B123890133238179
:10F9F000304600F0BEF801A965BB019D4FF0010A39
:10FA0000002D34D100F098F8002F82465CDBA9EB82
:10FA10000005002D5ADCA36A9BB1304600F0A7F820
:10FA2000A36A43B1226832B15169E06AA1EB0A01CD
:10FA300021EAE17198470123304684F8243000F030
:10FA400098F80023A37203B0BDE8F08F03F108011A
:10FA50009B68BEE7A8682B4600229A601A46DB68BE
:10FA6000002BFAD10A6005F108010546C4E72B6AAC
:10FA7000D5F808B013B105F124009847AA69002A07
:10FA80000BDB6B6913446B6100F056F829460246A4
:10FA90002046FFF716FF5D46B2E7E36873B1AB425D
:10FAA0000CD8236AAB4209D3AB7922690133DBB2AC
:10FAB00013FA02F214BFAB7185F806A005F1240118
:10FAC0002046FFF7C3FEE6E74FF0FF35304600F073
:10FAD0004EF823683BB15969A1EB0A0121EAE171B3
:10FAE0008D4228BF0D46304600F043F8294604F108
:10FAF000300000F04EF8A37A7BB1304600F037F8C2
:10FB0000A37A3BB100233046A37203B0BDE8F04FA7
:10FB100000F02FB8304600F02CF800F00DF8054644
:10FB20004CE740F8101C704740F80C1C704740F838
:10FB3000081C704701F058BD07B501F016FB70B105
:10FB4000084B6846196800F001FF4FF47A720023F1
:10FB5000DDE900010DF064FF03B05DF804FB02F085
:10FB600019FBF9E7A86D002400207047704701F0E9
:10FB700005BB01F019BB0000024908B502F0E0FA2C
:10FB8000002008BD3C94070802F0E6BA012102F00B
:10FB9000DDBA08B5012341EAE172194602F0F7FA2D
:10FBA000431E5842584108BD30B52A4C89B005461D
:10FBB0002378BFF35B8FDA0711D4204601F0CEFE25
:10FBC00068B1254A4FF440712448FFF76FFD204685
:10FBD00001F0E6FE224A2349204801F0AFFE224C04
:10FBE0002378BFF35B8FDB0713D4204601F0B6FE0A
:10FBF00078B14FF4006218211C4B1D480095E0F7C6
:10FC000049FD204601F0CCFE154A1A49184801F07A
:10FC100095FE174802F03CFC10F0EF0016D1164B91
:10FC2000154A0E49CDE90230034604A8EFF7D4F98E
:10FC300004A90F4802F0AAFC044604A8E0F723FD3B
:10FC400024B12F220D490E4801F0A0F9034809B054
:10FC500030BD00BF58680024B86800245C680024E8
:10FC600000000024DBF60508985F0024586000249B
:10FC70009C5F00243D250608A5F605085B9407084F
:10FC80007294070808B50248FFF78EFF08BD00BF51
:10FC90008194070870470000EFF3108372B6054A9D
:10FCA000117831B9DB43044903F001030B700123E0
:10FCB00013707047B96B0024B86B002408B5EFF3DC
:10FCC0001083DB4313F0010304D0362205490648B4
:10FCD00001F05CF9054A1370054B1B7803B162B65D
:10FCE00008BD00BFA9940708C5940708B96B002494
:10FCF000B86B0024014B1878704700BFB96B002423
:10FD0000094B30B51A46094CD3F89450A542FBD1A3
:10FD1000036829B181680B604FF44073536130BDB3
:10FD2000C1681B04F7E700BF0064025800030080AD
:10FD300070B50E46044615460AF01AF8013609D089
:10FD4000204600210AF038F829462046BDE87040D8
:10FD50000AF02EB870BD0022FFF7EABFFFF7E8BF38
:10FD600070B50E46044615460AF002F801360CD06E
:10FD700020462946FFF7C4FF01210AF01DF820465E
:10FD80000021BDE870400AF013B870BD0022FFF7F3
:10FD9000E7BFF8B5069F04460E461D4652B91A46FF
:10FDA000FFF7C6FF013616D039462046BDE8F840B9
:10FDB000FFF7A6BF09F0DCFF01360CD0204639461C
:10FDC000FFF79EFF012109F0F7FF29462046BDE815
:10FDD000F84009F0EDBFF8BD00487047E09407080F
:10FDE000024B1B680BB1024818477047640D002492
:10FDF000E09407081FB5431C10D105B05DF804FB63
:10FE000083420AD1896803900BF062F900210398BC
:10FE100005B05DF804EB0BF013BA0C31B1F900300A
:10FE20005A1CEDD10023024602490348009301F019
:10FE300045FB00BF0C95070830010180884207B5DB
:10FE400002460AD0431C08D0013105D000230549E1
:10FE50000548009301F032FB0146084603B05DF807
:10FE600004FB00BF1D95070830010180B1F9003087
:10FE70005A1C01D118467047834201D14868704727
:10FE80000C31F3E7421C13B504460AD0FFF7EEFF2E
:10FE9000431C06D10023224603490448009301F085
:10FEA0000DFB02B010BD00BF2E9507083001018088
:10FEB000B1F900305A1C01D118467047834201D174
:10FEC000886870470C31F3E72DE9F047466896F8EB
:10FED000327087BB03685B689847346A84422AD0D3
:10FEE0003369041B96F934201C40B3683062A4FBCC
:10FEF0000345CAB1736A14EB030845F10009002AEF
:10FF00001BDBC2F12001A2F1200328FA02F429FA36
:10FF100002F509FA01F129FA03F30C431C4304FA30
:10FF200002F2A8EB02027262D6E90A321B1945EB13
:10FF30000202C6E90A32BDE8F087D6F80CA03B46BB
:10FF40004046494652460DF0BBFD04460D460AFBAD
:10FF50001082E8E7824206D98A420BD9884294BFD0
:10FF6000002001207047884206D98A428CBF0020B9
:10FF70000120704701207047002070472DE9F347AA
:10FF800046680446376B27F07F4727F0FF07002FAE
:10FF900063D1FFF799FF7368002B61D0D3E90001AB
:10FFA000D6E90A238B4208BF824205D323685B69E6
:10FFB00002B0BDE8F04718476568D5E90A32D5F8C0
:10FFC00014A0B0EB030861EB0209D5E906234B4509
:10FFD00008BF424520D3EB6895F933C0A3FB080165
:10FFE00003FB0911BCF1000F13D0AA68531EC018FF
:10FFF00041F10001BCF1000F1CDBCCF12002ACF19F
:020000040806EC
:10000000200320FA0CF001FA02F221FA03F3104364
:100010001843824528BF82462A6A336A92442A6975
:100020000AEA0202934209D140F2C9121249134866
:1000300000F0ACFF3B460DF043FDEAE723681046B5
:1000400001921B69984723685B689847019A0146AB
:10005000306AFFF77FFF0028A8D102B0BDE8F08723
:100060007369306A32691844236810401B6902B012
:10007000BDE8F047184700BF639507087595070866
:10008000436893F830202DE9F3470646002A7FD1D4
:1000900093F83230002B7BD103681B689847336894
:1000A000DB69984703682BB91A463B493B480093E4
:1000B00001F004FA19463A4C2246B1FBF4F402FB73
:1000C00014141146002CF7D1354C01257768B4FB88
:1000D000F2F11F24B960013C03D305FA04FC614529
:1000E000F9D1B3FBF2F287F8334001231F24FA6001
:1000F00003FA04F5AA4201D0013CF9D287F8344052
:1001000043681D1F1C2D05D90023264926481A4681
:100110000093CDE7202B4FF0070418BF012004FA0D
:1001200005F40CBF4FF0FF3098404FEAE4794FF0F0
:1001300000037C6118BF00F1FF30A4FB01459A4623
:10014000386112F1FF3001FB095543F1FF312018EE
:1001500045EB01010DF0B4FC3368C7E906015B68AB
:10016000C7E900AA9847736838620021012200207D
:10017000C3F824A01A8683F832A0C3E90A013046E6
:10018000FFF7A2FE304602B0BDE8F047FFF7F6BE2B
:1001900002B0BDE8F08700BF999507080E01048002
:1001A00040420F00B2950708050104802DE9D003F5
:1001B00016461F4642680024059B8B605368C1E9C0
:1001C000006733B9CB606CB95160BDE8D003FFF76D
:1001D000D5BED3E900894F4508BF4645F2D31C463A
:1001E000DB68EEE7D2E90A23E160BB4208BFB24216
:1001F000EBD2BDE8D003704738B505460C46FFF793
:100200003FFF00F0BBFF6B681C60BDE8384000F0AA
:10021000CBBFF8B5054600F0B1FFD5E90034DB6887
:10022000984794F832301BB1BDE8F84000F0BCBFED
:10023000012384F831306368ABB12846FFF744FEF0
:100240006168D4E90A67D1E900239F4208BF96425A
:1002500009D36B685A68CB6863602368002BEAD0C7
:1002600090689847E7E70023284684F83130FFF785
:1002700085FED9E710B586B0CDE904210393089C2B
:10028000029000F07BFF0298FFF71EFE059902988E
:100290000094DDE90332FFF789FF06B0BDE81040A6
:1002A00000F082BF38B505460C4600F067FF6A686B
:1002B0005368A34209D1DB6828465360FFF75EFE0E
:1002C000BDE8384000F070BF1346002BF8D0DA6864
:1002D000A242F9D1E268DA60F2E738B50446FFF7E6
:1002E000CFFE00F04BFF2046FFF7EEFD6368D3E939
:1002F0000A4500F059FF2046294638BD70470000E6
:1003000000487047F0950708024B1B680BB1024884
:1003100018477047680D0024F095070808B5BFF32B
:100320005F8F164B1968080AC1F3072110F0FC0F04
:1003300004D13B221249134800F028FE0022104647
:100340005A608A4216D11022DA600F4A1A611322CB
:10035000DA600E4A1A611122DA600D4A1A610D4AFA
:10036000DA600D4A1A6107225A60BFF34F8FBFF35C
:100370006F8F08BD9A6001321861E2E790ED00E0EE
:10038000359607084496070839F002063907021324
:100390003FF50B131200008039000213B1F90C2055
:1003A000B1F904100BF060BC2DE9F74F3C4A3D4B0E
:1003B0008218DFF80091DFF8008141EB0303960F0C
:1003C000DFF8F8E046EA8306DFF8F4C083EA9373C7
:1003D0005640354A09FB06F4A6FB026702FB0343BD
:1003E000F40E1F4444EA471487EAD763744008FBBD
:1003F00004F50EFB0353A4FB0E451D44DCF804304A
:10040000E60F0193EF0FDCF8003046EA450684EA78
:10041000030A019B85EA030B86EA0A0487EA0B03B9
:10042000CCE90043214BC018214B43EB0101830F62
:1004300043EA810381EA9171584009FB00F9A0FB6E
:10044000023402FB01910C44D90E41EA441183EAC3
:10045000010284EAD46308FB02F80EFB0388A2FBC6
:100460000E234344D40F44EA430483EAD37184EA5D
:100470000200DCE902238B4282EA000583EA0104E0
:1004800008BF8242CCE9025406D15F4501BF564500
:1004900001220023CCE9002303B0BDE8F08F00BFA8
:1004A000157C4A7FB979379EB9E5E41C2AF894FE99
:1004B00072F36E3C6D4758BFBB49D094EB113113BA
:1004C000306C002470B5144CEBF72AFFEBF729FFD2
:1004D0000546EBF726FFD4E900236B404240C4E910
:1004E0000023EBF71EFF0546EBF71BFFD4E9026183
:1004F00080EA060285EA0103D4E90001C4E9022387
:100500008B4208BF824205D110461946BDE87040B3
:10051000FFF74ABF70BD00BF306C0024154BF0B52B
:10052000D3E90001D3E90276450A81EA06024C0AC2
:1005300080EA070C45EAC15544EAC054C0194FEAA5
:10054000823E85EA0C0584EA020446EB01014EEA8C
:100550009C4E85EA8C3584EA0E04C3E900544FEAC8
:100560001C7444EA0214120F42EA0C12C3E902425C
:10057000F0BD00BF306C002408B5FFF7CFFF084680
:1005800008BD0000024B1B6803B11847704700BF4D
:10059000406C002407B5019000F0F0FD019803B015
:1005A0005DF804FB07B5019000F0FEFD019803B073
:1005B0005DF804FB007B704738B50D4B0D460273A8
:1005C000044603600023C0E901310A48F9F724FF1B
:1005D00001F028FE55B1084B1A681C60626005489E
:1005E000F9F71AFF01F03CFE204638BD6560F6E7DA
:1005F00064960708486C0024446C0024144B10B522
:10060000036004461348F9F707FF01F00BFEA368E7
:100610002BB1114962680B68A34212D10A600F4BDB
:100620000C481A68A24204BF00221A60F9F7F4FECF
:1006300001F016FE237B13B9201F01F01DFC20469C
:1006400010BD19465B68A342FBD14A60E7E700BFD3
:1006500064960708486C0024446C0024706C0024E5
:1006600010B50446FFF7CAFF1021204601F0ECFB4D
:10067000204610BDF8B5064617480D46F9F7CCFEE2
:1006800001F0D0FD154B1C68A4B1A76887B13846AE
:1006900010F056FEA8420BD12A46314638460FF0DC
:1006A0006FFE28B90C48F9F7B7FE01F0D9FD11E04B
:1006B0006468E9E7072DF5D12A46314608480FF06E
:1006C0005FFE0028EED10448F9F7A6FE01F0C8FD50
:1006D000044B1C682046F8BD486C0024446C002480
:1006E00051960708706C00240020704703680122AF
:1006F00000211B6970B504469847051E0DDB236871
:100700000222002120461B69984706462368294695
:10071000354600221B6920469847284670BD0000D8
:1007200070B50E46002504460F49C0E90055304615
:1007300010F0C6FE29463044206023681A782F2A1C
:1007400007D10133236051B92A220849084800F033
:100750001DFC002AF7D0013301312360EDE7FFF7DC
:1007600089FF6060204670BDBC960708D8960708D0
:10077000E596070800687047406808B520B1FFF7A4
:1007800019FF431E5842584108BD10B50446FFF7F3
:10079000F3FF10B1606800B1043810BD406808B5BF
:1007A00020B1FFF707FFB0FA80F0400908BD10B58F
:1007B0000446FFF7F3FF10B1606800B1043810BDC4
:1007C0004068003818BF0120704700207047F8B516
:1007D0000D46036804468F182E461B6D9847BE428F
:1007E000236806D09B6C204616F8011B9847013001
:1007F000F5D1236820465B6D9847701BF8BDF8B5AE
:100800000D46036804468F182E461B6D9847BE425E
:10081000236807D0DB6C20469847431C02D006F8BB
:10082000010BF4E7236820465B6D9847701BF8BD09
:100830000020704700207047704700000F4B0022D7
:1008400013B5044640F8043BFFF7B6FE0C4B0D49C8
:1008500020462360603363600023636101F06AFB1C
:100860000346606128B9024600900749074800F036
:1008700025FE01F067F8204602B010BD7496070807
:100880006C970708EE960708F19607081901018092
:100890000A4B03F10802683310B504460260436056
:1008A00040690EF0ABFA064B20462360503340F807
:1008B000043FFFF7A3FE204610BD00BF6497070862
:1008C0000C97070810B50446FDF706FA094BA06916
:1008D0002360FFF702FD00220023C4E90C2300235C
:1008E000C4E90801C4E90A01C4E90E33204684F8CA
:1008F000403010BD2C9807084FF0FF3070470000C3
:1009000038B590F83F50044625B18E220849094871
:1009100000F03CFBFDF700FA94F84030A5872BB1BE
:1009200084F84050BDE8384000F01CBF38BD00BF1F
:10093000EE970708FB97070810B5044601F1300051
:1009400000F05CFBC4E90001204610BD10B5044670
:100950008869FFF7C2FCC4E90001204610BDD0E958
:100960000C32013342F10002C0E90C32D0E90A3204
:1009700013F57A7342F10002C0E90A327047D0E9F8
:100980000A2312F57A7243F10003FDF7BBB9F8B5FB
:100990000D4604468869FFF7A0FCD5E90A32C61A5D
:1009A00061EB0207002F08BFB6F57A7F05D200225F
:1009B0000023C4E900232046F8BD002F08BFB6F588
:1009C000FA6F01D20122F3E7002E4FF47A7230461B
:1009D00077F101034FF00003B4BF002139460DF059
:1009E0006FF8C4E90001E6E791F83F30F7B5054636
:1009F0000C4613B991F83C6026B1E5221149124822
:100A000000F0C4FA6846FFF7C2FF4FF47A71A6639C
:100A1000DDE90032A3FB016701FB0277D4E90A108C
:100A2000891947EB0000C4E90A10D4E90C105B18DF
:100A300040EB02022846C4E90C32C5E9003203B09B
:100A4000F0BD00BFEE970708059807082DE9F743AA
:100A5000994690F83F300446904623B158223149D8
:100A6000314800F093FA90F83C3063B9014668468B
:100A7000FFF7BAFFDDE900234B4508BF424505D328
:100A8000012384F83D3003B0BDE8F0832146684679
:100A9000FFF752FF009B4FF47A71B8EB0306019BFE
:100AA00069EB0307A8FB012301FB0933D4E90851D3
:100AB000551994F8402043EB01080123A38762B93C
:100AC000A269126892F8202032BB84F8403000F00E
:100AD00033FE002F08BF052E0DD2002384F83E30D0
:100AE00094F8403023B9012384F8403000F024FE0C
:100AF0002A4643460AE094F84030002BEDD101230A
:100B0000B5F57A6284F83E3048F1FF33204603B0F1
:100B1000BDE8F043FDF7F6B8002F08BF052EDCD383
:100B2000EDE700BFEE970708FB970708024B4FF071
:100B300080625A60704700BF00ED00E008B50121F7
:100B4000383000F049FA08B1FFF7F0FF08BD012383
:100B500010B580F83F300446836B0BB1FFF7E6FF1A
:100B60002046FFF70CFF10BD90F83C3010B504464E
:100B70004BB1002380F83C3090F83E3013B901238C
:100B800080F83D3010BD90F83F30002BFAD0836BD9
:100B900001338363FFF7CAFF2046FFF7E0FE2046DC
:100BA000FFF7EDFEEEE70000024B4FF000725A60D7
:100BB000704700BF00ED00E010B50446FDF7ACF84B
:100BC000002384F83F30FFF7EFFF10BD102300F043
:100BD00007B8202300F004B8302300F001B8402308
:100BE0009C46F0B404AE7546E80801D3EFF30986DD
:100BF0000E4F0FCE0FC70FBC0FC740464946524697
:100C00005B460FC71DCE3100A60A00D304316E0922
:100C100000D248311FC7EFF309806946EFF314860D
:100C200063C76046014900F079F800BFA4180124A9
:100C3000F0B52C4E85B000242B4F354621460134AB
:100C400056F8042B384600F07DFA0D2CF6D1AB6C2B
:100C5000264C02936B6C264801932B6C0093696BB6
:100C6000D5E90E2300F06EFA2168224800F06AFAF6
:100C7000E16AA26AA36AA06AD2B2266BC3F3072311
:100C8000E76B000CCDE9016700901B4800F05AFAB1
:100C9000A36A1E0603D5616B184800F053FAA36AD5
:100CA000180403D5A16B164800F04CFAEB6C190739
:100CB00012D5144800F046FA2B6DDA070FD512480A
:100CC00000F040FAEB6C5B074CBF1048104805B0D1
:100CD000BDE8F04000F036BA0E4800F033FA0E4896
:100CE000EEE700BFA41801243098070800ED00E0EB
:100CF0003E9807088D9807089B980708EA98070808
:100D0000F8980708069907081599070845990708EC
:100D100051990708359907082299070807B504462D
:100D20000D461A48012100F060F968BB184800F030
:100D300009FA302C19D0402C1CD0202C1FD1154C76
:100D4000154800F0FFF9154800F0FCF9FFF770FFB7
:100D5000134800F0F7F90D4B00221A7000232A46C1
:100D600010492046009300F0A9FB0F480F4C00F0FB
:100D7000E9F9E8E70E480F4C00F0E4F9E3E70E4824
:100D80000E4C00F0DFF9DEE70024E7E7F818012455
:100D90005D9907083E01FF8086990708B399070807
:100DA000BE990708DD990708959907083F01FF805C
:100DB0009E9907084001FF80A99907083D01FF801F
:100DC0002DE9F0410C467746154600F0EDFBE4B105
:100DD00054F8088CDDB128460EF0B8FF064648B13D
:100DE000A8454246214628BF2A460FF0FBFA204676
:100DF0000EF0B4FF3B462A462146304600F08CFBFD
:100E000000F0E2FB3046BDE8F081A046E2E72E4666
:100E1000F0E7F7B50D461646774600F0C5FB06FB32
:100E200005F2104601920EF091FF044618B1019AA6
:100E300000210FF0D5FB3B4632462946204600F004
:100E400083FB00F0C1FB204603B0F0BDF8B50D46B2
:100E50001646074600F0A8FB2048F9F7DDFA204CBB
:100E600001F0E0F915F1090F32D805F10801384613
:100E70000EF07CFF60B3A26800F10807194B2A440A
:100E800005604360A2602269236801322B4422611D
:100E900062682360934250F8042C88BF6360031F8C
:100EA000002AB8BF9B18A2691B68521B23F00103DC
:100EB0001344A3610948F9F7AFFA01F0D1F93246BA
:100EC0002946384600F014FB00F07EFB3846F8BD9A
:100ED0006369002701336361ECE700BF906C002475
:100EE000746C0024EFBEADDE00B572465DF804EB15
:100EF000FFF7ACBF70B50C460546164600F054FB34
:100F00001C48F9F789FA01F08DF91CB354F8042C48
:100F1000194B9A422BD154F80C2CA4F10C0354F821
:100F2000081C002AB8BF9B181A68002344F8043C28
:100F300022F00102114B1868401A18601869013834
:100F4000186198690144891A9961A4F10801284639
:100F50000EF0E2F90748F9F75FFA01F081F931463E
:100F6000204600F009FBBDE8704000F02DBB214693
:100F7000EDE700BF906C0024EFBEADDE746C002482
:100F800000B572465DF804EBFFF7B4BF07B50B463A
:100F9000009201460022014800F090FA4401FF80CF
:100FA00003460122D3E84F0FC3E8412FC0B2002906
:100FB000F8D17047D0E85F3F5B18C0E8523F002A85
:100FC000F8D198B27047D0E85F3F5B1AC0E8523F53
:100FD000002AF8D198B27047034653E8000F401A30
:100FE00043E80002002AF8D170470346D3E84F0FC8
:100FF000C3E8421FC0B2002AF8D1704738B5044692
:1010000000F0BCF8D4E9004500F0CEF820462946AF
:1010100038BD0000254C264D264680B588B000F02E
:10102000ADF87B2101A8FEF7B1FE0427DFF884802C
:10103000D4F89430AB42FBD1039B4046019A1A602E
:101040004FF44073636101F04DF8D6F89430AB4231
:10105000FBD1019B4046049A1B0413604FF440737C
:10106000736101F03FF8013FE2D10427DFF84880C7
:10107000D4F89430AB42FBD1039B4046019A1A60EE
:101080004FF44073636101F02DF8D6F89430AB4211
:10109000FBD1019B4046049A1B0413604FF440733C
:1010A000736101F01FF8013FE2D1BEE7006402580E
:1010B00000030080F0490200801A060073B5002288
:1010C00001460446022000F0E7FC0D2600F056F829
:1010D0000022254614F8013B1BB900F065F802B068
:1010E00070BD0A2B09D10D2A07D001220DF107018D
:1010F00002208DF8076000F0CFFC01222946022073
:1011000000F0CAFC14F8012CE3E7000000B5A3B01E
:1011100002460B46842101A813F0E4FD832806D97A
:10112000074B1A681B79CDF883208DF8873000288B
:1011300002DD01A8FFF7C2FF23B05DF804FB00BF8A
:10114000ED9907080FB407B504A951F8040B0191F4
:10115000FFF7DCFF03B05DF804EB04B07047EFF37A
:101160001080C04300F001007047EFF305800038A5
:1011700018BF01207047FEF7BDBD000008B5FEF79F
:101180008BFD064A1368591C04D13F2204490548C7
:10119000FFF7FCFE0133136008BD00BFB86C0024EC
:1011A0000C9A07081C9A0708044A136823B1013BEC
:1011B00013600BB9FEF782BD704700BFB86C002406
:1011C00008B50B48FFF7ECFE28B1FFF7D7FFBFF3D8
:1011D0004F8F20BFFDE7FFF7C8FF08B1FFF71AFFE9
:1011E000FFF7BDFF0028F9D0012000F0BDFD00BFD2
:1011F000F86C00242DE9F0414B4C0E4698B0804627
:10120000216817464948C1F34173032BC1F30743D3
:101210000CBF4D428DB22A46FFF794FF6FF49873CE
:101220001D44132D0FD8DFE805F00A6265686B7165
:101230006E740E0E0E0E0E0E0E0E0E0E0E77A168B2
:101240003B48FFF77FFF4046FFF738FF61683948AA
:10125000FFF778FF4EB13848FFF730FF3046FFF711
:101260002DFF39463548FFF76DFFA1683448FFF779
:1012700069FF2368334A1A44012A05D9324A934246
:1012800002D0033A93424BD1A06820B1C06C80F0E9
:101290000800C0F3C000E368002B43D059682B4A14
:1012A000002908BF1146E269294D0392A269029202
:1012B0006269019222690092264A002818BF2A46D4
:1012C0002548FFF73FFF04A800F0DEFE079B2168DA
:1012D00001939DF8183021480093DDE90423FFF7BE
:1012E00031FF1F48FFF72EFF18B0BDE8F081A1685D
:1012F0001C48A6E7A1681C48A3E7A1681B48A0E713
:10130000A1681B489DE7A1681A489AE7A1681A4896
:1013100097E7A168194894E71948FFF713FF92E788
:101320000020B8E70949BEE7FC6C0024629A070870
:10133000B39A07085B9B07086C9B0708749B070818
:10134000789B0708C2FE007F4001FF804D9A070886
:10135000579A0708DC9907088C9B0708E59B070844
:10136000529C0708C99A0708D99A0708E89A0708FB
:10137000FB9A07080F9B0708239B0708329B070867
:10138000489B070870470000F0B5294D8FB00E4606
:10139000174635EA200528BF05463022002102A85D
:1013A0000FF01EF9234B01AC01952B440396012B42
:1013B00005D9214B9D4202D0033B9D4232D1F36BB4
:1013C0000293736B08931D4B5B69DA6B0493059270
:1013D0005A6B1B6B06920793FFF7D0FE184A1368EF
:1013E0000133012B136009D12646164D0FCE0FC5D0
:1013F0000FCE0FC50FCE0FC533682B60124D0FCC2B
:101400000FC50FCC0FC50FCC0FC52368A5F1300059
:101410002B600E4B1B6843B19847FFF7C5FE0020B9
:101420000FB0F0BD02970894CDE7FFF7ABFFF4E7EC
:101430000101FF80C2FE007F4001FF803C0C0024C0
:10144000BC6C0024C46C0024FC6C0024C06C002420
:101450000FB41FB501210D48CDF804E0FFF7C5FD1D
:10146000019A044680B901460948FFF78DFF2246DC
:1014700021460848FFF7BEFE07A906980391FFF72B
:1014800045FE0548FFF71AFEFFF79AFEF8180124FB
:101490000001FF806C9C0708DB990708002070475B
:1014A000014B1878C0B27047F818012400B51146F6
:1014B00072465DF804EBFFF767BF000080B5064693
:1014C0000C460A480121F04617461D46FFF78DFDE0
:1014D00048B9424639463046FFF756FF029A294638
:1014E0002046FFF787FEFFF76BFE00BFF8180124C8
:1014F00038B50B46064904460D6835B105490978EB
:10150000012902D801460020A847204638BD00BF67
:10151000306D00245C6D002437B5044610461A4631
:10152000074B1D6845B1074B1B78012B04D80B46B0
:10153000009021460120A847204603B030BD00BFDF
:10154000306D00245C6D002437B5044610461A4601
:10155000074B1D6845B1074B1B78012B04D80B4680
:10156000009021460220A847204603B030BD00BFAE
:10157000306D00245C6D00240A460949034610B40E
:101580000C684CB107490978012905D8A446002107
:1015900003205DF8044B60475DF8044B704700BFC3
:1015A000306D00245C6D002408B50548F8F734FF61
:1015B00000F038FE034A13780133137008BD00BFF2
:1015C000346D00245C6D0024054A064808B5137884
:1015D000013B1370F8F720FFBDE8084000F040BE63
:1015E0005C6D0024346D002438B5064C23683BB98B
:1015F000054DFEF7F1FB01462846FFF763F925602C
:10160000206838BDA86D0024606D002408B583688B
:1016100023B9054B1B6893F83D0008BDC068984787
:101620000028F6D0F9E700BFA86D0024F7B50446FE
:101630004FF0FF366FF00047164D2046FFF7E6FFEC
:1016400030BBD4E90023BB4208BFB24202D02868B5
:10165000FFF7FCF901A8FEF79DFF2046FFF7D6FF34
:1016600098B9D4E90023BB4208BFB24207D100F0C9
:101670009DF801A8FEF796FFBFF36F8FDDE72B689B
:1016800093F83C30002BF2D1F3E701A8FEF78AFF74
:1016900003B0F0BDA86D002430B587B00D4D0446F1
:1016A000CDE902230A9B04930B9B0593FFF79CFF54
:1016B00002A8FFF7BBFF2868FFF722F968462968F0
:1016C000FFF792F92046DDE90023C4E9002307B0C3
:1016D00030BD00BFA86D00242DE9F0410E4D86B04D
:1016E00006460F4604A829689046FFF725F92B689F
:1016F000DDE904019B6BC41A02A861EBE375A21932
:10170000CDE9007845F10003FFF7C6FF0298001B02
:1017100006B0BDE8F08100BFA86D002410B5054CEF
:10172000236813B9FEF758FB20602068BDE810401D
:10173000FEF7D3BDB86D002413B5074C0121204638
:10174000FFF738FC034628B9009022880349044873
:10175000FFF7B4FE02B010BDAC6D0024819C0708F9
:101760002301048013B5094C01212046FFF72BFC0F
:101770004FF6FF73984206D100232288044905489A
:101780000093FFF79BFE02B010BD00BFAC6D0024BC
:10179000A39C070824010480034B188880B2B0FA88
:1017A00080F04009704700BFAC6D0024F8B5FFF72A
:1017B000E5FCFFF7B3FF06460F46FFF7EDFF0446D3
:1017C000A0B10AF0F9FBFFF7A9FF05468CB10F485D
:1017D000D0E90043A21B63EB0707521947EB010155
:1017E000C0E90021BDE8F840FFF7DEBC0AF0D2FBFB
:1017F000E9E7074CD4E90020931B60EB07005B1975
:1018000040EB0101C4E90031ECE700BFB06D0024FA
:10181000C06D00246FF01C0070476FF0150070471A
:10182000012070470020704770470000034B186884
:1018300018B14FF0FF31ECF73DB97047A87D002497
:10184000024B186808B1ECF74DB97047A87D002429
:10185000F8B515460C468F18054EBC4205D014F855
:10186000011B304607F0A0FDF7E72846F8BD00BF92
:10187000641F012438B511F001048DB205D0084869
:101880000AF0A6F8041E18BF0124EB0605D504488B
:101890000AF0AEF808B144F01004204638BD00BF8D
:1018A000641F012410B50C462AB1044807F048FD16
:1018B0002070012010BD1046FCE700BF641F01240A
:1018C00038B5084B044615460360074B1B6833B90F
:1018D0000648FEF763FD294604480AF0DFF8204673
:1018E00038BD00BFEC9D0708447D0024641F01241F
:1018F0000020704700207047002307B51A460249B0
:1019000002480093FFF7DAFDC19C07082901018016
:10191000074A084913681844884283BF064B0C22C3
:101920004FF0FF3010608CBF1A601846704700BF40
:101930006C0E002400FC0724F01F012401207047D6
:101940000120704700210EF05BBF08B5EDF7D2F81B
:1019500008BD08B5EDF7D6F808BD000010B504467F
:10196000037803F00303012B08D0FFF75FFF237810
:1019700003F00302012A03D1FFF762FF00200AE00F
:101980002AB14FF4D46204490448FFF7FFFA43F048
:1019900002032370012010BDE59C0708F79C07088F
:1019A00008B5037803F00302022A05D040F2A962C9
:1019B00006490748FFF7EAFA23F0030343F001035F
:1019C0000370BDE80840FFF73BBF00BFE59C070878
:1019D000159D07083F2870B504462EDC184D55F8B4
:1019E00020305A1C13D1022811DCFFF783FF034675
:1019F00058B92046FFF77CFF034630B9114E3378C3
:101A0000BFF35B8FDB0704D50F4B45F82430184636
:101A100070BD3046FFF7A2FF0028F5D04FF4E13249
:101A20000A490948FFF74CFF3046FFF7B9FF084A5B
:101A300008490548FFF782FFE6E70023E7E700BF14
:101A40006C0D0024C86D0024746E0024349E0708B9
:101A5000000000242918060838B505460024FFF7C1
:101A6000B9FF0B4B43F8254030B90DF059F9092364
:101A700003604FF0FF3038BD03685B699847051E6F
:101A800004DA6D420DF04CF90560F2E72046F2E70A
:101A90006C0D0024FFF7E0BF13B5CDE90021FFF77F
:101AA00099FFDDE9002140B90DF03AF909230360FF
:101AB0004FF0FF34204602B010BD0368DB68984742
:101AC000041EF7DA64420DF02BF90460F0E713B559
:101AD000CDE90021FFF77EFFDDE9002140B90DF0DF
:101AE0001FF9092303604FF0FF34204602B010BDF8
:101AF00003689B689847041EF7DA64420DF010F9FA
:101B00000460F0E710B5FFF765FF044628B90DF053
:101B100007F909230360204610BD0368DB69984775
:101B2000041EF8DA64420DF0FBF804600024F2E7CA
:101B3000402337B50546CDF8010068468DF80030E2
:101B40000DF092FB044630B12846FFF7DBFF10B1E1
:101B50002046FFF7F7FE204603B030BD2DE9F04FD9
:101B600085B006460F469046FFF7FFFA054630B1AE
:101B7000002332462C492D480093FFF79FFCFFF7C6
:101B8000EEFA0028F4D0B8F1000F09DA0DF0C8F829
:101B9000162303604FF0FF34204605B0BDE8F08FF8
:101BA0003046FFF7AFFF044658B3214A2C46DFF812
:101BB00084A04FF00D0B935D9146A84521DD7A5D21
:101BC0000A2A1BD10D2B039318D0AC420CDA2A1B26
:101BD00039193046FFF760FF0028039BDADB044425
:101BE000A542D9DC09F80630012251463046FFF7FC
:101BF00053FF0028CEDBCFD009F806B07B5D01355E
:101C0000DBE7A045C8DDA8EB040239193046FFF731
:101C100043FF0028BEDB24181FBF3F19044B17F8F1
:101C2000012C9A55B8E700BF4C9D07082F01018091
:101C30000C6E0024869D0708FFF764BF7FB504463D
:101C40000D461646FFF791FA30B1002322461D4992
:101C50001D480093FFF732FCFFF781FA0028F4D00B
:101C6000002E06DA0DF05CF8162303604FF0FF300B
:101C700018E02046FFF746FFE8B1144E01220DF1AF
:101C80000F012046FFF723FF0028EFDB0AD09DF865
:101C90000F300D2B08D1325D0A2A3355EED00A23BE
:101CA00001202B7004B070BD0A2B02D1325D0D2AC9
:101CB000F3E73355F4E7324629462046FFF707FF9E
:101CC000F0E700BF889D07082F010180CC6D00243C
:101CD00013B5CDE90021FFF77DFEDDE9002140B914
:101CE0000DF01EF8092303604FF0FF34204602B0C8
:101CF00010BD03681B699847041EF7DA64420DF0B3
:101D00000FF80460F0E7FFF7E3BF10B5FFF762FEDE
:101D100030B90DF005F8092303604FF0FF3010BD16
:101D200003689B699847041E04DA64420CF0F8FFCC
:101D30000460F2E70020F2E70A4D044608B52B687C
:101D400098680DF03BF92B68D8680DF037F9012041
:101D5000FFF7DBFF0220FFF7D8FF0CB1FFF75AF9BE
:101D6000FEE700BF8C0E002408B5FFF7E5FF38B58D
:101D70000D46FFF72FFE044630B90CF0D1FF0923C2
:101D800003604FF0FF3038BD0368DB6998470028D7
:101D9000204614BF4FF400534FF400436B60236898
:101DA0009B6A984728610020EDE7FFF7E0BF00003D
:101DB00008B5037803F00302022A05D040F2B262AC
:101DC00005490648FFF7E2F823F002030370BDE877
:101DD0000840FFF735BD00BFE59C0708159D0708C3
:101DE000084B724613B5014604461868FFF72EF8F3
:101DF000034628B90090224603490448FFF75EFBDA
:101E000002B010BD8C0E0024C49D07081F01018084
:101E1000FFF7E6BF044B72460146186800B55DF84F
:101E200004EBFFF713B800BF8C0E0024FFF7F2BFDE
:101E3000044B72460146186800B55DF804EBFFF7E5
:101E400059B800BF8C0E0024044B72460146186836
:101E500000B55DF804EBFFF74DB800BF8C0E002411
:101E600010B504460421FFF7EFFF204610BDFFF731
:101E7000DFBFFFF7E9BF000010B504460B48F8F7D5
:101E8000CBFA00F0CFF90A4A4023002152F8040BA4
:101E9000A04208BF42F8041C013BF7D10348F8F701
:101EA000BBFABDE8104000F0DBB900BF4C6E002467
:101EB0006C0D002410B512480324F8F7ADFA00F0B9
:101EC000B1F9104B53F824207AB10134402CF9D1E8
:101ED0000CF026FF18234FF0FF3403600848F8F792
:101EE0009BFA00F0BDF9204610BD4FF0FF320448C8
:101EF00043F82420F8F790FA00F0B2F9F3E700BFB6
:101F00004C6E00246C0D002410B50446FFF7D2FF80
:101F1000002807DB044B054A43F8204000231354F4
:101F2000034A135410BD00BF6C0D0024CC6D002477
:101F30000C6E002473B506460191FFF7E5FF051E00
:101F400013DB0199FFF7F4FD044630B9084B53F851
:101F50002520964204D143F82500204602B070BDEA
:101F60000CF0DEFE09230360F7E70024F5E700BF6D
:101F70006C0D00240EB42DE9F04187B00190FFF7FD
:101F800099FF041E13DB0023019904A8214E03933B
:101F9000FEF7C6FB04A8FEF713FC054668B90CF073
:101FA000BFFE1323036046F824504FF0FF34204651
:101FB00007B0BDE8F04103B0704704A8FEF7EEFBA0
:101FC000074604A85FB1FEF7F2FB0390039B124A99
:101FD00046F8243000231355104A1355E7E7FEF75F
:101FE000D4FB05460028DAD0036804A8D3F808809B
:101FF000FEF7C0FB0D9B024603A92846C0470546D5
:102000000028E3D06D420CF08BFE056046F824708A
:10201000CBE700BF6C0D0024CC6D00240C6E0024B7
:1020200070B50E46154905460EF0AEFD044618B9CA
:10203000FFF7D0FC204670BD114928460EF0A4FDE4
:1020400020B901200124FFF7C5FCF3E70D4928461C
:102050000EF09AFD20B902200224FFF7BBFCE9E74D
:102060002B78402B02D1D5F80140E3E726F48031EC
:102070002846BDE87040FFF77DBF00BF549E0708AB
:102080005B9E07084C9E070810B5044620B99022B5
:1020900010491148FEF77AFF4C22002104300EF05F
:1020A0009FFA4FF204134FF000614FF0105223607B
:1020B0004FF4002321634FF4001123626362074B46
:1020C0002261216462611B68636002232372044BF6
:1020D000E36010BD7D9E07088A9E070800ED00E0C2
:1020E00058600100034B596A5A6A521A8242FBD364
:1020F000704700BF000C00401FB500230446CDE927
:102100000013031D6846029310230393EAF7C4FCEF
:10211000206020B9352203490348FEF737FF04B099
:1021200010BD00BFAE9E0708BD9E070810B504464F
:102130000249FFF7E1FF204610BD00BFC19E07081E
:1021400010B50446FFF7D8FF204610BD0068EAF737
:10215000BBBC0068EAF7E6BC10B504460068EAF7C5
:1021600021FD204610BD10B49DF804400CB942F08A
:10217000020200685DF8044BEAF7EABC07B5009379
:1021800013460022FFF7EFFF03B05DF804FBFFF7F3
:10219000F5BF000013B5FEF7F1FFEAF74DFF094B5D
:1021A00004461A6818608242074A82BF11680131EA
:1021B000116011680191FEF7F7FF2046019902B006
:1021C00010BD00BF846E0024806E00241FB5002364
:1021D000044603620C4B002908BF1946031D6846DC
:1021E00002931C23009103930B230193EBF74AFC0A
:1021F000206038B9FFF754F920B93D22034904485B
:10220000FEF7C4FE04B010BDE19E0708119F070849
:102210001B9F070810B504460021FFF7D7FF204693
:1022200010BD000037B504464FF0FF310068EBF7F2
:1022300041FC054620B9236A0133236203B030BD57
:10224000FFF72EF903460028F8D12A460249034831
:102250000093FFF733F900BF3F9F07081501028085
:10226000036A013B13B503620068EBF73BFC0446CD
:1022700048B1FFF715F9034628B9009022460349F3
:102280000348FFF71BF902B010BD00BF519F0708BC
:102290001701028010B504460068EBF73BFC2046AE
:1022A00010BD00001FB50446002310466A46CDE964
:1022B0000033231D029310230393EBF759FD206095
:1022C00020B9372202490348FEF760FE04B010BD72
:1022D0007B9F0708899F070810B504464FF6FF72D9
:1022E000FFF7E0FF204610BD07B54FF0FF31006853
:1022F000EBF756FD024628B1002304490448009339
:10230000FFF7DCF803B05DF804FB00BF989F0708F7
:102310001401028013B500680C46EBF741FD02463C
:1023200070B1C11C4FF0000006D15CB100900023D9
:1023300005490648FFF7C2F8931CF7D102B010BD5B
:102340000120FBE72046F9E7989F07081401028067
:102350000068EBF74DBD10B504460068EBF776FD5D
:10236000204610BD08B538B1EAF72AFA20B1E322B9
:1023700002490348FEF70AFE08BD00BFC79F0708D1
:1023800072940708ECF76EBA2DE9F047DDE90857BB
:10239000994604466B07884692464FF0000118BFE5
:1023A00025F007064FF0440200F178000CBF2E46DE
:1023B00008360EF015F9B5FA85F300214D442022B8
:1023C0005B0904F11C006161AD1B84F83C3084F8AA
:1023D0003D1025F007050EF003F9064BC4F830A0B8
:1023E000002F08BF1F46E562A662A761C4F83480CB
:1023F000BDE8F0875BA0070813B5049CCDE9003465
:1024000013460A460021FFF7BFFF02B010BD70B5AA
:1024100000F1540504462846FFF704FF04F140008C
:102420006669FFF795FF0023636194F83D302BB197
:1024300000242846FFF714FF204670BD012384F8CE
:102440003D30002EF4D03046ECF722FA0446F0E797
:1024500037B500F1400504462846FFF745FF04F173
:1024600054000190FFF7DEFE6469019824B19222C6
:1024700005490648FEF78AFDFFF7F2FE2846FFF7FA
:1024800067FF204603B030BD8CA0070897A007085F
:1024900013B5044654300190FFF7C4FE63690198F8
:1024A0009BB194F87940FFF7DBFE432C27D015D879
:1024B000132C26D00BD8012C04D0022C02D0002CD7
:1024C00018BF1024204602B010BD0424EBE7232CD3
:1024D00019D0332C14BF10240524F3E7732C14D027
:1024E00006D8532C13D0632C14BF10240824E9E71A
:1024F000832C0ED0932C14BF10240B24E2E7062467
:10250000E0E70324DEE70424DCE70924DAE7072414
:10251000D8E70A24D6E713B5044654300190FFF7F4
:1025200081FE636901983BB19C6B1B6BE41AFFF75A
:1025300097FE204602B010BD1C46F8E70D4B10B5C3
:1025400004460360FFF763FF94F83C302BB1A06AA8
:1025500008B1FFF78CFC0023A36204F15400FFF7DD
:1025600099FE04F14000FFF7F6FE201DDEF78BF820
:10257000204610BDB0A0070810B50446FFF7DEFFE7
:10258000BC212046FFF760FC204610BD70B500F16D
:10259000540504460E462846FFF744FE636913B906
:1025A00094F83D302BB12846FFF75AFE6FF0030038
:1025B00070BDA36A53B100232349E26AB3EB920FC3
:1025C00018D2A26A42F823100133F6E7E06A1F4BE3
:1025D0001F49984294BF20F003004FF0FF30FFF7EF
:1025E00025FCA0620028E6D12846FFF739FE6FF0EF
:1025F0000400DDE744233146201D636204F17803C3
:102600002362E9F7A1FB04F1180221461148ECF717
:10261000FDF8606190B994F83C302BB1A06A08B124
:10262000FFF725FC0023A3622846FFF719FE04F1FB
:102630004000FFF78DFE6FF00200B9E72846FFF774
:102640000FFE0020B4E700BFA52E5AE2FBFFFF7F7C
:10265000E0AE07085926060810B504460430ECF72A
:10266000F8FB04F15400FFF7DDFD002304F1400006
:102670006361012384F83D30BDE81040FFF768BE78
:1026800008B51420FFF7C4FB4FF6FF71831E00F15D
:10269000120223F8021F9342FBD1014B186008BDC0
:1026A000886E00247047000010B5032000F0B8F8D1
:1026B00003F08EFE0F49104A8B69C3F30323D35CEA
:1026C00003F01F03D8408B6903F00F03D35C0B4A60
:1026D00003F01F0320FA03F31360094B18600F2067
:1026E00007F088FB044618B9FFF7DCFF204610BD51
:1026F0000124FBE70044025806A107087C0E0024D1
:10270000780E002438B5044607F07AFB0546631CB2
:102710001EBF044B1B78E41807F072FB431BA34257
:10272000FAD338BD700E0024014B1868000C7047B6
:102730000010005C014B1868704700BF00E8F11FF3
:10274000014B1868704700BF04E8F11F014B18687F
:10275000704700BF08E8F11F034A536823F4600381
:1027600018435060704700BF00040058024A136AC3
:1027700043F00103136270470004005830B5CC03E6
:102780000DD5430900F01F05012403F1B063AC40EF
:1027900008331B011D68A2B925EA04041C608B03E1
:1027A0000ED500F01F014009012300018B4000F10C
:1027B000B04042B9D0F8842022EA0303C0F8843044
:1027C00030BD2C43EAE7D0F884201343F6E730B558
:1027D000CC030DD5430900F01F05012403F1B063BC
:1027E000AC400C331B011D68A2B925EA04041C602F
:1027F0008B030ED500F01F014009012300018B401F
:1028000000F1B04042B9D0F8C42022EA0303C0F876
:10281000C43030BD2C43EAE7D0F8C4201343F6E7B8
:1028200007490302CA6803F4E06322F4E062120479
:10283000120C134343F0BF6343F40033CB60704783
:1028400000ED00E0164B30B5DC68C4F30224C4F19F
:102850000705231D042D28BF0425062B4FF0FF3349
:102860008CBF033C002403FA05F5002803FA04F3A7
:1028700021EA050122EA030201FA04F141EA020316
:102880004FEA0313DBB206DB00F1604000F5614064
:1028900080F8003330BD00F00F00024A1354F9E70E
:1028A00000ED00E014ED00E0002808DB0123420900
:1028B00000F01F0003FA00F0014B43F822007047BC
:1028C00000E100E000280DDB4309012200F01F00B9
:1028D000203302FA00F0044A42F82300BFF34F8F7E
:1028E000BFF36F8F704700BF00E100E0BFF35F8F61
:1028F000044A536A23F4803353620022024B5A6025
:10290000704700BF00ED00E090ED00E0064A40F0A7
:102910000100064B5860536A43F480335362BFF39F
:102920004F8FBFF36F8F704700ED00E090ED00E038
:102930004378124A10B593600178D9B14368D360E7
:10294000C37A047B1B0643EA04730B43817A43EA90
:10295000C143417B43EA8143817B43EA4143C17BDD
:1029600043EA0143417A43EA0123017A43EA4103FE
:10297000136110BDD1601161FBE700BF90ED00E075
:10298000044B1B68C3F30313072B0CBF0320012068
:10299000704700BF00ED00E010B528B190F8353069
:1029A000022B03D08023436501207FE00368504A57
:1029B000934252D04F498B424FD018318B424CD06A
:1029C00018318B4249D018318B4246D018318B4296
:1029D00043D018318B4240D018318B423DD001F5A5
:1029E00056718B4239D018318B4236D018318B4218
:1029F00033D018318B4230D018318B422DD0183162
:102A00008B422AD018318B4227D018318B4224D0E8
:102A10001A6822F00E021A601A6822F001021A6087
:102A2000354A934243D1026E136823F480731360D6
:102A3000D0E9161303F01F02012393404B60D0E945
:102A400019325A60C36E002B46D01A6822F4807285
:102A50001A60D0E91C325A603EE00421934280F8AB
:102A600035101ED0234A93421BD01832934218D0FF
:102A70001832934215D01832934212D01832934232
:102A80000FD0183293420CD01832934209D002F57D
:102A90005672934205D01832934202D018329342B4
:102AA000FFD01A6822F001021A60002010BD134AFC
:102AB0009342B8D014329342B5D014329342B2D07C
:102AC00014329342AFD014329342ACD014329342BA
:102AD000A9D014329342A6D00123002480F83530C7
:102AE000036D80F834400BB19847DEE71846DDE708
:102AF0001000024028000240085402581C5402589A
:102B000090F8350070478B680A682DE9F04F1A433A
:102B10000B7C85B091F804A0002B91F80C9091F8F3
:102B20000D800CBF4FF40023002391F80EE00193B9
:102B30004B7C91F80FC0002B8E7C0D7F0CBF4FF4A7
:102B40000033002391F81DB002934B691A438B693F
:102B500013438A7F002ACA7F039208BF4FF480671D
:102B600091F8202018BF0027002A026810680CBFC7
:102B70004FF4807400240090486A0343C86A0343FA
:102B8000009820F07F4020F47B0020F4FE4020F0ED
:102B90007C000343039843EACA6343EAC95343EA08
:102BA000885343EA4E5343EA0C5343EA064343EA4D
:102BB000053343EACB2391F828B043EA4023019838
:102BC00043EA0B130343029803433B431C43146043
:102BD000CE6B91F8323091F83870002B536891F831
:102BE000305023F07C5391F831400CBF4FF48030CB
:102BF000002023F4EF2323F4FF6323F0070343EAC9
:102C000046634E6B33438E6C43EA076343EA854366
:102C10000D6D43EA44430343486C5360D36823F487
:102C2000877323F00103034391F8400043EA002334
:102C3000D36091F84C3091F85440002B136F23F07F
:102C4000F2030CBF802000201B041B0C43EA064348
:102C50002B43CD6D43EA440303431367D2F890003E
:102C600091F8563020F00300034391F8550043EAF1
:102C70004003886DC2F89030D2F8003D23F0720313
:102C80000343C2F8003D91F8603091F86140002B99
:102C9000D2F8303D91F8621023F07B030CBF402046
:102CA00000202B4343EA041343EAC1030343C2F861
:102CB000303D05B0BDE8F08F026802F58050036832
:102CC00023F4F04330B523F002030C68234341F2B0
:102CD000040403600B7B10590D79DB0320F4504092
:102CE00043EA05338D6820F001002B430343135161
:102CF00002F58854487B0B6A256843EA0043104874
:102D000028400343236041F204144B7F087D1B03DA
:102D1000155943EA0013086903430A48284003434E
:102D2000135141F208140D7F10598B6920F00041B6
:102D300043EAC57321F47C110B43135130BD00BF2E
:102D400000C0FEFFEFEFC0FF2DE9F04FD0F840E0EC
:102D500085B000EB8E0302929A69D468002C03DAE6
:102D6000022005B0BDE8F08F5B6C002BF8D10D6838
:102D70008F6815F0040C28D0D4684B6A240C240406
:102D800023430468D360D36843F48033D360236E55
:102D900043F4801323662B0717D59668CB6AB6B227
:102DA00046EA03439360D36843F40033D360D668A4
:102DB0000B6B26F440263343D360636E43F48013D9
:102DC0006366236D43F08063236515F010090BD013
:102DD00094688B6924F47F5424F03F042343936068
:102DE000D36843F08063D36015F0140418D0D3681F
:102DF0000EF1010643F08043092ED36088BFAEF187
:102E00000906D36843F00043D36000EB86039B6957
:102E1000DC68002C7EDAD36823F00043D3609FE7A0
:102E200013467646013401943C681C609C6824F487
:102E30007F587C6828F03F0848EA0404DFF80082E5
:102E40009C60BC68002C67D027685F609F6807EAB9
:102E50000808676848EA07479F60DF68B9F1000F14
:102E600061D027F4F0080F6A48EAC747DF60DF68DF
:102E70004FEA9748CF694FEA884848EA0707DF607A
:102E8000DF6847F48027DF60BCF1000F06D09F6841
:102E900027F4404C8F6A4CEA07079F60DF6847F0D1
:102EA0000057DF60DF6827F08047DF60DF6847F0AA
:102EB0000047DF60AF0706D5DF6827F0607CCF688A
:102EC0004CEA0707DF6005F001050027DFF8708195
:102ED000DFF870A10395019D07EB050BA568002D98
:102EE0003BD1029A002A00F0A7809A6842F0004283
:102EF0009A60DA6842F08052DA6000EB8603C26EB4
:102F00005A64066472B6036F01331F44076762B6E2
:102F1000002026E7012485E75C609C6804EA080439
:102F20009C603C4699E727F4FF484F6828F07F08EB
:102F300048EA0707DF60EF0706D5DF6827F4403867
:102F40004F6948EA0707DF60AF069DD5DF6827F0C5
:102F500040680F6948EA070795E706F1010CDC684D
:102F6000BCF1090F24F0805488BFA6F1090CDC6085
:102F700000EB8C06B369DC6824F00054DC60DC688C
:102F8000002C01DB746C9CB100230EE0D16801338E
:102F900021F00041D1600EF10101092988BFAEF195
:102FA000090100EB81028E4692699B45EED1D7E67E
:102FB0002C681C609E686C6826F47F5626F03F06DD
:102FC00034439C60AC6804B325685D609E686568A6
:102FD00006EA080646EA05459D60DE68B9F1000F7D
:102FE0001AD0CD6906EA0A063543DD60DD6845F48E
:102FF0008025DD60DD680137664645F00045DD600F
:10300000DD6825F08045DD6065E75C609C6804EA6A
:1030100008049C602C46E0E726F4FF464D6826F045
:103020007F063543DD60039D002DE3D0DE684D69EA
:1030300026F440363543DCE79A6822F0004257E731
:10304000FFFF00C00000FCFF0AB1032904D90123DF
:10305000C0F8A4301846704700EB8101496F0A6040
:103060000A61CA6842F08072CA602BB18B604B6102
:10307000CB6843F00073CB60CB68002043F0004383
:10308000CB607047D0F89C10102910B52AD12323AB
:1030900041F20414C0F89C3003681A6842F002023E
:1030A0001A601A6842F001021A60D3F8002D42F04B
:1030B0000102C3F8002D1A5942F001021A5141F2DF
:1030C00008141A5942F001021A5103F58B531A6879
:1030D00042F481721A602223C0F89C10C0F8A0301C
:1030E000002010BD0120FCE7D0F89C30102B10B55B
:1030F00042D1232300F18404C0F89C3000F1740312
:1031000053F8041BCA68A34242F08042CA60F7D158
:10311000012341F20411C0F8943003681A6842F0A8
:1031200002021A601A6842F001021A60D3F8002DF8
:1031300042F00102C3F8002D5A5842F001025A50E1
:1031400041F208115A5842F001025A5003F58B51CE
:103150000A6842F481720A6041F234115A5842F40A
:10316000504242F041025A501023C0F89C302223B2
:10317000C0F8A030002010BD0120FCE7D0F89C3042
:1031800023B3232341F20411C0F89C3003685A583A
:1031900022F001025A5041F208115A5822F001025D
:1031A0005A501A6822F001021A60D3F8002D42F03A
:1031B0000102C3F8002D1A6822F002021A601023DF
:1031C000C0F89C30C0F8A030002070470120704744
:1031D000F8B50446154639B9D0F8A43043F00103D8
:1031E000C4F8A430012025E0D0F89C30102BF9D190
:1031F0000022FFF7A9FD20B1D4F8A43043F0020368
:10320000EEE7236C9A1D54F822705A1C092A8ABFD3
:10321000093B22642364226C2368063203F5895338
:1032200054F822201A6006F0EBFD0646FB68002BDE
:1032300001DB0020F8BD236803F58B531A68D20424
:103240000CD5D4F8A42042F00802C4F8A4201B68CE
:10325000C4F8A830E023C4F89C30C3E76B1CE5D069
:1032600006F0CEFD801BA84201D8002DDED1D4F897
:10327000A43043F00403C4F8A430EBE7F0B5D0F871
:103280008C50002D3ED1D0F884102A462C460527BC
:1032900000EB81035E6FF368002B01DB013F33D14C
:1032A0006CB300EB82034FF08076671E5B6FC0E962
:1032B0002112196919605969DE6021B19960D968D4
:1032C00041F00071D960D96841F00041D960D0F86F
:1032D000941019B1D96841F08041D960AF4207D943
:1032E000511C032988BFD11E00EB81030A465B6F86
:1032F0000135AC42DDD1016841F228128B50002328
:10330000C0F88C30002023E0D6F80CC04B1C1CF019
:10331000805F1ED0002C08BF0A46032B04F1010574
:1033200088BFCB1E00EB8301496FCC68002C0ADB01
:10333000C9684F0007D50121C0F89010591803291A
:103340008CBF033B0B46C0F88C50C0E921320120F2
:10335000F0BDF668B6000AD5032B4FF0010488BF14
:10336000CB1E00EB8302566F0A46194693E7032BE8
:1033700004F1010488BFCB1E00EB83014E6FF4E71C
:10338000F8B505460C4619B90120C5F8A400F8BDEA
:10339000D0F88C30C3B1D5F888100026D5F88C2031
:1033A00005EB8103686902F1FF3C37465B6FBC4562
:1033B00010D8DA681969C2F30E022160921B90429C
:1033C0001FD362600020E2E7FFF758FF0028E2D138
:1033D0000120DCE71A69C4E900205A691AB1A4681F
:1033E0005A69C4E900204A1CDE68A4680137032A30
:1033F000C6F30E0688BFCA1E05EB820311465B6F3B
:10340000D5E759690029E3D0A168121A5B696060A9
:103410000B604A60D6E770B5D0E9225304460E46E9
:1034200073B1D4F88C302B44581E03280ED804EB0B
:1034300080040020636FDB68C3F30E03336070BD4C
:10344000FFF71CFF0028ECD10120F8E7581FEEE73A
:10345000D0F88C20F0B5002A39D0D0F8903003B1E4
:103460000132D0F8884000214FF08076571E00EBE3
:1034700084035B6F8A4208D1016841F228128B50A5
:103480000023C0E923331846F0BD1D691D60DE60CE
:103490005D692DB15D699D60DD6845F00075DD6099
:1034A000DD6845F00045DD60D0F894501DB1DD6861
:1034B00045F08045DD608F4207D9651C032D88BF2C
:1034C000E51E00EB85032C465B6F0131D2E701203E
:1034D000DAE770477047704770470000036803F5EC
:1034E0008B521268520610B504460CD541F23412C4
:1034F0009B58590607D5ECF7AFFB236848F240020A
:1035000003F58B531A60236803F58B521268D207B8
:103510000DD541F234129B58D80708D52046FFF745
:10352000D8FF236848F2010203F58B531A60226822
:1035300002F58B531968490420D541F234115058D3
:1035400040041BD5D4F8A40040F00800C4F8A4003F
:103550001868C00459D51B6823F46F6323F00D036A
:10356000DB04DB0CC4F8A830535823F44043535019
:10357000E023C4F89C302046ECF788F92268D2F8A2
:10358000B03003F4C043B3F5C04F0CD1D2F8B8301B
:103590002046C4F8AC30E023C4F89C30ECF782F944
:1035A0000023C4F8AC302368D3F8B020D0060BD584
:1035B000D3F8C030204603F06003C4F8B030FFF702
:1035C00089FF0023C4F8B0302368D3F8B0209106F7
:1035D0000BD5D3F8C030204603F00F03C4F8B43045
:1035E000FFF779FF0023C4F8B430FFF7C9F90328C7
:1035F0000CBF0A4B0A4B9A6A520205D54FF480025F
:1036000020469A62FFF768FF10BD1A6802F4CD42A7
:10361000C4F8A8204FF4CD421A60ACE780000058EF
:10362000C000005870B51E4603680546D3F8000276
:10363000C00701D5012070BDD3F8004224F0787492
:1036400044EA415121F4F81141EA024242F00D02EC
:10365000C3F8002206F0D4FB04462A68D2F80032F0
:1036600013F0010305D1D2F80422184692B2326059
:10367000E1E706F0C5FB001BB0F57A7FEDD9D9E78D
:1036800038B505460068D0F80042E40701D50120AE
:1036900038BDD0F800429BB224F0787444EA41511E
:1036A00021F4F81141EA02420D4922F00C02C1F85E
:1036B000043242F00502C1F8002206F0A1FB0446E4
:1036C0002B68D3F8003213F0010301D11846DFE76D
:1036D00006F096FB001BB0F57A7FF1D9D7E700BF63
:1036E00000800240002900F0C180036800201A68B1
:1036F00002F00C02CA621A68C2F3001281F8282094
:103700001A6802F060024A621A6882F48072C2F398
:10371000002281F820201A68C2F34022CA771A6872
:1037200082F48062C2F380228A771A68C2F3C022D0
:103730004A771A68C2F300320A771A6802F4005214
:103740008A611A6802F480424A611A68C2F3004230
:103750008A741A6882F40032C2F340424A741A68CA
:1037600082F40022C2F3C0420A741A68C2F3005203
:10377000CA731A68C2F340528A731A68C2F380523D
:103780004A731A68C2F3C0520A731A6802F0E06200
:103790008A601A68C2F3C0620A711A6802F0E042D5
:1037A0000A605A68C2F30D024A635A6882F4803292
:1037B000C2F3004281F832205A68C2F3404281F8D5
:1037C00031205A68C2F3804281F830205A68C2F32F
:1037D000006281F838205A68C2F34462CA63DA682A
:1037E000C2F3002281F84020DA6802F00F024A6436
:1037F0001A6FC2F3400281F854201A6F82F08002DF
:10380000C2F3C01281F84C201A6F02F070020A65F0
:103810001A6F120C8A64D3F8902002F0010281F82A
:103820005620D3F89020C2F3400281F85520D3F8F7
:10383000002D02F072028A65D3F8302D02F02302C7
:10384000CA65D3F8302DC2F3C00281F86220D3F8E4
:10385000302DC2F3001281F86120D3F8303D83F09F
:103860004003C3F3801381F8603070470120704734
:1038700008B539B1D0F8A030102B03D1FFF743F9C8
:10388000002008BD0120FCE738B503680546D3F8E1
:10389000004202F063FF124B124A24F470640344A6
:1038A000934205D244F400742B68C3F8004238BD3B
:1038B0000D4B0E4A0344934202D844F44074F3E79C
:1038C0000B4B0C4A03449342EED30B4B0B4A03447D
:1038D000934294BF44F4807444F48064E4E700BFEE
:1038E00000D3CEFEC0E1E40040F1E9FD3F787D0168
:1038F00000796CFC005A6202001F0AFA7FF0FA029B
:1039000070B50446A4B0002800F0AC80D0F89C301C
:103910000BB9EBF763FC2323C4F89C307E4BD3F840
:10392000F42042F00202C3F8F420D3F8F430207AF5
:1039300003F002030193019B002840F08380FEF70F
:103940000BFF236803F580531A6842F001021A60E6
:1039500006F056FA0646236803F580531D6815F0F5
:10396000010572D120460126FFF78EFF02F0F6FE18
:103970006A4A23684FF4804114958DF830608DF8C1
:1039800054508DF864501A951D958DF86C508DF833
:103990004C60ADF88C608DF88E501F95ADF880505E
:1039A0008DF882501695ADF85C508DF85E600D95DF
:1039B0008DF83E501C958DF87860B0FBF2F0013820
:1039C000C3F8DC004FF4C363022018934FF0405358
:1039D0000B934FF40053CDE910134FF480330BA930
:1039E00012932023CDE921034D4B20460E9340F244
:1039F0000113ADF83C30FFF786F84FF4001302A92D
:103A000020468DF80C60069308934FF406730295D8
:103A10000A930496ADF814508DF81C50ADF824505C
:103A2000FFF74AF92368606903F588510A6822F4B0
:103A3000E01242F400220A6010F0030114D0C4F82E
:103A4000A4600CE04FF4000079E706F0D9F9801B80
:103A5000B0F5FA7F7FF67FAF0423C4F8A430E023EB
:103A6000C4F89C30012055E041F208155A5922F45F
:103A7000FF4222F07E0242EA4002E0685A5100F121
:103A8000F00604F118050246116051609160D160A2
:103A900045F8042B1832B242F6D1216441F22C12BF
:103AA00009210025995041F214122169985003F51B
:103AB000895201F16006106004F174000A46156035
:103AC00055609560D560C2E9045540F8042B183262
:103AD000B242F4D141F230120320C4F88C50C4E950
:103AE0002155C4E92455985041F21C1200209950E8
:103AF000483141F22812995062689188C3F8001346
:103B00001268C3F804231023C4F8A450C4F89C30EE
:103B1000C4F8A03024B070BD0044025840420F00E9
:103B200000000101D0F89C00704700002DE9F74F1C
:103B30000023DFF8BC81DFF8BCC14FF0B0490A6850
:103B400032FA03F402D103B0BDE8F08F01279F40A1
:103B50003A4000F0B6804C684FEA430E032524F04B
:103B6000100A05FA0EF50AF1FF36ED43012E10D8C2
:103B7000866806EA050BCE6806FA0EF646EA0B06DC
:103B80008660466826EA0707C4F300169E4037435E
:103B90004760C768BAF1020F8E6807EA050706FAA0
:103BA0000EF646EA0706C66014D14FEAD30A03F0C0
:103BB000070B0F2700EB8A0A4FEA8B0BDAF820601D
:103BC00007FA0BF726EA07070E6906FA0BF63E43DB
:103BD000CAF820600668354004F0030606FA0EFEB7
:103BE0004EEA05050560E5006BD5D8F8F45023F0E2
:103BF000030603F003074FF00F0E45F0020506F130
:103C0000B046BF00C8F8F45006F58066D8F8F45006
:103C100005F002050195019D0EFA07F5D6F808A0FA
:103C20002AEA050E314DA8424DD005F58065A8421F
:103C30004BD005F58065A84249D005F58065A842BE
:103C400047D005F58065A84245D005F58065A842B6
:103C500043D005F58065A84241D005F58065A842AE
:103C60003FD005F58065A8423DD005F58065A842A6
:103C70000CBF09250A25BD40E70345EA0E05B560DE
:103C80006FEA0206DCF8005054BF35401543A70325
:103C9000CCF80050DCF8045054BF35401543E7021F
:103CA0004FF0B047CCF80450D9F8005054BF35401D
:103CB0001543A4023D607D6854BF35401543C9F8E3
:103CC000045001333BE70025D5E70125D3E7022562
:103CD000D1E70325CFE70425CDE70525CBE706256A
:103CE000C9E70725C7E70825C5E700BF0000025858
:103CF00000440258800000580AB1816170470904ED
:103D0000FBE7704708B5054BD8681A6822EA00023D
:103D10001A605860FFF7F5FF08BD00BF0065025844
:103D200003689A69910701D500229A629A69D207BD
:103D300003D49A6942F001029A61704730B5039D3D
:103D4000C1F30901046845EA024260681A43044B62
:103D500043EA55530A4320EA03000243626030BD40
:103D6000FF63FF03426B0BB210B5164CA24202D0A8
:103D7000154CA24211D1002B0DDB10291ED0202999
:103D80001ED00023402901D143F0400301680A6896
:103D900013430B6010BDB823F4E7002BACBF002326
:103DA000B823CC0748BF43F0F2038A0748BF43F06B
:103DB000F4032029EAD143F02003E7E79023E5E765
:103DC0006023E3E7D94A06084D49060811F00103CC
:103DD00007D090F8413003F02803282B0CBF422372
:103DE000F2238A0709D590F8412002F02802282AF8
:103DF0000CBF43F0440343F0F4030A04016848BFD6
:103E000043F0B8030A6822EA03030B607047C36AF1
:103E1000AA2B02D10023C3627047C36AB3F52A4FAD
:103E2000FAD14FF00073F6E7704710B5044600284A
:103E30004AD090F8413003F0FF021BB980F84020CF
:103E4000FFF7F2FF242384F8413023681A6822F038
:103E500001021A60626822F070621A619A6822F4A4
:103E600000429A60D4E90221012924D142F400429F
:103E70009A605A68002042F0007242F400425A6090
:103E8000DA6822F40042DA60D4E904210A43A16925
:103E900042EA0122DA60D4E907210A431A601A686B
:103EA00042F001021A602023606484F841302063EC
:103EB00084F8420010BD42F4044202299A60D8D12D
:103EC0004FF400625A60D4E70120F3E737B50446A7
:103ED000069894F84150202D43D194F84050012D7C
:103EE0003FD00125626284F84050212584F841507A
:103EF000102584F842500025656463851A4BE06202
:103F00006363638D9BB2FF2B15D9FF234FF0807243
:103F10002385236B112B04D1AA2802D0B0F52A4F98
:103F20000DD12046FFF773FF638D9BB2FF2B00D8A6
:103F3000E26A0E4B04E0638DE26A2385E9E7002321
:103F4000002520460093134694F82820FFF7F6FE3C
:103F50002046012184F84050FFF704FF284603B0B3
:103F600030BD0220FBE700BF2B4806080020008080
:103F700037B50446069894F84150202D43D194F863
:103F80004050012D3FD00125626284F84050222527
:103F900084F84150102584F84250002565646385FB
:103FA0001A4BE0626363638D9BB2FF2B15D9FF232D
:103FB0004FF080722385236B122B04D1AA2802D0E4
:103FC000B0F52A4F0DD12046FFF721FF638D9BB23C
:103FD000FF2B00D8E26A0E4B04E0638DE26A238572
:103FE000E9E70023002520460093134694F8282093
:103FF000FFF7A4FE2046022184F84050FFF7B2FEEE
:10400000284603B030BD0220FBE700BF2B4806085E
:10401000002400802DE9F041984690F84130044694
:104020000F4603F028031646282B04D101B122B90C
:104030004FF400736364012045E048F20101FFF78B
:10404000C5FE90F84030012B3FD0012380F840306E
:1040500090F841302A2B14D10221FFF7B7FE0368F4
:104060001A6812040DD51A68C06B22F400421A6057
:1040700038B1174B0365FEF78FFC10B1E06B036D91
:10408000984729232568002084F84130202384F8AC
:10409000423060646B6823F400436B606685638D17
:1040A000C4F82C8023850B4B67626363AB69DB0329
:1040B00001D50823EB6184F8400048F20101204655
:1040C000FFF750FE0020BDE8F0810220FBE700BFB3
:1040D0003F4C0608294606082DE9F041984690F81D
:1040E000413004460F4603F028031646282B04D11E
:1040F00001B122B94FF400736364012044E048F237
:104100000201FFF763FE90F84030012B3ED090F89B
:1041100041300121292B80F8401013D1FFF756FEC2
:1041200003681A6852040DD51A68806B22F4804225
:104130001A6038B1164B0365FEF72EFC10B1A06B68
:10414000036D98472A232568002084F841302023F6
:1041500084F8423060646B6823F400436B606685CA
:10416000638DC4F82C8023850A4B67626363AB6957
:10417000DB0301D40823EB6184F8400048F202011C
:104180002046FFF7EFFD0020BDE8F0810220FBE7AD
:104190003F4C06082946060808B590F84120202A19
:1041A0000AD128224FF4004180F84120034A42639B
:1041B000FFF7D8FD002008BD0220FCE729460608CD
:1041C00010B590F84120282A14D190F8411000240D
:1041D00090F8422001F0030144630A434FF4004188
:1041E0000263202280F8412080F84240FFF7EEFD74
:1041F000204610BD0220FCE70268436B91691268FB
:1042000003B11847704738B5002580F8425090F840
:104210004130212B4FF0200380F841300AD1112387
:10422000012145630363FFF7D1FD80F8405005F09D
:1042300051FF38BD1223022145630363FFF7C6FD1A
:1042400080F8405005F079FFF3E708B503680021D6
:104250001A6880F84210510415D51A6822F4804279
:104260001A6090F84130292B13D12823012180F8BE
:10427000413021230363FFF7A9FD002380F840307C
:1042800005F09BFF08BD1204EBD51A6822F400422A
:10429000E6E790F841302A2BF4D12823022180F858
:1042A000413022230363FFF791FD002380F8403063
:1042B00005F087FFE6E7F8B590F84120044603686B
:1042C00002F02802282A37D19E69C2689D69C6F388
:1042D0000046022A99684FEA1545DF6805F0FE0599
:1042E00021D185EAD115C1F3090215F006050ED1D9
:1042F000816C01318164816C022907D108218564B8
:10430000D961314680F8405005F04DFFF8BD4FF4BB
:104310000041FFF75BFD002307F0FE0280F840300C
:1043200031462046F0E74FF40041FFF74FFD0023F0
:104330002A4680F84030F3E70822DA61002380F84B
:104340004030E3E708B5164B2022C3620023036325
:10435000436380F8412080F842304B0712D5036850
:104360005A6A436A1A70436A01334362038D4BB140
:10437000013B0385438D013B9BB24385436C43F076
:104380000403436448F20301FFF720FD1022036891
:10439000DA61002380F8403005F039FF08BD00BF26
:1043A0000000FFFF7047704790F84120602A4FF0EF
:1043B000000208B508D1202180F8402080F8411083
:1043C000026305F097FF08BD026380F8402006F005
:1043D0007FFBF8E770B5354A002590F84130044678
:1043E00080F84250283BC2624585426C022B41EA6C
:1043F0000201416429D80321FFF7E8FC282380F853
:1044000041302B4BA06B6363236B80B3112B01D026
:10441000212B2CD123681A68510403D51A6822F481
:1044200080421A60FEF76CFB01281BD0214BA06B69
:104430000365002384F84030FEF7AEFA002834D03C
:10444000A06B036DBDE87040184748F20301FFF709
:10445000BDFC90F84130602B02D0202380F8413021
:104460000023CFE72046BDE87040FFF79DBFE06B1B
:104470000028F7D0122B01D0222BF3D123681A6821
:10448000120403D51A6822F400421A60FEF738FBC2
:104490000128E7D0074BE06B0365002384F8403028
:1044A000FEF77AFA08B1E06BCBE770BD0000FFFFC2
:1044B000294606083F4C0608F8B503682022044642
:1044C0000E461F6890F84150DA6105F0F705212D7E
:1044D00073D148F20101FFF779FC25632368204678
:1044E0005A6842F400425A605A6822F0FF7222F47D
:1044F0008B3222F4FF7222F001025A60FFF710FCA7
:1045000079045FD52268136823F480431360A36B9A
:104510002BB31B68424A93421ED0183293421BD0E1
:104520001832934218D01832934215D01832934261
:1045300012D0183293420FD0183293420CD0183256
:10454000934209D002F55672934205D01832934235
:1045500002D018329342FFD05B689BB26385730729
:1045600010D5236826F004065A6A636A1A70636AD3
:1045700001336362238D2BB1013B2385638D013BA6
:104580009BB26385638D9BB21BB1636C43F00403E4
:104590006364002384F84230656C6363DDB1616C51
:1045A0002046FFF717FF94F84130282B25D13146DC
:1045B0002046BDE8F840FFF7C5BE222D8ED148F257
:1045C000020188E73A04CAD52268136823F400433D
:1045D0001360E36B9CE7E36A13F5803F0ED020463F
:1045E000FFF733FE0F4B204684F84050E362202350
:1045F00084F84130256305F00AFEF8BD94F8413097
:10460000204684F84050222B4FF0200384F841309C
:10461000256302D105F0D5FDEFE705F0CEFDECE70F
:10462000100002400000FFFFF8B590F8403004464B
:104630000D461646012BC76A7DD001238A0680F8F5
:10464000403003D5B30601D5FFF736FFE80634D571
:10465000F10632D5638D9BB203BB94F84130282B11
:104660000AD1B7F1007F07D129462046FFF76AFE3D
:10467000002084F84000F8BD94F841202368292ADE
:104680004FF01002DA61F3D117F5803FF0D02046E9
:10469000FFF746FB2046FFF7D8FDE9E72368102225
:1046A000DA61636C43F00403636437F08073DFD135
:1046B000616C2046FFF78EFEDAE76A071AD57307AA
:1046C00018D5638D9BB26BB123685A6A636A1A70FE
:1046D000636A01336362238D013B2385638D013B54
:1046E0009BB26385638D9BB2002BC1D117F5803FD0
:1046F000BED0CFE7280705D5310703D52046FFF701
:10470000DAFDB5E7AA07B3D5B307B1D5638D9BB280
:104710006BB1636A226813F8011B91626362638D57
:10472000013B9BB26385238D013B2385A0E737F0D6
:104730008073AFD09CE702209DE737B50368202245
:1047400004460D46DA6190F84130212B37D1012122
:10475000FFF73CFB112323632368E9065A6822F024
:10476000FF7222F48B3222F4FF7222F001025A60AF
:104770004FF000026263A2F58032E26205D510229A
:10478000DA61626C42F00402626494F84120602AAB
:1047900005D16A0703D55B6ADBB20193019B204612
:1047A000FFF7BEFA636C94F84120602A00D07BB119
:1047B000616C204603B0BDE83040FFF70BBE90F8B7
:1047C0004130222BC8D10221FFF700FB1223C2E7A0
:1047D00094F84120212A12D1202284F8403084F814
:1047E0004120236394F8422084F84230402A03D1C8
:1047F000FFF7D8FD03B030BD05F06CFCFAE794F884
:104800004120222AF6D1202284F8403084F8412029
:10481000236394F8422084F84230402A02D1FFF703
:10482000C2FDE7E705F089FCE4E773B590F8403096
:1048300004460D461646012B00F086800123CA0669
:1048400080F8403017D5F30615D503681022DA61D9
:10485000436C43F004034364FFF762FAAA0605D5EC
:10486000B30603D529462046FFF767FF002084F8EA
:10487000400002B070BD680712D5710710D52368DB
:1048800025F004055A6A636A1A70636A0133636229
:10489000238D013B2385638D013B9BB26385DDE75F
:1048A000AA0707D5B30705D5636A226813F8011B69
:1048B0009162ECE7280632D5710630D5638D226807
:1048C0009BB203B3208DF0B95168638DC1F3090128
:1048D0009BB2FF2B08D9FF224FF0807300902285F6
:1048E0002046FFF72BFAB9E7628DE36A92B213F51F
:1048F000803F2285D2B202D0E36A0090F0E74FF009
:1049000000730090ECE753689A0103D42046FFF748
:104910007AFCA3E740212046FFF75CFD9EE76B068B
:104920009CD570069AD5638D9BB2002BF2D123687B
:104930005A68910192D4E26A12F5803FE6D15A6832
:1049400042F480425A6089E7022092E7F8B590F875
:10495000403004460E461546012BC76A00F0B7806A
:1049600001238A0680F8403003D5AB0601D5FFF756
:10497000A3FDF20640F1A380EB0640F1A080E90B15
:10498000A80B41EA9535ED0740F19580E26B52B3F3
:1049900011F0010326D013684E4A93421ED01832FC
:1049A00093421BD01832934218D01832934215D03C
:1049B0001832934212D0183293420FD018329342D9
:1049C0000CD01832934209D002F55672934205D0AA
:1049D0001832934202D018329342FFD05B68B3FA88
:1049E00083F35B091A46A36B4BB3C10727D51B683A
:1049F00038498B421ED018318B421BD018318B4264
:104A000018D018318B4215D018318B4212D0183182
:104A10008B420FD018318B420CD018318B4209D009
:104A200001F556718B4205D018318B4202D01831F6
:104A30008B42FFD05B68B3FA83F35B090BB9012AA1
:104A40001FD194F84130282B0AD1B7F1007F07D14C
:104A500031462046FFF776FC002084F84000F8BD80
:104A600094F841202368292A4FF01002DA61F3D12B
:104A700017F5803FF0D02046FFF752F9FFF7E5FB2E
:104A8000EAE723681022DA6137F08072636C43F042
:104A90000403636494F84130DBB2DDD103F0F70323
:104AA000212B01D1236301E0222BFBD0616C204636
:104AB000FFF790FCD0E723681022DA61CCE73207D9
:104AC000CAD52B07C8D52046FFF7F5FBC4E702205F
:104AD000C5E700BF1000024013B590F8403004460F
:104AE000012B7AD0012380F84030CB0612D5D306B3
:104AF00010D5036810222021DA61436C43F00403CF
:104B00004364FFF72FF9FFF70BF9002084F840000A
:104B100002B010BD0B0643D5500641D523681A6874
:104B200022F040021A60628D92B26AB35968638DB6
:104B3000C1F309019BB2FF2B1BD9FF2323854FF043
:104B4000807300222046009294F82820FFF7F6F8A0
:104B5000638D228D9B1A9BB2638594F84130222B82
:104B600023681A680CBF42F4004242F480421A6083
:104B7000CBE7638D2385E36A13F5803F01D0E36AB9
:104B8000DFE74FF00073DCE75B689A0103D420464F
:104B9000FFF739FBB9E740212046FFF71BFCB4E7DC
:104BA0004B0612D5500610D5638D9BB2002BF2D167
:104BB00023685A689201A8D4E26A12F5803FE6D1D0
:104BC0005A6842F480425A609FE788069DD5930652
:104BD0009BD52046FFF7B1FD97E7022098E70368D1
:104BE00099691A6810B4CC0508D5140606D5446C2A
:104BF00044F0010444644FF48074DC614C0508D532
:104C0000140606D5446C44F0080444644FF48064F0
:104C1000DC61890508D5120606D5426C42F0020215
:104C200042644FF40072DA61416C11F00B0F03D053
:104C30005DF8044BFFF7CEBB5DF8044B7047806B0B
:104C4000836B0BB100221A65C36B0BB100221A658E
:104C5000FFF7AABB10B590F84130202BDCB21DD174
:104C600090F84030012B19D0242380F8413003689C
:104C70001A6822F001021A601A6822F480521A603F
:104C80001A68114319601A6842F001021A60002381
:104C900080F8414080F84030184610BD0220FCE703
:104CA000094A82B0D2F8F41041F00201C2F8F410BF
:104CB000D2F8F42002F002020192044A019B5368E8
:104CC0001843506002B07047004402580004005876
:104CD00038B5044640B303684CF6CC421A6045F23E
:104CE00055521A6042685A6082689A6005F088F8E6
:104CF00005462268D36813F0070306D11069E168FE
:104D000088420DD01161184638BD05F079F8401B76
:104D10003028EED92368DB685B07EAD00320F3E78D
:104D20004AF6AA211160EEE70120EDE703684AF692
:104D3000AA2200201A6070470A4B44F620621B68C2
:104D4000B3FBF2F24FF47A7353430268002010B5BC
:104D5000013B146808BF032031EA040401D0002B92
:104D6000F6D110BD780E002470470000F8B5044657
:104D7000002858D090F8363003F0FF021BB980F8B5
:104D80003520FFF7F1FF656802232268012D84F8C2
:104D90003630A66AD06802D0B6F5000F01D120F0F7
:104DA0001E004FF6FF736169204F994245EA0603E2
:104DB0001CBF20F4604020F0C0000740A0680343FF
:104DC000206A0343606A03433B4305BBE0692569EE
:104DD00028430343B6F5000F1BD04FF6FF70814206
:104DE00004D0A0690143E06901430B43D360104B39
:104DF0009A4203D003F1C0539A420FD1D4E90B3148
:104E00000B4353620123002084F83630F8BD012D96
:104E1000E0D1D4E9030528430343DEE7054B9A427A
:104E2000F0D1E36AEDE70120F0E700BFFEF119FFE2
:104E30000024004000280058022310B580F83630C6
:104E40000446D0E90032012A07D0826AB2F5000F89
:104E500003D1DA6822F46062DA601A69204642F00F
:104E600001021A6110225A6099611146FFF764FF2E
:104E7000032808D022680020136943F0040313615B
:104E8000012384F8363010BD7047F0B504468BB06E
:104E900060B390F8BD33056803F0FF021BB980F8DA
:104EA000BC23FFF7F1FF03236E46271D84F8BD33B3
:104EB000EB6B254613F4807355F8100B08BF236184
:104EC00003F0E0F90FCD0FC60FCD0FC695E8030034
:104ED000254686E8030097E80E0055F8100B03F00E
:104EE00011F9064620B1022384F8BD33012552E0B2
:104EF0000146206803F0CCF93046D4F804C01C26E3
:104F00004FF0010E0146C2B2013094451BD8002378
:104F10001C261946D8B20133844522D86E460FCDDF
:104F20000FC60FCD0FC695E8030086E8030097E88B
:104F30000E00206803F0EEF901230546F0B10222CD
:104F400084F8BD23D2E706FB024383F83DE083F8F3
:104F50003C20A3F8422083F83F101965C3E91111E2
:104F6000D1E706FB004282F8FD1182F8FC0182F8CD
:104F7000FF11C2F81012C2E98111CBE784F83800A2
:104F800084F8BD33636A012B02D1204600F0A4FCF3
:104F9000206803F044FD28460BB0F0BD704738B5DB
:104FA000044610B90125284638BD032380F8BD33D7
:104FB000006803F0F6FC05460028F3D12046FFF711
:104FC000EDFF84F8BD53EEE710B50446006894F891
:104FD000BC33012B15D0012384F8BC33A36A012B09
:104FE00006D1A369012B03D0836B43F48033836321
:104FF00003F042F9206803F004FD002084F8BC03AC
:1050000010BD0220FCE738B590F8BC330446012BF4
:105010001BD00123056880F8BC33284603F032F921
:10502000206803F0FCFC1021206803F049F9A36A12
:10503000012B06D1A369012B03D0AB6B23F4803382
:10504000AB63002084F8BC0338BD0220FCE7704746
:10505000704700002DE9F04F066887B004463046DF
:1050600003F01AFD0290002840F03C81206803F014
:10507000E4FC002800F03681206803F0DEFC8207A3
:1050800004D52268536903F002035361206803F0DA
:10509000D4FCC3062AD52268936923F010039361D8
:1050A000376AC7F3434307F00F05022B40F01D8119
:1050B00047F6F0731F4214D01C23C7F30A1830467A
:1050C00003FB05454246D5F8081203F0F3FBD5F87B
:1050D0000822D5F8143242444344C5F80822C5F8E2
:1050E00014322268936943F010039361206803F03F
:1050F000A4FC070300F10D81206803F09EFC45032A
:105100000CD5254606F510694FF00008206803F01D
:10511000A0FC0390039B002B40F0A481206803F0C7
:105120008CFC002815DAD6F8043823F00103C6F801
:10513000043894F8F433012B40F0258200212046F6
:1051400084F8F41300F0DBFB2268536903F000439A
:105150005361206803F071FC00050BD5D6F80838C0
:10516000D90702D5204604F039FC2268536903F4BC
:1051700000635361206803F060FC020114D52368CA
:105180005A6902F000625A6194F8F423002A40F050
:10519000FE810121204684F8F4135B6DC3F3830381
:1051A000C4F8F83300F0ABFB206803F046FCC304FE
:1051B00036D5D6F804381021206806F5006523F0AE
:1051C00001036B6003F07CF806F510634FF67F3146
:1051D00062680298824200F2DE81EB6943F00113BB
:1051E000EB61236B002B00F0F681D5F8843043F09F
:1051F0000B03C5F884306B6C43F00B036B64D6F87B
:10520000003804F57172217C23F4FE632068C6F82F
:10521000003803F055FC2268536903F4805353614E
:10522000206803F00AFC870416D5206803F038FCD8
:10523000206803F025F92568E06001F08FFA227BF1
:105240000146284602F0A8FF204604F0D6FB22685B
:10525000536903F400535361206803F0EEFB060723
:1052600007D5204604F076FB2268536903F0080353
:105270005361206803F0E1FBC50208D500212046F8
:10528000FFF7E6FE2268536903F480135361206838
:1052900003F0D3FB800208D500212046FFF7D7FE9C
:1052A0002268536903F400135361206803F0C5FBBF
:1052B000410007D5204604F0FDF82268536903F049
:1052C00080435361206803F0B8FB42070AD5236886
:1052D0005D686B0702D5204604F08EFB2268536898
:1052E0002B43536007B0BDE8F08F062B7FF4F9AE77
:1052F000082204F571713046C7F30A1703F0DAFA91
:105300001C2303FB0545D5F814321F44C5F814725D
:10531000E7E606F5306704F5017A0025DFF8D0B23C
:10532000206803F08EFB0390039B002B3FF4E4AE58
:10533000039BD80756D55FFA85F92068494603F0E4
:1053400090FB10F0010F80461AD0206801222169DD
:1053500000F5306CBA600129036C0CEB451CDCF8DD
:10536000082066D1110706D55B4509D9100407D579
:105370004FF4004302E091063CD52023CCF80830DE
:1053800018F0080F1ED023680822BA601A6C03F5C3
:1053900030635A4503EB4513996804D9090402D5D3
:1053A0004FF4004199602046049204F011FB049AE6
:1053B0005A4507D92169012904D104F57172206881
:1053C00003F07EFB18F0100F01D01023BB6018F023
:1053D000200F01D02023BB6018F4005F02D04FF4EF
:1053E0000053BB60039B013520370AF11C0A5B08A0
:1053F000039399E712F0280FC2D15B4501D912043B
:10540000B6D4DCF81020DAF80010C2F312028A1ABF
:10541000CAF81020DAF804201144CAF8041095B92B
:10542000D4F810227AB904F57172012103F048FB17
:1054300009E06E498B420BD1130499D4900602D532
:105440002022CCF808204946204604F092FA97E73B
:10545000002DF8D1D4F81022002AF4D104F571728D
:105460002946E3E7039BDA0740F184805FFA88FB73
:105470002068594603F0FEFAC307074621D50120EC
:1054800008F00F02D6F8343800FA02F2216923EA54
:1054900002038142C6F83438C9F808000DD1D5E9B5
:1054A00011231344AB64B8F1000F06D1236D23B967
:1054B00004F57172206803F003FB5946204604F09E
:1054C0006EFA380702D50823C9F80830F90602D564
:1054D0001023C9F808307A0602D54023C9F80830ED
:1054E000BB0702D50223C9F808303F0642D5D5E9EB
:1054F00014329A423ED89B1A6A6CD4F800A09342A8
:1055000028BF134603339B0804930AF5106303EB8B
:1055100048130593059B04999A6992B28A42D5E98A
:10552000147325D39F4200D95FB908F00F020121FF
:10553000DAF8343801FA02F223EA0203CAF83438FE
:1055400018E0FF1A6B6C5A4650469F4228BF1F4610
:10555000FB1C9B080493237C0093BBB2A96C03F053
:10556000A9F8AB6C3B44AB646B6D1F446F65D1E72E
:105570009F42DAD9039B08F101081C3509F1200983
:105580005B080393C6E5204604F02FFADCE52046CD
:1055900004F024FA08E69960203353F8202C22F412
:1055A000001243F8202C53F8202C42F0006243F8FC
:1055B000202CC3F8E811D3F8E02122F40012C3F83C
:1055C000E021D3F8E02142F00062C3F8E021029A22
:1055D00001320292FCE56B6943F4005343F02B0364
:1055E0006B612B6943F00B032B6108E60A31544FC2
:1055F0000A30544F10B590F8BC230446012A0BD052
:10560000012280F8381080F8BC23006803F0E9F923
:10561000002084F8BC0310BD0220FCE770B501F047
:105620000F0611F0800F05464FF01C00C6EBC604B4
:105630004FEA84041FD004F13C0100FB0650012412
:10564000294480F83D408A604A780E70CB7002B1E0
:10565000CE80022B04BF00230B7195F8BC33012BC5
:1056600012D00123286885F8BC3302F014FF002013
:1056700085F8BC0370BD04F5FE7100FB06500024E4
:10568000294480F8FD41DEE70220F3E710B5044627
:1056900001F00F0011F0800F4FF01C02C0EBC003AF
:1056A0004FEA830316D003F13C0102FB00420123C1
:1056B000214482F83D30087094F8BC33012B12D09D
:1056C0000123206884F8BC3302F024FF002084F812
:1056D000BC0310BD03F5FE7102FB00420023214410
:1056E00082F8FD31E7E70220F3E738B501F00F0556
:1056F0001C2404FB050104FB050401F5FE71C4F83C
:1057000010320023C4F80822C4F8143284F8FD31A2
:1057100084F8FC5103690068012B08BFC4F80C220F
:10572000DAB21DB902F04CFF002038BD02F0D6FFFE
:10573000FAE701F00F011C2303FB0100D0F814026B
:10574000704738B501F00F051C2404FB050104FB6C
:1057500005043C3123650023A2646365012384F8BA
:105760003C5084F83D3003690068012B08BFE264B7
:10577000DAB21DB902F024FF002038BD02F0AEFFFE
:10578000FAE738B501F00F05436804469D422CD86E
:1057900011F0800F4FF01C001ED000FB05410123CB
:1057A00000FB05423C3182F83D3001230D708B70C7
:1057B00094F8BC239A421AD0206884F8BC3303F0D2
:1057C0009CF82DB904F57172217C206803F078F9FA
:1057D000002084F8BC0338BD00FB01431A4603F5E2
:1057E000FE71002382F8FD31DFE70120F3E702209C
:1057F000F1E738B501F00F02436804469A422AD80F
:10580000C2EBC20311F0800F4FF01C004FEA83037C
:1058100018D003F13C0100FB02400123214480F831
:105820003D3000250A708D7094F8BC33012B14D0E4
:105830000123206884F8BC3303F08AF8284684F8F2
:10584000BC5338BD03F5FE7100FB02400023214428
:1058500080F8FD31E5E70120F3E70220F1E710B51C
:1058600090F8BC330446012B10D0012380F8BC33E0
:105870000B06006807D501F00F0102F021FD0020A2
:1058800084F8BC0310BD02F02DFDF8E70220F9E713
:105890000068120470B5446A19B92243826200207C
:1058A00070BD836A4D1E04EB134400235E1CDBB203
:1058B0009D4205D83F31224300EB81004260EEE774
:1058C000403300EB83035B6804EB13443346EDE79E
:1058D000036800205962704702680021012380F8A4
:1058E000F413C0F8FC330846936943F000639361F6
:1058F000536D43F0805343F0030353657047704783
:10590000024A136843F480731360704700480258DA
:10591000054A0129136923F00403136101D130BF43
:10592000704720BF704700BF00ED00E070B51C4D10
:105930000446EB6803F00703062B06D0E86800F086
:105940003F00001B18BF012070BDEB6823F03F0330
:105950000343EB6004F054FA06466B689A0408D5DA
:10596000A4F11D03012B0CD92D3C012C09D90020D9
:10597000EAE704F045FA801BB0F57A7FEDD9012003
:10598000E2E704F03DFA064D0446EB68DB03EED493
:1059900004F036FA001BB0F57A7FF6D9EFE700BFC6
:1059A0000048025838B51E4C0D46236823F0010309
:1059B00018432060C2B9FCF7E3FF032813D1236921
:1059C00023F001032361174B1A6942F004021A61A4
:1059D000BFF34F8FBFF36F8F012D10D130BF1A6906
:1059E00022F004021A6138BD012A0AD1FCF7C8FF6F
:1059F0000128F8D1636923F002036361E3E720BF64
:105A0000EDE7FCF7BDFF032804D1236923F004036D
:105A10002361E8E7636923F004036361E3E700BF00
:105A20000048025800ED00E0024AD36843F080735A
:105A3000D3607047004802582DE9F0474E6A36B1EE
:105A4000B2F1406F03D08B6A0468013B2361D1F847
:105A500018A0D1E9077CBAF1000F4ED04B6946EA95
:105A60000A0A0568D1F800804FEA834E486B4AEA7B
:105A7000020AD1E90B49BCF1000F26D08B684CEA31
:105A80000A0C0E69EB61A7B148EA0703234343EA16
:105A900009030343C8683343034343EA0E0343EA5D
:105AA0000C03B2F1406F6B6101D04B68AB61BDE894
:105AB000F08748EA040343EA09030343334343EA14
:105AC0000E0343EA0C036B61F1E767B148EA070391
:105AD000234343EA09030343C868034343EA0E032D
:105AE00043EA0A03DDE748EA040343EA0903034300
:105AF00043EA0E0343EA0A03E5E7BCF1000F2CD0AA
:105B000004688B680869E36146EA0C034E6943EA5E
:105B10000205D1F834C0B604D1E90B83A7B13843EC
:105B2000B2F1406F40EA080043EA0003C86843EA64
:105B30000C0343EA000343EA060343EA05036361F7
:105B4000B5D04B68A361B2E740EA0800034343EADB
:105B50000C0333432B436361A9E7D7B146EA07033C
:105B6000CC6A0068B2F1406F43EA020343EA0403DF
:105B70000C6B43EA04034C6B43EA0403CC6843EA2E
:105B800004034C6943EA8443436190D04B688361CA
:105B90008DE7002E8BD0CB6A006833430E6B1A431F
:105BA0004B6932434E6B324342EA834242617EE7A5
:105BB0002DE9F041DDF8188004460E4615461F46D3
:105BC00022689368334214BF01230023AB4201D102
:105BD000002012E0B8F1FF3FF3D004F011F9C01B30
:105BE000404502D8B8F1000FEAD10423012084F81F
:105BF0004130636C43F001036364BDE8F08170479A
:105C000030B5044685B004F0FBF80346002C40D0C4
:105C100094F841203AB903902046FFF7F0FF41F293
:105C20008832039BA2642068A1680268013922F4CB
:105C3000706242EA0122202102602046A26C00929A
:105C40000022FFF7B5FF10BB2268E569E368116821
:105C50002B43256A21F07F412B43656821F0D00159
:105C600043EA05630B4313605568D4E905310B43E0
:105C7000216943EA0143084929400B4353601368F3
:105C800043F0010313600123606484F8413005B0E0
:105C900030BD0120FBE700BFFEF8E0FF704710B504
:105CA000044658B10268136823F001031360FFF73C
:105CB000F5FF0020606484F8410010BD0120FCE77E
:105CC0002DE9F043044685B01746894604F098F85C
:105CD00094F840200346012A33D00122022684F89A
:105CE000402094F84120012A5FFA82F827D100224F
:105CF0000390202120466264009784F84160FFF7FA
:105D000057FF0546A0B9024649462046FFF794FED4
:105D1000D9F82420039B4AB94246314620460097D1
:105D2000FFF746FF054618B92368DE6084F8418016
:105D3000002384F84030284605B0BDE8F08335469E
:105D4000F6E70225F7E7F0B5044685B016460F469C
:105D500004F056F825680346D5F818C094F840209A
:105D6000012A4DD0012284F8402094F84120012AD4
:105D7000D0B243D100226264002F3AD0222284F8AC
:105D800041202A690132A2632A69276301326263D2
:105D9000696921F0406141F080616961C5F818C00E
:105DA000A26B8AB90122022120460096FFF700FF6C
:105DB00010B923680222DA60012384F841300023FD
:105DC00084F8403005B0F0BD01220621204600963F
:105DD0000393FFF7EDFE0028EED195F82010226B1B
:105DE000039B1170226B01322263A26B013AA26302
:105DF000D6E7636C43F008036364E0E70220DEE764
:105E00000220DFE7F8B50446002874D00368D807FD
:105E10005ED42368990700F1B0802368DA0627D59D
:105E2000AA4B1A69996A02F03802082A07D0182A80
:105E300040F00E8101F00302012A40F009811B6845
:105E4000DB0502D5E369802B55D1FCF76DFC41F2EF
:105E50000303216A98429D4B00F2F3805A6820297F
:105E600022F0F8420CBF42F0804242EA81625A605E
:105E70002368190700F12E8123689A0600F14F81EB
:105E800023685D071ED5924D2B6843F480732B6009
:105E900003F0B6FF06462B68DA0540F16581A3687A
:105EA0008A4D012B40F067812B6F43F001032B6774
:105EB00041F2883703F0A4FF844E0546336F9B07F9
:105EC00040F17F81616A002940F0828100202AE050
:105ED0007E4B1A69996A02F03802102A05D0182AF6
:105EE0000BD101F00302022A07D11B689A0390D557
:105EF0006368002B8DD1012015E06268B2F5803F08
:105F000012D11A6842F480321A6003F079FF6F4EA2
:105F1000054633689B033FF57CAF03F071FF401BE0
:105F20006428F6D90320F8BD684D2B689AB923F48C
:105F300080332B602B6823F480232B6003F060FFF9
:105F400006462B689F037FF564AF03F059FF801B63
:105F50006428F6D9E6E7B2F5A02F07D143F48023F1
:105F60002B602B6843F480332B60CEE723F480331F
:105F70002B602B6823F48023F6E7544B1A69996A47
:105F800012F0380203D0182A1FD18E071DD11B68CA
:105F90005D0702D5E368002BADD0FCF7C5FB41F2ED
:105FA000030321699842494B5A6809D822F47C328C
:105FB00040290CBF42F4003242EA01325A602CE719
:105FC00022F0FE4242EA0162F8E7E1681A6839B35A
:105FD00022F019023D4D0A431A6003F011FF0646F4
:105FE0002B68580711D5FCF79FFB41F20303226988
:105FF00098426B680FD823F47C33402A0CBF43F4DB
:10600000003343EA02336B6007E703F0F9FE801BBD
:106010000228E5D986E723F0FE4343EA0263F2E76C
:1060200022F00102294E1A6003F0EAFE05463368A9
:1060300059077FF5F2AE03F0E3FE401B0228F6D9C4
:1060400070E7DA6822F07C5242EA0162DA600FE718
:10605000E2694AB31A681D4D42F080021A6003F0EB
:10606000CFFE06462B68DF0511D5FCF75DFB41F23C
:106070000303226A984210D86B68202A23F0F84361
:106080000CBF43F0804343EA82636B60F0E603F0A9
:10609000B7FE801B0228E5D944E7EB6823F07C5368
:1060A00043EA0263EB60E3E61A68084E22F08002DE
:1060B0001A6003F0A5FE05463368D8057FF5D8AE13
:1060C00003F09EFE401B0228F6D92BE7004402583D
:1060D000004802586369964D83B16B6F43F001032A
:1060E0006B6703F08DFE06466B6F9B073FF5C4AEF2
:1060F00003F086FE801B0228F6D913E76B6F23F0AE
:1061000001036B6703F07CFE06466B6F9F077FF50C
:10611000B3AE03F075FE801B0228F6D902E7A3692F
:10612000834D83B12B6843F480532B6003F068FEEA
:1061300006462B6898043FF5A3AE03F061FE801B72
:106140000228F6D9EEE62B6823F480532B6003F087
:1061500057FE06462B6899047FF592AE03F050FE79
:10616000801B0228F6D9DDE603F04AFE801B642876
:106170007FF691AED6E6B3B92B6F41F2883723F0A4
:1061800001032B672B6F23F004032B6703F038FE0A
:1061900006462B6F98077FF595AE03F031FE801B06
:1061A000B842F6D9BEE6052B2B6F03D143F00403AA
:1061B0002B6779E623F001032B672B6F23F0040391
:1061C00075E603F01DFE401BB8427FF677AEA9E6E8
:1061D000574D2B6903F03803182B7AD02B6802290E
:1061E00023F080732B6067D103F00AFE06462B680C
:1061F00099015BD4AB6AA26A23F47C7323F0030396
:106200001343E26A43EA0213AB62636BA26B013B86
:10621000013A5B0212049BB202F4FE021343226BAA
:10622000013AC2F308021343E26B013A120602F08C
:10623000FE4213432B63EB6A23F00103EB626B6BAB
:10624000A26C23F47F4323F0F80343EAC2036B6399
:10625000EB6A226C23F00C031343EB62EB6A626C73
:1062600023F002031343EB62EB6A43F48033EB62E7
:10627000EB6A43F40033EB62EB6A43F48023EB6296
:10628000EB6A43F00103EB622B6843F080732B60F1
:1062900003F0B6FD264D04462B689A013FF516AE75
:1062A00003F0AEFD001B0228F6D93BE603F0A8FD83
:1062B000801B02289BD935E603F0A2FD04462B681B
:1062C0009B017FF503AE03F09BFD001B0228F6D96E
:1062D00028E60129AA6A2B6B3FF40DAE02F00301F8
:1062E000A06A81427FF407AEC2F30512E16A8A42D6
:1062F0007FF401AE226BC3F30801013A91427FF4AF
:10630000FAAD626BC3F34621013A91427FF4F3ADDB
:10631000A26BC3F30641013A91427FF4ECADE26B0C
:10632000C3F30663013A93423FF4D0ADE3E500BF07
:106330000044025870B5234C88B00E461546D4F878
:10634000E030F8B943F001034FF4807C03A9C4F8AE
:10635000E030D4F8E030079003F001030193019B93
:106360000223CDE903C30323CDE905031648FDF756
:10637000DDFB236923F0FE7343EA06012943216113
:1063800008B070BD43F004034FF4007203210F48BE
:10639000C4F8E030D4F8E03003F004030293029B29
:1063A0000223CDE903230023CDE9053103A9079397
:1063B000FDF7BCFB236923F07E4343EA060141EA73
:1063C000C511DCE7004402580000025800080258DA
:1063D000484B1A6902F03802102A30B500F0868066
:1063E000182A0CD0002A40F083801A68424812F024
:1063F000200F03D01B68C3F3C103D84030BD996A96
:106400009D6ADA6A15F47C7FC5F305105C6BF5D0E4
:10641000C4F3CC0402F0010207EE900A01F003017C
:106420006243B7EE006AF8EEE76A012907EE902AA8
:10643000FAEEE97A4CD002293CD0002948D11A68FA
:10644000920627D519682C4AC1F3C1011B6BCA40BB
:10645000C3F3080307EE102AF8EEC75A85EEA67AB2
:1064600006EE903AF8EEE66A76EEA77A77EE867A4E
:10647000204B67EE877A1B6BC3F34623013307EE8D
:10648000103AF8EEC76A87EEA67AFCEEC77A17EEE6
:10649000900AB3E71B6BC3F3080307EE103AB8EE9C
:1064A000C77A77EE277A77EE867A9FED146A86EEC2
:1064B000267ADDE71B6BC3F3080307EE103AB8EE4C
:1064C000C77A77EE277A77EE867A9FED0D6AEEE748
:1064D0001B6BC3F3080307EE103AB8EEC77A77EEEA
:1064E000277A77EE867A9FED076AE0E7064885E728
:1064F000064883E7004402580090D0030024744CFF
:1065000020BCBE4B0024744A40787D0100093D0048
:106510002DE9F0410D46044610B90120BDE8F08197
:10652000884A136803F00F038B42C0F093802368FE
:106530005F0700F19B801E070BD583496669C86918
:1065400000F07000864204D9CA6922F0700232431A
:10655000CA61D8060BD57C49A669C86900F4E06019
:10656000864204D9CA6922F4E0623243CA619906BC
:106570000BD57549E669086A00F07000864204D9B7
:106580000A6A22F0700232430A629A070BD56E49FA
:10659000E668886900F00F00864204D98A6922F013
:1065A0000F0232438A61DF076ED423689E0700F131
:1065B000A18064490A6802F00F02AA4200F2A88092
:1065C000580700F1B18019070BD55F496569C869A3
:1065D00000F07000854204D2CA6922F070022A439A
:1065E000CA61DA060BD55849A569C86900F4E060AC
:1065F000854204D2CA6922F4E0622A43CA619B063A
:106600000BD5514AE069116A01F07001884204D249
:10661000136A23F0700303431362FFF7D9FE4A495C
:106620004A4A8B69C3F30323D35C03F01F03D840AA
:106630008B6903F00F03D35C454A03F01F0320FA74
:1066400003F31360434B1860434BBDE8F0411868F7
:1066500003F0D0BB136823F00F030B4313601368E0
:1066600003F00F038B427FF458AF60E73649266989
:10667000886900F0700086427FF65DAF8A6922F07B
:10668000700232438A6156E72F4BA1689A6922F45F
:1066900070620A439A6162681B68022A1DD113F472
:1066A000003F3FF43AAF284E41F28838336923F077
:1066B00007031343336103F0A3FB074633696268A2
:1066C00003F03803B3EBC20F3FF46FAF03F098FB56
:1066D000C01B4045F2D9032020E7032A02D113F062
:1066E000007FDEE7012A02D113F4807FD9E713F09F
:1066F000040FD6E71449E668886900F00F00864267
:10670000BFF457AF8A6922F00F0232438A6150E723
:106710000A6822F00F022A430A600A6802F00F0298
:10672000AA427FF4FAAE4BE707492569886900F071
:1067300070008542BFF447AF8A6922F070022A4395
:106740008A6140E7002000520044025806A1070871
:106750007C0E0024780E0024740E002410B50C4C1E
:10676000FFF736FE0B49A369C3F30323CA5CA36991
:1067700002F01F0203F00F0320FA02F2CB5C03F0D9
:106780001F0322FA03F0044B1860044B1A6010BD7B
:106790000044025806A107087C0E0024780E00244D
:1067A00008B5FFF7DBFF054B054ADB69C3F30213AE
:1067B000D35C03F01F03D84008BD00BF004402585B
:1067C00006A1070808B5FFF7C9FF054B054ADB69B5
:1067D000C3F30223D35C03F01F03D84008BD00BFFE
:1067E0000044025806A1070838B53F230446036059
:1067F0003A4B1A68510360D54FF4A02262601B68BF
:10680000364D03F08003E361FBF78EFF41F2030393
:10681000984259D86B68C3F3846323622B6803F0F2
:106820000103E360FBF780FF41F2030398426B68CA
:1068300094BFC3F30533C3F306632361274B1A6F79
:10684000520745D50522A2605A6F02F0010262612B
:106850001A68C2F30032A2611B6813F0807F14BF74
:106860000223012363621D4B9A6A02F00302A262B3
:106870009A6AC2F30512E2621A6BC2F3080201328D
:1068800022631A6BC2F306620132E2631A6BC2F32F
:106890004622013262631A6BC2F306420132A263DE
:1068A000DA6A02F00C022264DA6AC2F3400262641D
:1068B0005B6BC3F3CC03A36438BD1A6812F4803257
:1068C00018BF4FF4803299E7EB68C3F30563A4E780
:1068D0001A6F12F0010218BF0122B4E700440258F7
:1068E0003F230360114B1A6902F0070242609A6964
:1068F00002F4706282609A6902F00F02C2609A69C3
:1069000002F070020261DA6902F070024261DA6933
:1069100002F4E06282611B6A03F07003C361044BFE
:106920001B6803F00F030B60704700BF0044025860
:1069300000200052F8B53A4C06460D46A36A03F013
:106940000303032B69D0236823F08063236003F0E3
:1069500057FA074623681A014BD4A36A326823F416
:106960007C3343EA0233A362B368F268013B013A25
:106970005B0212049BB202F4FE0213437268013AF6
:10698000C2F3080213433269013A120602F0FE42D2
:106990001343A363E36A726923F0C0031343E36202
:1069A000E36AB26923F020031343E362E36A23F04E
:1069B0001003E362E36BF26923F47F4323F0F803EF
:1069C00043EAC203E363E36A43F01003E362E36A6A
:1069D000B5B943F40023E362114C236843F08063AC
:1069E000236003F00DFA054623681B010FD5002034
:1069F00005E003F005FAC01B0228ABD90320F8BD5F
:106A0000012D0CBF43F4801343F40013E3E703F0BC
:106A1000F7F9401B0228E7D9F0E70120EFE700BFB4
:106A200000440258F8B53A4C06460D46A36A03F0F6
:106A30000303032B69D0236823F08053236003F002
:106A4000DFF9074623689A004BD4A36A326823F023
:106A50007C7343EA0253A362B368F268013B013AD4
:106A60005B0212049BB202F4FE0213437268013A05
:106A7000C2F3080213433269013A120602F0FE42E1
:106A800013432364E36A726923F440631343E362AC
:106A9000E36AB26923F400731343E362E36A23F405
:106AA0008073E362636CF26923F47F4323F0F8039D
:106AB00043EAC2036364E36A43F48073E362E36A14
:106AC000B5B943F48003E362114C236843F080536B
:106AD000236003F095F9054623689B000FD500203D
:106AE00005E003F08DF9C01B0228ABD90320F8BDE7
:106AF000012D0CBF43F4000343F08073E3E703F080
:106B00007FF9401B0228E7D9F0E70120EFE700BF3B
:106B1000004402582DE9F8430668054616F0006661
:106B200009D0836EB3F5001F2ED013D8F3B1B3F59F
:106B3000801F21D001262B68DB0540F10281AB6D5F
:106B4000042B00F2FD80DFE813F024002B00F50099
:106B500029002900B3F5401FECD1B84A0026A96EE0
:106B6000136D23F440130B431365E4E7B34AD36A70
:106B700043F40033D362F0E702210430FFF7DAFE7A
:106B800006460028D7D1E8E702212430FFF74AFF64
:106B9000F6E7AA4AD36A43F40033D362344604E0EA
:106BA0000021281DFFF7C6FE0446002C40F0CB80D4
:106BB000A24AA96D136D23F007030B4313652B68DD
:106BC0009F050DD5EB6D802B00F0DA8000F2BD80C3
:106BD000002B00F0C980402B00F0CC800126344609
:106BE0002B68580510D5D5F8A830B3F5800F00F004
:106BF000EC8000F2CD80002B00F0DB80B3F5001FAD
:106C000000F0DD80012634462B68190510D5D5F833
:106C1000AC30B3F1007F00F0FD8000F2DE80002B8D
:106C200000F0EC80B3F1807F00F0EE800126344666
:106C30002B689A010DD5AB6C202B00F0078100F278
:106C4000F180002B00F0F180102B00F0F98001267C
:106C500034462B68DB040FD52B6EB3F5005F00F0D4
:106C6000198100F2FB80002B00F00881B3F5805FF2
:106C700000F00A81012634462B689F040FD56B6E05
:106C8000B3F5003F00F0268100F20C81002B00F0EC
:106C90001281B3F5803F00F01781012634462B683E
:106CA000580410D5D5F8B030B3F1005F00F033814F
:106CB00000F21881002B00F01E81B3F1805F00F01C
:106CC0002481012634462B68590114D5EB6C43B15D
:106CD000B3F5807F40F027810121281DFFF72AFEB0
:106CE0000446002C40F02281544AE96CD36C23F412
:106CF00080730B43D3642B681A040DD52B6FB3F14B
:106D0000805F00F01581B3F1005F00F01F81002B60
:106D100000F01381012634462B68DB0140F12C8101
:106D20006B6C032B00F26C81DFE813F01D0118017E
:106D300064011D01002105F12400FFF773FE33E714
:106D4000012634463BE7264639E7C02B03D0B3F58E
:106D5000807F7FF443AFCCB9384AE96D136D23F4DB
:106D6000E0730B4313653BE7344AD36A43F40033C3
:106D7000D362F0E70021281DFFF7DCFD0446EAE7B7
:106D8000002105F12400FFF74DFEF7E7264627E72F
:106D9000B3F5C00F03D0B3F5000F7FF433AFD4B910
:106DA000264AD5F8A810936D23F460030B4393652E
:106DB0002AE7224AD36A43F40033D362EFE7002183
:106DC000281DFFF7B7FD0446E9E7002105F124007F
:106DD000FFF728FEF7E7264616E7B3F1407F03D01A
:106DE000B3F1806F7FF422AFD4B9144AD5F8AC1058
:106DF000936D23F0E0630B43936519E70F4AD36A61
:106E000043F40033D362EFE70021281DFFF792FD22
:106E10000446E9E7002105F12400FFF703FEF7E748
:106E2000264605E7302B7FF412AFACB9034AA96CB4
:106E3000D36C23F030030B43D3640AE700440258B9
:106E40009B4AD36A43F40033D362EEE70221281D44
:106E5000FFF770FD0446E8E72646FAE6B3F5405F23
:106E600003D0B3F5804F7FF405AFCCB9904A296EBB
:106E7000136D23F4E0430B431365FDE68C4AD36A9C
:106E800043F40033D362F0E70021281DFFF752FDE1
:106E90000446EAE7002105F12400FFF7C3FDF7E708
:106EA0002646E9E623F48032B2F5802F03D0B3F50D
:106EB000403F7FF4F2AE9CB97D4A696E136D23F4B6
:106EC000E0230B431365EAE60121281DFFF732FD9D
:106ED0000446F0E7012105F12400FFF7A3FDF7E7E1
:106EE0002646DCE623F08052B2F1804F03D0B3F1A6
:106EF000405F7FF4E6AEA4B96D4AD5F8B010936D4B
:106F000023F0E0430B439365DDE60121281DFFF7E5
:106F100011FD0446EFE7012105F12400FFF782FD92
:106F2000F7E72646CFE601263446E4E62646E2E6C3
:106F30005F4AD36A43F40033D3626CB95C4A296F69
:106F4000136D23F040530B431365E5E60121281D23
:106F5000FFF7F0FC0446F0E72646DDE6544AD36A24
:106F600043F40033D362002C4DD1514A696CD36C89
:106F700023F003030B43D3642B685F024DD54D4FC1
:106F80003B6843F480733B6002F03AFF80463B6805
:106F9000D8053AD5002C6CD1454BD5F8B4001A6F02
:106FA000424012F4407F0BD01A6F196F22F44072E6
:106FB00041F480311967196F21F4803119671A671C
:106FC000B0F5807F40D0D5F8B430394903F4407231
:106FD000B2F5407F49D10869374A20F47C5002EA73
:106FE000131202430A61C3F30B03314A116F0B43BF
:106FF000136712E00221281DFFF79CFC0446B2E74C
:1070000001263446B8E72646B6E702F0F9FEA0EBC3
:1070100008006428BBD9032634462B68DA0708D554
:10702000EB6F102B3CD026D85BB3082B32D0012657
:1070300034462B689B074ED5AB6F052B61D8DFE834
:1070400003F0423D5A42424202F0DAFEDFF860802D
:10705000074641F28839D8F870309907B3D402F066
:10706000CFFEC01B4845F6D9D5E70A6922F47C5209
:10707000B8E72646D1E723F00802202A01D0182BD2
:10708000D5D19CB90A4AE96F536D23F038030B43FD
:107090005365CEE70121281DFFF74CFC0446F0E7BD
:1070A000012105F12400FFF7BDFCF7E72646C0E704
:1070B0000044025800480258CFFFFF000121281D5C
:1070C000FFF738FC0446FCB9B74AA96F536D23F0AB
:1070D00007030B4353652B685F0727D5D5F894301A
:1070E000052B00F23A81DFE813F01600110032019F
:1070F000160016001600012105F12400FFF792FC8E
:10710000E0E701263446E6E72646E4E70121281DAC
:10711000FFF710FC0446002C40F02281A24AD5F86B
:107120009410936D23F007030B4393652B68980627
:1071300010D5D5F89030B3F1005F00F02C8100F24B
:107140001181002B00F01781B3F1805F00F01D81E9
:10715000012634462B68590610D5D5F89C30B3F576
:10716000006F00F03C8100F22181002B00F02781AC
:10717000B3F5806F00F02D81012634462B681A0686
:1071800010D5D5F8A030B3F5804F00F0498100F25A
:107190002E81002B00F03481B3F5005F00F03A81BE
:1071A000012634462B681B0714D5D5F88430B3F577
:1071B000805F07D1022105F12400FFF733FC00288E
:1071C00018BF0126784AD5F88410536D23F4405334
:1071D0000B4353652B68DF0614D5D5F89830B3F50B
:1071E000807F07D1022105F12400FFF71BFC002856
:1071F00018BF01266C4AD5F89810936D23F440739C
:107200000B4393652B6818031AD5D5F8A410B1F574
:10721000803F00F00D81B1F5003F06D0002940F01D
:107220000D81281DFFF786FB0446002C40F00981E4
:107230005D4AD5F8A410936D23F440330B43936556
:107240002B6859031CD5D5F88830B3F5001F00F022
:10725000FA80B3F5401F08D0B3F5801F40F0FA80E4
:10726000514AD36A43F40033D362002C40F0F580D6
:107270004D4AD5F88810536D23F440130B435365E2
:107280002B68DA0309D52B6D002B00F0E880B3F5ED
:10729000803F00F0F280012634462B689B0007D522
:1072A000022105F12400FFF7BDFB002818BF0126CD
:1072B0002B689F030BD5D5F88010B1F5807F00F0C7
:1072C000F28000F2E280002900F0E5800126DC0275
:1072D00006D53549686F0A6D22F0004202430A65FF
:1072E000D80007D53049D5F8B8000A6922F48042A1
:1072F00002430A61990206D52B49E86E0A6D22F015
:10730000807202430A655A0009D5274A116921F49F
:10731000004111611169D5F8BC0001431161002BD6
:1073200006DA2149686DCA6C22F040520243CA64F1
:107330001B0207D51C4AD5F88C10536D23F440036B
:107340000B435365301E18BF0120BDE8F8830121AF
:1073500005F12400FFF766FBDCE601263446E5E68E
:107360002646E3E623F08052B2F1804F03D0B3F11A
:10737000405F7FF4EDAEA4B90B4AD5F89010536D81
:1073800023F0E0430B435365E4E60021281DFFF79B
:10739000D1FA0446EFE7022105F12400FFF742FB92
:1073A000F7E72646D6E600BF0044025823F4806281
:1073B000B2F5805F03D0B3F5406F7FF4DDAEA4B9C2
:1073C0003D4AD5F89C10936D23F4E0530B4393652D
:1073D000D4E60021281DFFF7ADFA0446EFE70221AD
:1073E00005F12400FFF71EFBF7E72646C6E623F467
:1073F0000052B2F5004F03D0B3F5C04F7FF4D0AECA
:10740000A4B92D4AD5F8A010936D23F460430B4323
:107410009365C7E60021281DFFF78CFA0446EFE7C5
:10742000022105F12400FFF7FDFAF7E72646B9E649
:10743000022105F12400FFF7F5FAF5E601263446AE
:10744000FEE62646FCE6012105F12400FFF7EAFAF4
:1074500004460AE70126344612E7264610E7164A94
:10746000D36A43F40033D3626CB9134A296DD36CE9
:1074700023F480330B43D3640FE70221281DFFF769
:1074800059FA0446F0E7264607E721F48072B2F580
:10749000007F7FF41BAF64B90748426D22F440724D
:1074A0000A43426513E70448C26A42F40032C262EA
:1074B000F1E726460BE700BF0044025808B5FFF786
:1074C0004DF9054B054A1B6AC3F30213D35C03F065
:1074D0001F03D84008BD00BF0044025806A107089A
:1074E0004E4A70B5946A966AD36A16F47C3FC6F326
:1074F0000531D56B00F08D8007EE901AC3F30013B1
:10750000C5F3CC0104F00304F8EEE76A4B43012C09
:10751000B7EE006A07EE903AFAEEE97A6BD0022CE9
:107520005BD0002C67D113689B0646D51168936B1E
:10753000C1F3C1013A4AC3F30803CA4007EE102A57
:10754000F8EEC75A85EEA67A06EE903AF8EEE66AAD
:1075500076EEA77A77EE867A304A67EE877A936B73
:10756000C3F3462307EE103AB8EEC77A37EE067A31
:10757000C7EE876AFCEEE66AC0ED006A936BC3F360
:10758000064307EE103AB8EEC77A37EE067AC7EE32
:10759000876AFCEEE66AC0ED016A936BC3F306638B
:1075A00007EE103AB8EEC77A37EE066A87EE867AAB
:1075B000BCEEC77A80ED027A70BD936BDFED195A8D
:1075C000C3F3080307EE103AB8EEC77A77EE277ACE
:1075D00077EE867A85EEA67ABEE7936BDFED125AD8
:1075E000C3F3080307EE103AB8EEC77A77EE277AAE
:1075F00077EE867AEEE7936BDFED0C5AC3F3080360
:1076000007EE103AB8EEC77A77EE277A77EE867AE9
:10761000E0E7C0E900118160CEE700BF00440258F6
:107620000090D0030024744C20BCBE4B0024744A4C
:107630004E4A70B5946A966AD36A16F07C7FC6F398
:107640000551556C00F08D8007EE901AC3F30023AE
:10765000C5F3CC0104F00304F8EEE76A4B43012CB8
:10766000B7EE006A07EE903AFAEEE97A6BD0022C98
:107670005BD0002C67D113689B0646D51168136C4C
:10768000C1F3C1013A4AC3F30803CA4007EE102A06
:10769000F8EEC75A85EEA67A06EE903AF8EEE66A5C
:1076A00076EEA77A77EE867A304A67EE877A136CA1
:1076B000C3F3462307EE103AB8EEC77A37EE067AE0
:1076C000C7EE876AFCEEE66AC0ED006A136CC3F38E
:1076D000064307EE103AB8EEC77A37EE067AC7EEE1
:1076E000876AFCEEE66AC0ED016A136CC3F30663B9
:1076F00007EE103AB8EEC77A37EE066A87EE867A5A
:10770000BCEEC77A80ED027A70BD136CDFED195ABA
:10771000C3F3080307EE103AB8EEC77A77EE277A7C
:1077200077EE867A85EEA67ABEE7136CDFED125A05
:10773000C3F3080307EE103AB8EEC77A77EE277A5C
:1077400077EE867AEEE7136CDFED0C5AC3F308038D
:1077500007EE103AB8EEC77A77EE277A77EE867A98
:10776000E0E7C0E900118160CEE700BF00440258A5
:107770000090D0030024744C20BCBE4B0024744AFB
:10778000704738B50446C0B1437A03F0FF0213B91D
:107790000272FFF7F5FF02236168637223681A68BB
:1077A00022F020020A431A601A6842F004021A60AA
:1077B0005B685B0603D50423637201200AE002F0D4
:1077C0001FFB05462368586810F0040003D101220E
:1077D0006272E06038BD02F013FB401B0228F1D951
:1077E000042363720223E360E7E7704710B50446A1
:1077F00098B103681A6822F020021A601A6822F011
:107800000C021A605A6822F060025A60FFF7EDFF1E
:10781000002060722072E06010BD0120FCE72DE9BD
:10782000F041037A04460F46012B2AD00123427A05
:107830009A42D5B2037220D10223437202F0E0FAD9
:1078400080462268566816F0010608D09368002525
:1078500023613B6001236372002323720AE002F07C
:10786000CFFAA0EB08000228EBD90123267263723D
:107870000223E3602846BDE8F08104221D46C26071
:10788000EAE70225F6E70368503343F82120704702
:1078900070470000304A0368904212D0B0F1804F28
:1078A0000FD0A2F57C4290420BD002F5806290424C
:1078B00007D002F58062904203D002F578429042F0
:1078C00019D14A6823F070031343234A90421DD014
:1078D000B0F1804F1AD0A2F57C42904216D002F54A
:1078E0008062904212D002F5806290420ED002F582
:1078F000784290420AD0194A904207D002F580623D
:10790000904203D002F58062904203D123F4407389
:10791000CA6813434A6923F08003134303608B68EA
:10792000C3620B6883620C4B98420FD003F58063EF
:1079300098420BD003F57053984207D003F580634B
:10794000984203D003F58063984201D10B69036329
:1079500001234361704700BF000001400040014027
:1079600010B5044650B390F83D3003F0FF021BB948
:1079700080F83C20FFF78CFF02232068211D84F84B
:107980003D30FFF787FF0123002084F8483084F85A
:107990003E3084F83F3084F8403084F8413084F839
:1079A000423084F8433084F8443084F8453084F819
:1079B000463084F8473084F83D3010BD0120FCE7A4
:1079C00001F01F01036A10B501248A408C4023EAAC
:1079D00004030362036A1A43026210BD10B5044631
:1079E00029B990F83E30012B31D0012010BD042977
:1079F00007D190F83F30012BF7D1022380F83F30B8
:107A000028E0082907D190F84030012BEDD102235E
:107A100080F840301EE00C2907D190F84130012B4E
:107A2000E3D1022380F8413014E0102907D190F807
:107A30004230012BD9D1022380F842300AE090F87D
:107A40004330012BD1D1022380F8433002E00223DE
:107A500080F83E3001222068FFF7B2FF2368204AF9
:107A6000934219D002F58062934215D002F570520C
:107A7000934211D002F5806293420DD002F58062EC
:107A8000934209D0B3F1804F0ED19968154A0A404C
:107A9000062A21D10020A9E75A6C42F400425A6418
:107AA0000F4A9342EED1F0E70F4A9342EDD002F530
:107AB00080629342E9D002F580629342E5D002F5FC
:107AC00078429342E1D0A2F56C429342DDD01A682D
:107AD00042F001021A60DDE7B2F5803FF7D1D9E745
:107AE0000000014007000100000400407047000052
:107AF000F0B504460368C06987B02169A2681D68B3
:107B00000A4361690A43A449024329400A43E168E0
:107B10001A605A6822F440520A43A1695A609F4A87
:107B200093421CBF226A11439A6822F06E4222F4EB
:107B300030620A43616A9A60DA6A22F00F020A43ED
:107B4000DA62974A93421BD1964B5B6D03F0380380
:107B5000282B6CD8944AB0F5004FD35C40F00281DA
:107B6000082B00F2BF80082B61D8DFE813F0E70094
:107B7000EC0060006000EF00600060006000F40056
:107B80008A4A934207D1874B5B6D03F00703052BAD
:107B90004DD8874ADFE7874A934207D1814B5B6D17
:107BA00003F00703052B42D8834AD4E7834A934264
:107BB00007D17C4B5B6D03F00703052B37D8804A58
:107BC000C9E7804A934207D1764B5B6D03F0070308
:107BD000052B2CD87C4ABEE77C4A934207D1714BD7
:107BE0005B6D03F03803282B21D8794AB3E7794A33
:107BF000934207D16B4B5B6D03F00703052B16D83F
:107C0000754AA8E7754A934207D1664B5B6D03F04E
:107C10000703052B0BD8724A9DE7604A934206D1B1
:107C200002F50E32936D03F00703052B01D90120F5
:107C30000EE06C49CB5C102B23D011D8042B16D04E
:107C4000082B19D0022BF2D1FFF738FC10BB002013
:107C50004FF00113A3660023C4E91C3307B0F0BD45
:107C6000202B3DD0402BE2D14FF4004012E068467B
:107C7000FFF736FC0198E9E703A8FFF7D9FC049861
:107C8000E4E71368584813F0200F03D01368C3F3D8
:107C9000C103D840554B626A656833F8122005EB82
:107CA0004501B0FBF2F39942C1D8B3EB053FBED812
:107CB0000023002105F004FF2A460F0200230602DC
:107CC00047EA10676808301847F1000105F0F8FE30
:107CD000474BA0F540729A42A9D82368D860B6E70E
:107CE0004448D7E7202B3BD0402B0BD0102B9ED104
:107CF0002C4B3D481A6812F0200F03D01B68C3F3C9
:107D0000C103D840616A394B626833F81130B0FB67
:107D1000F3F3500800EB4300B0FBF2F083B24FF6F0
:107D2000EF72A3F11001914281D820F00F00C3F34C
:107D30004203226880B21843D06088E7FEF730FD26
:107D4000002884D0DEE7FEF73DFDF9E76846FFF73F
:107D5000C7FB0198F4E703A8FFF76AFC0498EFE774
:107D60002448CFE7082B47D8082B3FF660AF01A285
:107D700052F823F0497E0608557E06082F7C060837
:107D80002F7C06085B7E06082F7C06082F7C0608E1
:107D90002F7C0608657E0608F369FFCF000C0058AB
:107DA0000010014000440258B8A0070800440040F9
:107DB000E1A0070800480040E1A00708004C00408F
:107DC000E1A0070800500040E1A0070800140140AE
:107DD000B8A0070800780040E1A00708007C004038
:107DE000E1A00708E7A007080090D003EEA007086D
:107DF000FFFC0F0000093D00202B38D0402B38D06D
:107E0000102B7FF414AF1D4A136813F0200F1C4B86
:107E100032D01068C0F3C10023FA00F0616A194B38
:107E2000626833F81130B0FBF3F303EB5203B3FB9A
:107E3000F2F39BB24FF6EF72A3F1100191423FF6BD
:107E4000F6AE2268D36002E7FEF7AAFC00283FF4F2
:107E5000FEAEE3E7FEF7B6FCF8E76846FFF740FB47
:107E60000198F3E703A8FFF7E3FB0498EEE7064861
:107E7000D4E74FF40040D1E71846CFE7004402585A
:107E80000090D003EEA0070800093D00836ADA07DE
:107E900010B506D50168C46A4A6822F4003222434C
:107EA0004A609C0706D50168046B4A6822F4803258
:107EB00022434A60590706D50168446B4A6822F498
:107EC000802222434A601A0706D50168846B4A68FB
:107ED00022F4004222434A60DC0606D50168C46BE6
:107EE0008A6822F4805222438A60990606D5016886
:107EF000046C8A6822F4005222438A605A0610D524
:107F00000168446C4A68B4F5801F22F4801242EA8A
:107F100004024A6005D14A68846C22F4C0022243FC
:107F20004A601B0606D50268C16C536823F400231F
:107F30000B43536010BD2DE9F041DDF81880044675
:107F40000E4615461F462268D36936EA03030CBF66
:107F500001230023AB4201D000201CE0B8F1FF3F19
:107F6000F2D001F04DFFC01B40452068036802D8E5
:107F7000B8F1000F11D123F4D0730360836823F0AC
:107F8000010383602023C4F88430C4F888300023C0
:107F9000032084F88030BDE8F0815A07D3D5C36947
:107FA0001B05D0D54FF400630362036823F4D0733C
:107FB0000360836823F0010383602023C4F88430C6
:107FC000C4F88830C4F88C30E1E730B500250446A9
:107FD00085B0C0F88C5001F013FF22680346126888
:107FE000110717D422681268520709D56FF07E4234
:107FF0004FF48001204600920022FFF79CFFB0B9A9
:1080000020230020C4F8843084F88000C4F888302D
:10801000E0660DE06FF07E4203904FF400112046C1
:1080200000922A46FFF787FF039B0028DAD003203F
:1080300005B030BD10B5044650B3D0F884301BB93C
:1080400080F88030FFF752FD226824232046C4F8D0
:108050008430136823F001031360FFF749FD012802
:1080600016D0A36A13B12046FFF710FF23682046FD
:108070005A6822F490425A609A6822F02A029A6062
:108080001A6842F00102BDE810401A60FFF79DBF78
:10809000012010BD90F88030012B09D002681368D0
:1080A00043F002031360002380F8803018467047C5
:1080B0000220704790F88030012B09D002681368C5
:1080C00023F002031360002380F8803018467047C5
:1080D000022070470A4B013B0FD00269002AFADAEE
:1080E0000369074A43F001030361013A05D00369BC
:1080F00013F00103F9D1184670470320704700BF01
:10810000410D030084B038B505AD044685E80E0086
:108110000A9B012B2FD1836B23F480338363C368C5
:1081200023F4840323F04003C360C36823F44013A3
:10813000C360119B012B03D1C36843F48013C36058
:108140002046FFF7C7FF089B012B10D1E36D9BB2C0
:10815000E365E36D43F07B7343F40033E365A368A9
:1081600043F00603A360A36843F02003A360BDE8C7
:10817000384004B07047C36843F04003C360FFF762
:10818000A9FF0E9B23B9A36B43F48033A363DAE703
:10819000A36B23F48033F9E7022A4AD1274B284AFC
:1081A0000B44934239D9274B274A0B44934236D983
:1081B000A1F57403254AA3F51053934231D9A1F1D7
:1081C0008373234AA3F5E74393422CD3214B224ADE
:1081D0000B44934229D9214B214A0B44934226D385
:1081E000204B214A0B44934223D3A1F1B7731F4A7A
:1081F000A3F5585393421ED31D4B1E4A0B44934282
:1082000034BF07230623C26822F47052C260C268DA
:1082100042EA8323C360002070470F23F3E70E2355
:10822000F1E70D23EFE70C23EDE70B23EBE70A2340
:10823000E9E70923E7E70823E5E700BF405327FF05
:10824000FF340C00401E1BFF3F420F007F4F120007
:1082500020D6130060B6E5FE5FE3160000D3CEFE25
:1082600040771B00C05BB3FEC09121002075380031
:10827000E05459FEE09C4100836843F001038360B1
:1082800000207047836823F001038360002070475B
:1082900008B5C368012923F0C043C36008D1C3688F
:1082A00043F00053C3603220FAF72CFA002008BDD7
:1082B00019B9C36843F08043F4E70120F7E70000F1
:1082C0008901074A41F020010161013A05D00369A3
:1082D00013F02003F9D1184670470320704700BF00
:1082E000410D03001023064A0361013A05D00369DA
:1082F00013F01003F9D1184670470320704700BFF0
:10830000410D0300D0F800381943C0F800180020D0
:108310007047000084B02DE9F843044609A80E46D2
:1083200080E80E000023139D194603F1400201333B
:1083300004EB82020F2B5160F7D104F50067002D8A
:108340006CD17B6843F002037B60A36B23F40013C2
:10835000A363236843F040032360236843F0800352
:1083600023600023C4F8003ED4F80038C4F8003875
:108370000E9B012B59D10B99002954D120464FF661
:108380007F38FFF7BFFF10212046FFF799FF014616
:108390002046FFF7A7FF0843002304F51062C0B290
:1083A0004FF0904C19464FF0006E00383B617B61F6
:1083B00018BF0120FB61B34239D1002204F53063BC
:1083C0004FF0904C4FF0006E11464FF67F38B2429E
:1083D00040D13B6923F480733B610023A3616FF0BC
:1083E000804363610C9B1BB9A36943F01003A36135
:1083F000A269224B1343A3610F9B1BB1A36943F0F6
:108400000803A361012D05D1A36943F0804343F024
:108410000403A361BDE8F84304B07047A36B43F4C1
:108420000013A3639DE71946A8E70321A6E7D2F846
:108430000090B9F1000F0BDA3BB9C2F800E011610E
:108440000133C2F808802032B5E7C2F800C0F6E771
:108450001160F4E7D3F80090B9F1000F0BDA3AB9E4
:10846000C3F800E019610132C3F808802033AEE799
:10847000C3F800C0F6E71960F4E700BF00383C809D
:10848000D0F8083813F0060004D013F0020F14BF20
:1084900002200F20704730B50D78012400F50062EE
:1084A00005F00F0300EB45109C404B78012BD3697E
:1084B00018D11C43D461D0F800391A0410D48A684A
:1084C000D0F80049C2F30A03CA78234343EA82433F
:1084D00043EA855343F0805343F40043C0F8003926
:1084E000002030BD43EA0444D461D0F8003B1B04B3
:1084F000F6D48B68D0F8002BC3F30A031343CA7871
:1085000043EA824343F0805343F40043C0F8003B06
:10851000E6E7000010B50A78497800EB421300F551
:108520000060012902F00F0222D1D3F800190029BE
:108530000BDAD3F8001941F00061C3F80019D3F841
:10854000001941F08041C3F800190121C46B01FA00
:1085500002F224EA0204C463C16921EA0202C26190
:10856000154AD3F800190A40C3F80029002010BDAD
:10857000D3F8001B00290BDAD3F8001B41F000618F
:10858000C3F8001BD3F8001B41F08041C3F8001B67
:108590004FF48031C46B01FA02F224EA0204C4638E
:1085A000C16921EA0202C261044AD3F8001B0A40F1
:1085B000C3F8002BDAE700BF007833EC0078F3EF64
:1085C0004B78DFF8ECC0012BF0B50E784D6900EB6D
:1085D0004614364F46D104F51063BDB91D692F40CE
:1085E0001F611D6945F400251D611D6905EA0C0523
:1085F000012A1D6123D10A6902B15A61D4F80039F8
:1086000043F00443C4F800390020F0BDD3F810E073
:108610000EEA0C0CC3F810C0D3F810C00CEA070720
:108620001F618F68AF421D6945F4002538BF4F6157
:108630001D614D691F69C5F312053D43D8E7D4F8A4
:10864000003943F00443C4F800394B69002BDBD0F8
:1086500006F00F060123D0F83428B3401343C0F8C6
:108660003438D1E7D4F8100B04F5306300EA0C007D
:108670001861186938401861886805B148611D693A
:10868000C0F31200012A45F400251D611D6940EA6E
:108690000500186102D1CA6802B15A61D4F8003BE2
:1086A00043F00443C4F8003BAEE700BFFFFF07E020
:1086B0000000F8FF10B59DF8084044B903330132BB
:1086C0009B0800EB023001EB83038B4201D10020B9
:1086D00010BD51F8042B0260F7E700002DE9F341CB
:1086E0004D780F78012D4B6900EB4714CE78DFF8F9
:1086F000B8C1DFF8B8E140F08E8004F51065D5F818
:1087000010806BBB08EA0C0CC5F810C0D5F810C07F
:108710004CF4002CC5F810C0D5F810C00CEA0E0EB1
:10872000C5F810E0012A4ED10B6903B16B61012E2F
:108730000CD1D0F8083813F4807FD4F800390CBF7E
:1087400043F0005343F08053C4F80039D4F80039A3
:1087500043F00443C4F80039002002B0BDE8F081C2
:1087600008EA0E0E012EC5F810E0D5F810E00EEA6A
:108770000C0CD1F808E0C5F810C00EEB030CD5F8CE
:1087800010800CF1FF3CBCFBFEFEDFF824C10CEABC
:10879000CE4C4CEA080CC5F810C0C3F3120CD5F847
:1087A00010E04CEA0E0CC5F810C0BBD1D5F810C0D3
:1087B0002CF0C04CC5F810C0D5F810C04CF0005CCF
:1087C000C5F810C0AEE7D4F80059012E45F00445B5
:1087D000C4F800590BD0002BBED007F00F020127C0
:1087E000D0F8343897401F43C0F83478B4E7D0F855
:1087F00008589BB215F4807FD4F800590CBF45F09F
:10880000005545F08055C4F8005900923A46C968B1
:10881000FFF750FFA0E7D4F8105B04F5306705EAD6
:108820000E053D613D6905EA0C053D618D681BBB88
:108830003B69C5F312051D433D613B6943F40023C9
:10884000012A3B6102D1CB6803B17B61012E0CD1BF
:10885000D0F8083813F4807FD4F8003B0CBF43F005
:10886000005343F08053C4F8003BD4F8003B43F07E
:108870000443C4F8003B6FE72B44DFF834C0D7F85B
:1088800010E0013BB3FBF5F30CEAC34C9BB24CEA9E
:108890000E0C6B43C7F810C0D7F810C0C3F3120317
:1088A00043EA0C03CCE700BFFFFF07E00000F8FF3E
:1088B0000000F81F70B50023940800F5805502F001
:1088C0000302A34214D301EB84017AB100F5805076
:1088D00000230468D80024FA00F0C854013398B289
:1088E0008242F7D1013A92B201321144084670BD7A
:1088F0002E6841F823600133E3E74A780B78012AB8
:1089000000EB431012D1D0F80029002A06DB2BB16E
:10891000D0F8003923F08043C0F80039D0F800398E
:1089200043F40013C0F8003900207047D0F8002B42
:10893000002A06DB2BB1D0F8003B23F08043C0F8BF
:10894000003BD0F8003B43F40013C0F8003BEBE7DA
:108950000B784A7800EB4310CB78012AA3F102038D
:10896000DBB20FD1D0F80029012B22F40012C0F89D
:10897000002905D8D0F8003943F08053C0F80039F9
:1089800000207047D0F8002B012B22F40012C0F811
:10899000002BF5D8D0F8003B43F08053C0F8003BE3
:1089A000EEE710B500F51063044600F52E614FF6B2
:1089B0007F329A602033C3F8E8218B42F9D100223C
:1089C0002046C4F81028C4F81428C4F81C28FFF75F
:1089D00089FC28B920461021BDE81040FFF770BC83
:1089E00010BDD0F80038090123F4FE6301F4FE61E4
:1089F000C0F80038D0F800381943C0F8001800203B
:108A00007047D0F8003E23F00303C0F8003ED0F8D2
:108A1000043823F00203C0F8043800207047D0F86F
:108A2000003E23F00303C0F8003ED0F8043843F0C2
:108A30000203C0F804380020704742698069104082
:108A40007047D0F8183800F50060C0691840000C75
:108A50007047D0F8183800F50060C069184080B23F
:108A6000704700EB411100F50060D1F8082B406918
:108A70001040704710B5D0F81048D0F8343800EBEB
:108A8000411001F00F0100F51060CB408068DB0160
:108A9000DBB22343184010BD406900F0010070476D
:108AA000D0F8003923F4FF6323F00703C0F800393E
:108AB000D0F8043843F48073C0F8043800207047BD
:108AC00030B5056C00F530630F4CA54203D9D0F8E2
:108AD000004B002C16DB002401291C611C6944F4A6
:108AE00000241C611C6944F018041C611C6944F0DA
:108AF000C0441C6106D15A61D0F8003B43F080238A
:108B0000C0F8003B002030BD0A30544F2B4BD3F847
:108B1000882042F47002C3F888201A6942F01002DB
:108B20001A61274A136803F00F03062B05D8136850
:108B300023F00F0343F007031360224B1A6842F03F
:108B400001021A6000221A611F4A19680A401C4972
:108B50001A600A68120705D50A6822F00F0242F06F
:108B600007020A60002219499A61DA611A62996261
:108B70001749D962174919635A639963DA6319640B
:108B80005A64196821F4802119601A66124A536ADE
:108B900043F480435362114B1B681B0C1B04B3F15D
:108BA000005F02D20E4B01221A600E4B43F2D2023A
:108BB0001A600D4A014B9A60704700BF00ED00E05B
:108BC00000200052004402587FEDF6EA0002020243
:108BD0000000FF0180020101C00000580010005C8D
:108BE000088100510040005200000408494A1369FE
:108BF000114603F03803102B30B500F0878006D8FB
:108C0000002B5FD0082B00F083800A685BE0182BF4
:108C1000FBD1906A956AD16A15F47C7FC5F3051380
:108C2000546B3BD007EE903AC4F3CC0401F001033F
:108C300000F00300F8EEE76A63430128F7EE005AFC
:108C400007EE903AFAEEE97A42D0022850D0116845
:108C5000314BC1F3C101126BCB40C2F3080207EEE6
:108C6000103AB8EEC76A86EE267A06EE902AF8EE3B
:108C7000E66A76EEA77A77EEA57A264B67EE877AD4
:108C80001B6BC3F34623013307EE103AF8EEC76AB5
:108C900087EEA67AFCEEC77A17EE903A1D481F4978
:108CA0008269C2F303228A5CD340826902F00F0218
:108CB0008A5C1B4902F01F0223FA02F20A60194A79
:108CC000136030BD1268C2F3C102134BD340E5E715
:108CD000136B9FED156AC3F3080307EE103AB8EE65
:108CE000C77A77EE277A77EEA57A86EE267AC4E7FA
:108CF000136B9FED0E6AC3F3080307EE103AB8EE4C
:108D0000C77A77EE277A77EEA57AEEE7084BC5E7C4
:108D1000084BC3E7004402580090D00306A107089F
:108D20007C0E0024780E00240024744A20BCBE4B24
:108D300040787D0100093D00431D052B96BF044A84
:108D4000044B52F82330044A10601846704700BFA5
:108D500018A1070802000E068C6E002408B530B179
:108D60000068E5F745F8BDE80840FFF7E5BF0148B2
:108D700008BD00BF05000E061F4B204A10B55C6BF6
:108D800014F0330F14600AD01D4A14604FF0FF3204
:108D90009A6301211B48BDE81040FFF7DFBF14F0C4
:108DA000C00F0CD05B69190506D512680121144B60
:108DB00014481A60FFF7D2FF0F4BC0229A63620279
:108DC0000AD50D4B4FF480024FF480719A630E4B1D
:108DD0000E4A1B6810689847E3050BD5064B4FF405
:108DE00080724FF400619A6300229A62D9621A6518
:108DF000DA60CEE710BD00BF00700052906E002414
:108E0000986E00249C6E0024946E0024A06E0024B2
:108E1000704700002DE9F041D4B0202205460C46F1
:108E200009A8002107F0DCFB4C22002111A807F063
:108E3000D7FBC022002124A807F0D2FB614B9B6A1C
:108E400003F00303022B39D05E4B01264FF00208DA
:108E50000027D3F8E02004A95B4842F08002C3F861
:108E6000E020D3F8E030069603F0800307970093E4
:108E7000009BCDE90486FAF759FE0A20F9F742FC77
:108E8000324641465048FAF737FF1620FCF74EFDB0
:108E90004E4BFCB90294DA6A22F00102DA62DB6A14
:108EA00003F0010302934A4B9A6942F440429A61EB
:108EB0009B6903F440430293029B20E0012109A82F
:108EC000CDE90911FDF724FB0028BDD0002054B0E6
:108ED000BDE8F0810197DA6A22F00102DA62DB6A0A
:108EE0003B4A03F001030193936923F4404343F4A5
:108EF00080439361936903F440430193019B344A97
:108F000093699E04FCD52123002D4FF005024FF0FC
:108F10000805119314BF4FF4A0234FF48033002CA5
:108F20001C9211A812934FF001030CBFA02228221B
:108F3000179302231D9200221E93209323922292C4
:108F40002195CDE91A330A231F93FCF75BFF0146F5
:108F50000028BBD103233F204FF48062CDE90903F1
:108F60004023CDE90B15CDE90E320D93109334B3A8
:108F700009A8FDF7CDFA0028A8D14FF4802324A832
:108F800024934FF440134693FDF7C4FD00289DD170
:108F9000FCF74AFD0B4B1A6842F080021A60D3F8C6
:108FA000F42042F00202C3F8F420D3F8F43003F0C6
:108FB00002030393039BF9F7D9FB012087E7042100
:108FC000D6E700BF00440258001C025800040058B5
:108FD0000048025808B500210120FFF71BFF10B917
:108FE0000548F8F735FA4FF480224FF4800100204D
:108FF000BDE80840FDF79EB9A8A70708FAF782BEAA
:10900000DFF830D0FFF782FD002103E00A4B5B5808
:109010004350043109480A4B42189A42F6D3094A90
:1090200002E0002342F8043B074B9A42F9D3D7F7FA
:1090300053F970470000082430D7070800000024C7
:10904000A0180024A018002418200124FEE7000026
:109050001FB5204B20F400629A421F4B02D01F4ADA
:1090600090421CD15B6D03F44053B3F5005F2FD0E9
:1090700006D853B1B3F5805F0CD01948F8F7E8F97A
:10908000B3F5405FF9D1174801E0FDF789FB05B062
:109090005DF804FB01A8FEF7CBFA0398F7E7124A44
:1090A000904213D19B6D03F44073B3F5007F0FD052
:1090B00005D843B1B3F5807FECD00C48DEE7B3F5BB
:1090C000407FE0D0F9E7FEF7F9F9E0E70848D5E797
:1090D0000848DCE7005400400044025800580040B3
:1090E000BCA7070800093D00001C0058D9A70708C5
:1090F000F4A707080090D00370B502F07BFD041EB2
:1091000032DB1A4E56F8240000282DD09023184D3B
:109110006343EB58DA69110609D5DA69120606D5F8
:109120001B681B0603D5134B01211B68984790232E
:109130006343EB58DA6991060BD5DA69920608D5D4
:109140001B68980605D50B4B002156F824001B68B8
:109150009847902044432B59DA69110704D5DA69FE
:10916000120701D508221A6270BD00BFA86E002444
:10917000FC180124A46E00240148FFF7BDBF00BF06
:10918000000C00580148FFF7B7BF00BF007C00404B
:109190000148FFF7B1BF00BF007800400148FFF76A
:1091A000ABBF00BF001401400148FFF7A5BF00BFDF
:1091B000005000400148FFF79FBF00BF004C004037
:1091C0000148FFF799BF00BF004800400148FFF782
:1091D00093BF00BF004400400148FFF78DBF00BFB0
:1091E00000100140034B19604168034B43F82120F4
:1091F000704700BFA46E0024A86E002430B5D0E9EB
:1092000000353F48834253D031D8A0F530508342D7
:1092100048D026D8A0F5006083423DD000F580609C
:1092200083423CD00020034690246C43354D2C599A
:10923000002A46D02268002940D142F02002226054
:1092400003F11001304A926842F82100BFF34F8FBA
:10925000590903F01F02012393402C4A42F82130A0
:1092600030BD2B488342DDD12A483523DCE72A482C
:1092700083421AD00AD8A0F5184083421BD000F5CB
:1092800014408342CED125482523CDE7244883428C
:10929000C8D124488E23C7E723482623C4E72348A0
:1092A0002723C1E722483423BEE722484723BBE7F0
:1092B00021485223B8E721485323B5E742F0800202
:1092C000BDE72268A1B922F020022260226812F0D4
:1092D000800FC5D103F01F015A09012320328B40B2
:1092E0000A4941F82230BFF34F8FBFF36F8FB7E7C2
:1092F00022F080022260226812F0200FE9E700BF0E
:1093000000780040FC18012400ED00E000E100E0DE
:1093100000500040A991060800140140D9910608A8
:10932000000C005879910608CD910608C1910608F5
:10933000B59106089D910608919106088591060849
:10934000F8B546689023174C054603FB06439A6818
:10935000B2F5805F15D11A69B2B940F2FF12A3F8D5
:109360006020902202FB0642B2F86070284602F0AC
:109370002FFB0028FAD090237343E358586A3840F3
:10938000F8BD1AB91A6932B9FF22E8E7B2F1805F75
:1093900005D11A690AB97F22E1E73F22DFE70022FF
:1093A000DDE700BFFC18012470B505460C46466891
:1093B000284602F01DFB0028FAD09023034AC4F38C
:1093C00008047343D3589C6270BD00BFFC1801248D
:1093D0002DE9F8431E4604460F4610462F49154610
:1093E000F6F750FD81462E493046F6F74BFD2168D1
:1093F00080464846F6F722FD013005D140F2ED22C5
:1094000028492948F7F7C2FD21684046F6F716FDBE
:109410000130F3D02FB9E7612046BDE8F84302F0F0
:10942000F3BA012F09D0022F16D0032FF4D1B9F1CE
:10943000FF3F22D140F2073204E0B9F1FF3F04D1EF
:1094400040F2F72217491948DCE74FF4807325846E
:10945000E361124928460DE0B8F1FF3F04D140F224
:10946000FF2210491248CDE74FF400730C493046F3
:109470006684E361F6F7BEFCCEE7B8F1FF3F02D1A8
:109480004FF44272EDE74FF44073054930462584AE
:10949000E3616684F6F7AEFCDBE700BF24A40708AF
:1094A00070A3070836A807089EAA070846A8070859
:1094B0005FA80708704770470120704701230372B7
:1094C0007047002303727047004870478CA9070853
:1094D000402070470368802110B504469B6D984773
:1094E0000021236820469B6DBDE81040184710B549
:1094F000044640F22441F8F7A7FC204610BD10B501
:109500000446302A084604F5787428BF30222146E4
:1095100006F068FF204630220021BDE8104007F029
:109520005FB800211C3000F8131CFCF702B94A0098
:1095300002F01E0242EAD11303445A7A012A04D1EE
:1095400000221C305A72FCF7F4B80020704700006B
:1095500010B5046E944205D24FF4157206490748BF
:10956000F7F714FD03689C6E13460A468021A44653
:10957000BDE81040604700BF95A80708A6A80708E7
:1095800008B51C30FCF782F828B140F27522024978
:109590000248F7F7FBFC08BD95A80708C6A807080E
:1095A00008B51C30FCF772F828B14FF42B72024951
:1095B0000248F7F7EBFC08BD95A80708C6A80708FE
:1095C00008B51C30FCF716F828B14FF405720249B3
:1095D0000248F7F7DBFC08BD95A80708C6A80708EE
:1095E000402A00F11C0008B54FF0020300F8133CBC
:1095F000134628BF40230A460021FCF776F80228CC
:1096000005D14FF4127202490248F7F7BFFC08BDBA
:1096100095A80708D4A807081C3008B5FCF765F81A
:10962000022805D140F28A2202490348F7F7AEFC2E
:10963000012008BD95A80708D4A807081C3008B564
:10964000FCF79FF8022805D14FF41F720249034826
:10965000F7F79CFC08BD00BF95A80708D4A8070829
:109660001C3008B5FCF7C5F8022805D140F283226A
:1096700002490348F7F78AFC08BD00BF95A8070810
:10968000D4A8070838B54D0005F01E0545EAD114E9
:10969000022504441C306572FCF753F8A84205D13A
:1096A0004FF4287203490448F7F770FCB0FA80F0D1
:1096B000400938BD95A80708D4A8070808B51C308C
:1096C000FBF782FC28B14FF4F77205490548F7F71C
:1096D0005DFC42F21070BDE80840F8F703BD00BF22
:1096E00095A80708C6A8070810B5044654F81C0F2B
:1096F000FFF795F942F21070F8F7F4FC2046FBF7FB
:1097000082FC28B14FF4FD7202490348F7F73EFC92
:1097100010BD00BF95A80708C6A80708F7B5454BB8
:10972000202204460D46C3F88C20BFF34F8FBFF3B1
:109730006F8F43680BB9F7F7FFFF656000251022B4
:1097400004F109002946257206F04AFF3022294615
:1097500004F1240006F044FF0823374D0122236260
:109760004023364E2363364BE3610223C4E90D32B6
:10977000A362D5F8D82042F00062C5F8D820D5F809
:10978000D82002F000620092009AD5F8002122F061
:109790008052C5F800212B4A1460B6F90000431C22
:1097A00004D0B1680C3601F093FCF6E7D5F8F4303C
:1097B00004F11C0643F002033046C5F8F430D5F836
:1097C000F430C4F8204403F002030193019B00230A
:1097D00084F8D933FBF759FB054628B14FF4C27220
:1097E00019491A48F7F7D2FBE069FEF745FD184F13
:1097F0003046FBF7E9FB8E213046FCF769F857F855
:10980000042BE9B2013530460432C2F38F02FCF773
:109810003FF8062DF3D10F4B0F4A9B68C3F8D421B4
:10982000BFF34F8F034B102283F865232022DA60A9
:1098300003B0F0BD00E100E00044025884A707082F
:1098400000000840D86E002495A80708C6A807089D
:10985000F8A8070800ED00E07D98060808B5054B5C
:1098600018681C30FBF7F6FB034B2022C3F88C2151
:10987000DA6008BDD86E002400E100E0064B20222B
:10988000C3F88C20BFF34F8FBFF36F8F034B1B6860
:1098900058680368DB6A184700E100E0D86E0024CE
:1098A00010B504461C30FBF77AFB28B14FF4E57283
:1098B00009490A48F7F76AFB094B2022C3F88C20B4
:1098C000BFF34F8FBFF36F8F63680BB1F7F74AFF9A
:1098D0000023636010BD00BF95A80708C6A807084D
:1098E00000E100E0036819B9986A000C8000704735
:1098F0003F3103EB81014868F7E7000037B50C46BC
:1099000000F11C0521060ED504F07F0128460193C5
:10991000FFF7E8FF9042019B05D240F269220A4915
:109920000A48F7F733FB92B221462846FBF776FE4A
:10993000022804D140F26E2203490548F1E7B0FA4B
:1099400080F0400903B030BD95A80708E4A80708D7
:10995000D4A80708D0F804341A7A4AB15A680368C0
:109960001046D3F808181368C1F30D211B6A184775
:1099700070474B00D0F8040403F01E0343EAD113F0
:1099800010B4034401245C724068036819B15B6A37
:109990005DF8044B18471B695DF8044B184741F00C
:1099A0008002D0F80404530003F01E0343F00103C7
:1099B00010B4034401245C724068036821B19B6ABF
:1099C00011465DF8044B18475B695DF8044B184776
:1099D000D0F8043458680368DB681847D0F80434BA
:1099E000012158680368DB691847D0F80434002166
:1099F00058680368DB69184770472DE9F341D0F8D0
:109A00000454002604462F46B046C6F3470187F8A3
:109A10000980204602370191FBF738FE0199204664
:109A2000FBF71DFF711C87F808802046C1F3470132
:109A3000023641F080010191FBF728FE0199204692
:109A4000FBF70DFF102EE0D12B6840228021284625
:109A50001C6D0023A0472B68402228461C6D002364
:109A60001946A047686803689B6802B0BDE8F041EA
:109A70001847000070B50D4E3478BFF35B8F14F0BB
:109A8000010410D13046F7F769FF60B1084D304648
:109A9000084B2C72C5E90034F7F782FF064A0749E4
:109AA0002846F7F74BFF024870BD00BFD46E002474
:109AB000DC6E002418A9070800000024B7940608EB
:109AC000436D70B59E0504460D460FD5036D980590
:109AD0000CD54FF400730022012123652A4B1A6133
:109AE0002A4B2B4A1B6852F825009847636DD9070B
:109AF0000DD5236DDA070AD501230021244A2365F9
:109B0000214B52F825001961204B1B689847636D63
:109B1000DB010FD5236DDE010CD54FF080730022E1
:109B200002212365184B1A61184B194A1B6852F819
:109B300025009847636D18020FD5236D19020CD5C7
:109B40004FF400030022052123650F4B1A610F4BD0
:109B50000F4A1B6852F825009847636D9A0111D58A
:109B6000236D9B010ED54FF0007300220721236562
:109B7000054B1A61054B064A1B6852F82500BDE8E3
:109B80007040184770BD00BF00A800400873002453
:109B90000073002400210148FFF792BF00A000409D
:109BA000FFF7F8BF01210148FFF78ABF00A400407A
:109BB000FFF7F8BF00B5564B8DB00A2800F2A4801D
:109BC000DFE800F006162432404E5C6A7886940086
:109BD000D3F8E0204F4842F00102C3F8E020D3F868
:109BE000E03003F001030193019B0DB05DF804FB2D
:109BF000D3F8E020484842F00202C3F8E020D3F84E
:109C0000E03003F002030293029BEEE7D3F8E0207A
:109C1000424842F00402C3F8E020D3F8E03003F0F9
:109C200004030393039BE0E7D3F8E0203C4842F0B1
:109C30000802C3F8E020D3F8E03003F008030493EF
:109C4000049BD2E7D3F8E020364842F01002C3F874
:109C5000E020D3F8E03003F010030593059BC4E740
:109C6000D3F8E020304842F02002C3F8E020D3F8D7
:109C7000E03003F020030693069BB6E7D3F8E0201C
:109C80002A4842F04002C3F8E020D3F8E03003F065
:109C900040030793079BA8E7D3F8E020244842F04D
:109CA0008002C3F8E020D3F8E03003F0800308938B
:109CB000089B9AE7D3F8E0201E4842F48072C3F86C
:109CC000E020D3F8E03003F480730993099B8CE71C
:109CD000D3F8E020184842F40072C3F8E020D3F82B
:109CE000E03003F400730A930A9B7EE7D3F8E02088
:109CF000124842F48062C3F8E020D3F8E03003F465
:109D000080630B930B9B70E70D48F7F7A1FB00BF37
:109D1000004402580000025800040258000802588B
:109D2000000C025800100258001402580018025883
:109D3000001C025800200258002402580028025833
:109D4000D0A90708431C10B5044604D17722064960
:109D50000648F7F71BF94FF4707104F00F0401F097
:109D6000B7F90120A04010BD0EAA070819AA0708DC
:109D70004B1C70B504460E46018216D0C1F3031089
:109D8000FFF718FF05463046FFF7DCFF238A074A36
:109D900003F00F036561206052F82330A36105F1E1
:109DA000100318356360C4E9025570BDF0AB0708B5
:109DB000B0F9100001F044BA10B50C4B0C4CD4F8BB
:109DC00094209A42FBD1D0E90542524302EB420370
:109DD000DB4339B92268134023604FF44072044BCF
:109DE0005A6110BD21680B401343F5E70003008062
:109DF0000064025808B502F02BFA002008BD0000EC
:109E000010B5F7F7BBF9134B1348144A596A146895
:109E1000038811601B1B0B440146B3F5803F16D32A
:109E20004FF47A71B3FBF1F201FB1233038006E0C9
:109E30000132A3F57A73B3F57A7FF9D20B80084C1F
:109E400023681A442260F7F7AFF9206810BD00229A
:109E5000F1E700BF000C00400C73002410730024D5
:109E600014730024054B07B5D8680190FAF7C4F9BC
:109E7000019803B05DF804EBFAF7B1BE1C7D002435
:109E8000054B07B598680190FAF7B6F9019803B049
:109E90005DF804EBFAF7A3BE1C7D0024054B07B563
:109EA00058680190FAF7A8F9019803B05DF804EB3F
:109EB000FAF795BE1C7D0024054B07B51868019084
:109EC000FAF79AF9019803B05DF804EBFAF787BE48
:109ED0001C7D002490F86030022B03D090F8603095
:109EE000032B0DD14268536823F0FF7323F48033B2
:109EF000536041F201139169490601D4013BFAD143
:109F00007047000070B5B0F95C30254C03F11006C5
:109F1000B0F95E20A56845F82610BFF34F8FA568FD
:109F200002F1100645F82610BFF34F8F90F8681025
:109F3000002914BF10212021002B19DB03F1604000
:109F400000F5614080F80013002A17DB02F1604041
:109F5000002B00F5614080F8001315DA0123510948
:109F600002F01F0203FA02F20E4B43F8212070BDEB
:109F700003F00F00043804442176E5E702F00F04F3
:109F80000948002B0155F2DB580903F01F0101239A
:109F90008B40044941F82030002ADFDAE7E700BFB0
:109FA00000ED00E000E100E014ED00E010B5B0F9D4
:109FB0005E40B0F95C00F8F785FC2046BDE8104033
:109FC000F8F780BC90F85030011D032B0ED8DFE865
:109FD00003F00207090B0648064A42F823107047AF
:109FE0000548F9E70548F7E70548F5E70020F3E7F6
:109FF000B99E06081C7D00249D9E0608819E0608C9
:10A00000659E06082C4A416D12680368B2FBF1F1A7
:10A01000142243604A439969090401D5013AFAD1EF
:10A020002648274AD0F88C109142FBD1254A93420A
:10A0300011D1254BD3F8902042F40012C3F89020A0
:10A04000D3F8902022F40012C3F890201B4B4FF459
:10A050004072DA6070471D4A934214D002F5806264
:10A0600093421CD01A4A9342F0D1174BD3F89C204C
:10A0700042F08002C3F89C20D3F89C2022F080029A
:10A08000C3F89C20E2E7104BD3F8902042F4800202
:10A09000C3F89020D3F8902022F48002D4E70A4B32
:10A0A000D3F8902042F40002C3F89020D3F8902017
:10A0B00022F40002C8E700BF780E002400640258B2
:10A0C0000003008000540040004402580058004043
:10A0D000001C005813B590F85C300446072B25D1BE
:10A0E000D0F88C3090F874208BB1002A9BB214BF4A
:10A0F0004FF0007200220092D0F88820B0F8701063
:10A10000F9F736FF062384F85C3002B010BD90F8F2
:10A110005D3043F0080380F85D302AB990F85D3077
:10A120005B0701D40123EEE70023ECE790F85D30F4
:10A1300043F0080380F85D30E7E790F85C30062BC9
:10A1400009D190F874306BB990F85D305B0709D491
:10A15000012380F85C3090F85D3043F0080380F80C
:10A160005D3070470023F4E738B5051D0446C26032
:10A170002846F9F75AFE2046FFF724FF01462046FD
:10A18000FFF7C0FE2846BDE83840FAF705B8034699
:10A19000043021B1022283F86820F9F7FDBF83F86B
:10A1A0006810FAF70DB8012902D180F865107047E0
:10A1B00011B9012380F866307047002380F86530BC
:10A1C000704710B490F864200346022A19D1B0F801
:10A1D0006E20013292B2A0F86E20B0F86E10B0F886
:10A1E0006C2089B292B291420BD2B0F86E404FF01F
:10A1F0008073816E012211FA84F15DF8044BF9F746
:10A200006BBF002283F866205DF8044B704790F81E
:10A210006430022B02D1002380F86630F9F7BCBF0E
:10A2200090F86A3090F86920002B0CBF00230323BC
:10A23000002A0CBF184601207047000070B5054683
:10A240001446043095F86830022B07D194B20023ED
:10A25000E966A5F870400124A5F872304FF08073CC
:10A26000A2B2F9F739FF10B10024204670BD0E4BA1
:10A270001E686B6DB6FBF3F604FB06631E265E4399
:10A2800095F86A302BB1013EEED00120F7F72AFF96
:10A29000F6E7002EE8D095F86830022BE5D1B5F846
:10A2A0007240A4B2E1E700BF780E002470B54FF011
:10A2B000807306461446043092B2F9F7ABFE10B133
:10A2C0000024204670BD0A4B1D68736DB5FBF3F585
:10A2D00004FB05531E255D4396F869302BB1013D03
:10A2E000EED00120F7F7FEFEF6E7002DE9D1E7E713
:10A2F000780E002410B5044650F80429136823F0A2
:10A30000FE031360FFF752FE022384F85D3010BD98
:10A310002DE9F04F444C8DB0444A4FF0000C04EB53
:10A320005003434D4FF0FF3BB3FBF0F02C23594358
:10A330005318525804EB5201B1FBF2FA59689A6A69
:10A34000CDF804A04243B4FBF1F107919968B4FB46
:10A35000F1F1089137490968059102EB4001C2F11A
:10A36000FF22323102F57F020291CE320B92059A22
:10A37000624503D158460DB0BDE8F08F99694FF0A2
:10A38000000E2A68049102FB0002029911440E4655
:10A3900003910299AAEB0101891A0A910499CDF857
:10A3A00024E00EF1010EB14235D20B993144B0EBED
:10A3B000910F30D20A9F4FF00008D3E908410C44B6
:10A3C000A1190091009C0399A7EB04092144089F5F
:10A3D000CDF8188008F101088F4216D8079F8F42E8
:10A3E00013D3009C0F1BDC69BC420ED8B8420CD2C0
:10A3F000B1EB0A07019C48BF4F46A74205D2099C12
:10A40000E34601972C61069CEC60B8F5807F11440F
:10A41000A9EB0209DBD1BEF5807F1644BED10CF159
:10A42000010C1435A3E700BF00CA9A3BBCAA070879
:10A4300018730024187D0024304B2C2203EB5003AA
:10A44000B3FBF0F02E4B02FB01312DE9F04F4A6ACD
:10A4500085B08B6A4FF01008CC684FF0140A0E6A72
:10A46000033314440A694343DFF89C90323C921B47
:10A47000E41AA2F582720344D31A4A690146B2185B
:10A4800023EAE37B1F4B029224EAE47201921A68EA
:10A4900000239E468C460025029C039501356445A9
:10A4A0001ED800242746019EA64215D8A34513D3E3
:10A4B000984511D00AFB02F80132039E09EB080E01
:10A4C0007F2A49F80830CEE9016702D90D4B1A609E
:10A4D00010E098464FF0010E01370C44102FE2D1E6
:10A4E000102D8C44D8D101330144102BD2D1BEF1B0
:10A4F000000FEBD105B0BDE8F08F00BF00CA9A3B5A
:10A50000BCAA0708187D00241873002413B5214B3A
:10A5100000241C6010B9002002B010BD0029FAD040
:10A52000A1F59C3349F64042803B93420ED9A1F5F8
:10A530009C23194AA3F50073934228D9A1F543211E
:10A54000164BA1F5A0619942E5D80224214601905D
:10A55000FFF772FF21460198FFF7DAFE7F28DAD86D
:10A5600014230F4958430A180B58107C40EA037013
:10A5700053681B0503F47003184393681B0403F42A
:10A5800070231843D3681B029BB21843C4E701240D
:10A59000DCE700BF187D002400710200801A06006D
:10A5A0001873002470B50C4616461D46FEF750FD84
:10A5B0000CB1AE4217D00F4B98420ED10E4B9D42BC
:10A5C00010D00E4B9D4210D00D4B9D420FD040F647
:10A5D0009C020C490C48F6F7D9FC2946BDE87040AE
:10A5E000FFF794BF094C204670BD094CFBE7094CAE
:10A5F000F9E700BF000E2707801A060040420F004F
:10A60000A086010049AA070853AA07083414C120EC
:10A610003615C3007656E140414B426D1B68B3FBD3
:10A62000F2F2142370B5534304460D46061D4268EA
:10A630009169090401D5013BFAD13A4B9D421BD1E6
:10A640002268394B9A4202D10120FAF729FB22688D
:10A65000364B9A4202D10220FAF722FB2268344B91
:10A660009A4202D10420FAF71BFB2268314B9A422E
:10A6700002D10820FAF714FB2F49304BD1F88C2077
:10A680009A42FBD12368284A934205D12C4A536D44
:10A6900023F44053536509E0244A9342F6D002F56F
:10A6A00080629342F2D0234A934216D0224B4FF459
:10A6B000407200213046DA60FAF7CCFA214B9D4215
:10A6C00011D0214B9D420ED0164B9D420BD040F233
:10A6D000D5221E491E48F6F759FC194A936D23F4FA
:10A6E00040739365E2E72B46626EA1682068FFF72E
:10A6F00059FFA06020B940F2DE2214491548EAE76C
:10A700000023012230466566E360C4E90423C4E9FE
:10A710000833C4E90633F9F788FB656570BD00BFEF
:10A72000780E002440420F000054004000580040C2
:10A73000005C0040001C00580064025800030080C8
:10A7400000440258A0860100801A060049AA0708A2
:10A7500053AA070887AA07081FB5002304464366C3
:10A76000836079B18B88A0F858308B89A0F85A3073
:10A770000B680360013305D14FF4DA724449454850
:10A78000F6F704FC2368444A934212D1002384F86C
:10A790005030424BD3F8E82042F40012C3F8E820CE
:10A7A000D3F8E83003F400130093009B3C4BE365BF
:10A7B00009E03C4A934234D002F58062934242D091
:10A7C000394A934251D03949B4F95800F5F712FB90
:10A7D0003749B4F95A00F5F70DFB0421B4F95800D4
:10A7E00000F02EFD0421B4F95A0000F029FD636D3C
:10A7F0000BB9304B63652046FFF704FC616D2046C2
:10A80000FFF70AFF636D6366002384F8693084F8FC
:10A81000683084F86A3084F8613084F8603004B0BD
:10A8200010BD012384F850301C4BD3F8E82042F4CB
:10A830008002C3F8E820D3F8E83003F480030193E2
:10A84000019B1D4BB3E7022384F85030134BD3F820
:10A85000E82042F40002C3F8E820D3F8E83003F41B
:10A8600000030293029B154BA1E7032384F85030A9
:10A870000A4BD3F8F42042F08002C3F8F420D3F856
:10A88000F43003F080030393039B0D4B8FE700BF6D
:10A8900049AA0708A0AA070800540040004402582B
:10A8A0001F00200000580040001C0058CCA10708E1
:10A8B00030A10708A08601002100220048004900BD
:10A8C0005F0060002DE9F0470D46DFF864A086B018
:10A8D000144606465146DFF85C902846F5F7D2FA52
:10A8E000074649462046F5F7CDFA01463846F5F7C2
:10A8F000A5FA514680462846F5F7DAFA4946074652
:10A900002046F5F7D5FA9C22059000213046CDF877
:10A910000480ADF808500397ADF8104005F060FED4
:10A9200001A93046FFF718FF06B0BDE8F08700BF69
:10A93000CCA1070830A107082DE9FF471D4690F874
:10A94000603004460F46032B0C9E00F1040903926D
:10A9500053D8FFF7BFFA4FF00008002E80F861804F
:10A9600014BF4FF42A4A4FF0AA0AFFF72BFB014607
:10A970002046FFF7C7FA039AABB24846B9B2CDF802
:10A9800000A0F9F7F5FA98BB052384F860301C4B5A
:10A990001F68636DB7FBF3F705FB07731E275F4363
:10A9A00094F8613013F01E0F01D1013F16D12046FB
:10A9B000FFF7FCFA1FB194F86130082B12D0002188
:10A9C000204694F861304FF0FF35FFF7C5FE0023B5
:10A9D00084F86030284604B0BDE8F0870120F7F71E
:10A9E00081FBDDE7B6FA86F35B0984F86030F1E7B6
:10A9F0006FF0010584F86080ECE76FF00205E9E78D
:10AA0000780E00242DE9FF471D4690F8603004467B
:10AA10000F46032B0C9E00F10409039253D8FFF755
:10AA200059FA4FF00008002E80F8618014BF4FF4EF
:10AA30002A4A4FF0AA0AFFF7C5FA01462046FFF757
:10AA400061FA039AABB24846B9B2CDF800A0F9F763
:10AA50003DFA98BB052384F860301C4B1F68636D7A
:10AA6000B7FBF3F705FB07731E275F4394F86130CC
:10AA700013F01E0F01D1013F16D12046FFF796FAC1
:10AA80001FB194F86130082B12D00021204694F8B1
:10AA900061304FF0FF35FFF75FFE002384F8603030
:10AAA000284604B0BDE8F0870120F7F71BFBDDE77F
:10AAB000B6FA86F35B0984F86030F1E76FF00105C0
:10AAC00084F86080ECE76FF00205E9E7780E002477
:10AAD00073B590F86460044606B18668636C626C76
:10AAE00013F0040318BF1423042ADDB206D1002397
:10AAF00084F85C3084F85D5002B070BD201F0021E6
:10AB00000190FFF729FE01983EB10223324684F8F6
:10AB1000643000231946FFF727FB45F0020384F851
:10AB20005D30E9E7044B054A1878054B002814BF4F
:10AB300010461846704700BF800E002490AB0708EF
:10AB400098AB0708024BD869DA698242FBD170479B
:10AB5000002C005808B5F6F711FB084B01221A70BB
:10AB60000022074B1A704FF48052064BC3F8102195
:10AB70001A61BDE80840F6F717BB00BF357D002419
:10AB80003C7D002400E100E010B5F6F7F7FA134B26
:10AB90001A7842B9124A126811680907FCD50821CF
:10ABA000516001221A700F4C23781BB1F6F7DAFDC1
:10ABB0000023237000230C4A13700C4A13704FF4C7
:10ABC00080520B4BC3F89020BFF34F8FBFF36F8FB2
:10ABD000BDE81040C3F89021F6F7E6BA367D0024B0
:10ABE0002C1F01243E7D00243C7D0024357D002463
:10ABF00000E100E05D4B70B51C68C4B01CB1FFF70C
:10AC0000C3FF44B070BD0125C022214614A8584E90
:10AC10001D6005F0E5FC4C22214601A805F0E0FC92
:10AC2000337833B304230A940193052303938023D9
:10AC300014934FF4C0433C934E494F4BD1F88C20B2
:10AC40009A42FBD101A8FBF7DDF8D8B10023082216
:10AC500001A833700A9380230192012214934FF4C8
:10AC6000004306923C93FBF7CDF858B14348F6F702
:10AC7000EFFB08220A9380230695019214934FF468
:10AC80000043D8E714A8FBF745FF054608B13C4848
:10AC9000EDE73C4B4FF4803134203B4CD3F8F420AB
:10ACA0004FF6FF7642F40062C3F8F420D3F8F420A4
:10ACB00002F400620092009AD3F89C2042F40062F1
:10ACC000C3F89C20D3F89C2022F40062C3F89C2097
:10ACD000D3F8A82042F40062C3F8A8200122F7F7B5
:10ACE0004DFD2A464FF480313420F7F770FD214B9B
:10ACF0004FF440722046DA60A3F50E3384F83650E4
:10AD000023604FF48023E5612563C4E90155C4E95C
:10AD10000355C4E90855C4E90A55C4E90563FAF7BF
:10AD200025F8054608B11948A1E7194B194A9B684F
:10AD3000C3F87022BFF34F8F2368314620469A68CC
:10AD400042F001029A609A6842F008029A60FAF7AB
:10AD500073F8236808225A605D611A681207FCD5EF
:10AD600008225A6001220C4B1A704AE7307D0024F9
:10AD7000800E0024006402580003008040AB0708E6
:10AD800059AB0708004402582C1F01247AAB07086E
:10AD900000ED00E08DAE0608367D002408B5F6F71C
:10ADA000EDF9064B01221B685A604FF48052044BA8
:10ADB000C3F89021BDE80840F6F7F6B92C1F01242E
:10ADC00000E100E070B50446F6F7D8F9FFF7BAFEE7
:10ADD000264B05461C60264A4FF480511161254ED2
:10ADE00018463178F1B9611F4FF6F5729142224948
:10ADF0000FD94FF6FA7295420BD906340122A4B24C
:10AE00000A701C601D4B01221A70BDE87040F6F7F5
:10AE1000CBB900220A700368AB42194B28BF01224C
:10AE20001A70EFE7FFF7BAFF00235A19013392B205
:10AE3000A24204BF0534A4B2052BF6D1114BAC429B
:10AE40001B6811D24FF6FA7295420DD84FF0FF32BF
:10AE50005A6100230C4C33702378002BD5D1F6F7C0
:10AE60006BFC01232370D0E75C61F2E7387D00249E
:10AE700000E100E0367D00243D7D00243C7D00247F
:10AE8000347D00242C1F01243E7D002470B5F6F78C
:10AE900075F92C4B2C4C1A7832B100221A70012211
:10AEA00023685A60F4F79CFF23681A68D50706D513
:10AEB0009A68D00703D501225A60F4F791FF2368FE
:10AEC0001A68110724D59A68120721D508221F4C49
:10AED0005A6001221E4B1A7023781BB1F6F742FC10
:10AEE000002323701B4C237893B11B4D1B492B78F7
:10AEF00003F0FF06B3B1FFF725FE06300B6880B202
:10AF0000984209D3FFF726FE00232B7000232370FD
:10AF1000BDE87040F6F748B90868063880B2FFF718
:10AF200051FFF1E70E4D2B7843B1FFF70BFE0B6895
:10AF3000984203D3FFF70EFE2E70E7E70868FFF78D
:10AF400041FFE3E7357D00242C1F01243E7D0024D2
:10AF5000367D00243C7D00243D7D0024387D002486
:10AF6000347D0024FFF710BE70470000384B5A694B
:10AF700073B5910315D45A6912F4003211D1BFF39D
:10AF80004F8FBFF36F8FC3F85022BFF34F8FBFF3C4
:10AF90006F8F5A6942F400325A61BFF34F8FBFF38B
:10AFA0006F8F2B4B5A69D20327D45A6912F480321F
:10AFB00023D1C3F88420BFF34F8FD3F8802043F60A
:10AFC000E074C2F3C900C2F34E32520102EA040631
:10AFD000014646EA81750139C3F86052F9D2203A38
:10AFE00012F1200FF2D1BFF34F8F5A6942F4803231
:10AFF0005A61BFF34F8FBFF36F8F164CD4F8E03018
:10B0000043F00073C4F8E030D4F8E03003F000738C
:10B010000193019BFDF7EAFDF7F746FB236F9B07C2
:10B0200007D4FAF76DFCF7F77FFB236F23F01803C3
:10B0300023671620FAF77AFCFDF7CCFFFDF7D6FD63
:10B04000FFF792FF044B01221A6002B070BD00BFEF
:10B0500000ED00E000440258407D002452B101F0B0
:10B060000301064B0329596805D0000503D521EAE1
:10B0700002025A6070470A43FBE700BF0004005811
:10B0800030B5114B114DD5F894409C42FBD149434A
:10B09000012A01EB41034FEA41046FEA030304D0A4
:10B0A000022A0BD0C1680B400BE0C2681340194361
:10B0B000C160064B4FF440725A6130BDC1680B400D
:10B0C0002343C360F5E700BF00030080006402581B
:10B0D0002DE9F843461C05460C4600F090801FFA07
:10B0E00080F9514A40F40061B2F90030581C29D16E
:10B0F00000264E4B09F00F02C5F3031053F82270DF
:10B10000FEF758FD4A494B4BD1F894209A42FBD1A7
:10B11000C4F3831107FB07F20F2902EB42036FEA26
:10B12000030C24D181680B434FF4407E04F00701E7
:10B1300083603F4BC3F814E003296FD8DFE801F0C8
:10B140003A3A1C3A43F400638B420ED104F00303F5
:10B150005668032BCDD119F4006FCAD03246214670
:10B160002846BDE8F843FFF779BF0832BCE783689B
:10B1700051430CEA0303D6E7DFF8B8E0D3F8948034
:10B18000F045FBD119F0080FC4F3832839D03B0AEE
:10B19000D0F824E05B435B43C3EB031903FB08F3E4
:10B1A0002EEA090E4EEA03034362214B4FF4407E20
:10B1B000C3F814E0DFF878801E4BD8F894E09E4581
:10B1C000FBD103684A4301390CEA030C01294CEA1C
:10B1D0000202026005D8436822074CBF3B43BB43D1
:10B1E0004360C4F301123946FFF74AFF3246214655
:10B1F0002846FFF733FF0E4B4FF440725A61BDE80B
:10B20000F88302FB02F9036AC9EB091E23EA0E0E5A
:10B2100009FB08F34EEA03030362C6E7D522064999
:10B220000648F5F7B3FE00BFC8AB0708F0AB070848
:10B230000064025800030080BDAB07089EAA0708FF
:10B2400038B5431C0C4629D000F00F021D4BC0F34B
:10B25000031053F82250FEF7ADFC1B491B4BD1F8ED
:10B2600094209A42FBD105FB05F2016802EB4203F0
:10B270000B40B3FBF2F3013B012B19D8E31E022B69
:10B2800043680CD82B43032C436019D10122294673
:10B29000FFF7F6FE0C4B4FF440725A6138BD23EABB
:10B2A0000503012C4360F1D0022C07D00022EEE709
:10B2B00004F0FD03012BE9D0052CF5D10222E6E7CD
:10B2C000052CF2E7F0AB0708006402580003008089
:10B2D000F8B5037890F801C0012B057F0279077B50
:10B2E000866844792ED0022B2FD0002B30D14FF41A
:10B2F00080738B610023C1F800C04D614B63C1E9CD
:10B300000B333FB3CB61CB60037C012B45D0022BC9
:10B3100048D0002B4BD14FF480430B620123027EB7
:10B32000002A47D000230B620B61437F012B6AD0B8
:10B33000022B6BD0002B6CD14FF0807300204B623E
:10B340008862F8BD4FF40073D3E74FF44073D0E741
:10B350000023CEE7012A4E600BD0022A0CD072B92E
:10B360004FF48063CB61032C09D8DFE804F00B0DA8
:10B3700010134FF40063F5E74FF44063F2E72748FA
:10B38000F6F766F80023BEE74FF48053BBE74FF4AF
:10B390000053B8E74FF44053B5E74FF400430B6256
:10B3A0000223BCE74FF440430B620423B7E70023BA
:10B3B0000B62B4E77BB3427CB2FBF3F403FB1424CF
:10B3C00014F0FF0F27D1561EF610741C042C22DC3B
:10B3D000C2EBC40212F0FF0210D0B2FBF3F39D42A5
:10B3E00019D3EB1A4B61436903FA02F28A60032E08
:10B3F00007D82404A4F580340C6196E743698B6078
:10B40000F5E70748BCE74FF0007397E74FF040734C
:10B4100094E7002392E74FF0FF3092E730AC070843
:10B4200059AC070810B50446FAF739FC00283DD19D
:10B430002049214BD1F88C209A42FBD11F4BB4F903
:10B440005000DA6F42F48042DA67DA6F22F4804209
:10B45000DA674FF44072CA6040F2C331D3F8D420A7
:10B4600022F48042C3F8D420FFF732FE40F2C33109
:10B47000B4F95200FFF72CFE40F2C331B4F9540086
:10B48000FFF726FE40F2C331B4F95600FFF720FE65
:10B4900040F2C331B4F95800FFF71AFEB4F95A006C
:10B4A00040F2C331FFF714FE002010BD4FF0FF3013
:10B4B000FBE700BF0064025800030080004402580C
:10B4C00070B50D460646FBF749F9B0FBF5F4FF2CC5
:10B4D00010DCFBF743F9B0FBF5F101FB150505B9ED
:10B4E000013C30467460FAF78BFB003818BF01202E
:10B4F000404270BDFF24F4E72DE9F04F2DED068B9F
:10B5000087B01D460F461646199B04467D493846AE
:10B510000AEE903A9DF86830BDF958A00293BDF943
:10B520005CB0BDF96080F4F7ADFC7749039030461C
:10B53000F4F7A8FC754901902846F4F7A3FC744978
:10B5400008EE100A5046F4F79DFC724908EE900A86
:10B550005846F4F797FC704909EE100A4046F4F794
:10B5600091FC019A039B814611461846F4F766FC4C
:10B5700018EE901A019018EE100AF4F75FFC494695
:10B58000039019EE100AF4F759FC019B1A46039B2D
:10B590009A4240F0B080824240F0AD80594938462E
:10B5A000F4F786FC584903903046F4F781FC57497C
:10B5B00008EE100A2846F4F77BFC554908EE900A7D
:10B5C0005046F4F775FC534909EE100A5846F4F753
:10B5D0006FFC514909EE900A4046F4F769FC4F4A66
:10B5E0000AEE100A039BD2F8D4104D4841F4804172
:10B5F000C2F8D410D2F8D41001F480410591059915
:10B600004849D0F88CC08C45FBD1D16F4FF0000970
:10B6100041F48041D167D16F21F48041D1674FF46B
:10B6200040720121C26000223846A4F8507084F8AC
:10B630004120E26084F840204FF0004292FAA2F2EA
:10B64000B2FA82F2013A22614FF480626261029A98
:10B65000B2EB090218BF0122A261019AC4E90111EB
:10B6600022601946C4E90799FFF732FD494638467A
:10B67000FFF7E6FD18EE101A3046A4F85260FFF707
:10B6800027FD49463046FFF7DBFD18EE901A2846A5
:10B69000A4F85450FFF71CFD49462846FFF7D0FD9B
:10B6A00019EE101A5046A4F856A0FFF711FD4946AE
:10B6B0005046FFF7C5FD19EE901A5846A4F858B049
:10B6C000FFF706FD49465846FFF7BAFD1AEE101A75
:10B6D0004046A4F85A80FFF7FBFC49464046FFF776
:10B6E000AFFD1AEE901A204607B0BDEC068BBDE800
:10B6F000F04FFFF7E5BE6FF0010007B0BDEC068B21
:10B70000BDE8F08F68A2070898A20708C8A207083A
:10B71000ECA207081CA3070840A30708004402582E
:10B72000006402580003008070B58EB004460846DD
:10B73000154669461E46FFF7CBFD90B9336841F2C6
:10B740008832694620460A93FAF7BAFA58B941F2A4
:10B75000883229462046FAF7F6FA003818BF012049
:10B7600040420EB070BD4FF0FF30FAE7C069C0F341
:10B77000801070470FB4074B1B6807B5064905AA30
:10B78000D868019209F028FA03B05DF804EB04B020
:10B79000704700BF8C0E002470AC070810B58049BC
:10B7A0000446804BD1F88C209A42FBD123687E4A14
:10B7B000934257D17D4AD2F8981041F01001C2F857
:10B7C0009810D2F8981021F01001C2F89810D2F811
:10B7D000F01021F01001C2F8F010754A934240F0C9
:10B7E0008980724BD3F8982042F02002C3F8982049
:10B7F000D3F8982022F02002C3F89820D3F8F02044
:10B8000022F02002C3F8F020654B4FF4407240F262
:10B81000C331B4F91800DA60FFF75AFC40F2C331C3
:10B82000B4F91A00FFF754FCE36923F40073B3F58D
:10B83000807F05D140F2C331B4F92000FFF748FC06
:10B84000E36923F48073B3F5007F05D140F2C3317F
:10B85000B4F92200FFF73CFC62680021554B43F825
:10B86000221010BD544A93421DD002F580629342CB
:10B870002DD0524A934252D0514A9342ADD14B4BB4
:10B88000D3F8902042F48012C3F89020D3F890208F
:10B8900022F48012C3F89020D3F8E82022F480121A
:10B8A000C3F8E820B0E7414AD2F8901041F40031E3
:10B8B000C2F89010D2F8901021F40031C2F8901024
:10B8C000D2F8E81021F40031C2F8E81085E7374AD1
:10B8D000D2F8901041F48021C2F89010D2F8901064
:10B8E00021F48021C2F89010D2F8E81021F48021D0
:10B8F000C2F8E810334A934224D12C4BD3F890205D
:10B9000042F08042C3F89020D3F8902022F0804289
:10B91000C3F89020D3F8E82022F08042C0E7234A01
:10B92000D2F8901041F40021C2F89010D2F8901093
:10B9300021F40021C2F89010D2F8E81021F400217F
:10B94000C2F8E810204A934217D0204A93427FF46D
:10B950005BAF164BD3F89C2042F00802C3F89C2042
:10B96000D3F89C2022F00802C3F89C20D3F8F420DE
:10B9700022F00802C3F8F42046E70C4BD3F89020DD
:10B9800042F00042C3F89020D3F8902022F0004209
:10B99000C3F89020D3F8E82022F0004280E700BFEF
:10B9A0000064025800030080001001400044025867
:10B9B00000140140A86E002400440040004C0040E8
:10B9C0000050004000780040007C0040000C00580F
:10B9D000426890235343054AD358DA69120701D5C8
:10B9E00008221A62D869C0F340107047FC1801247D
:10B9F000426890235343034AD358D869C0F3C01018
:10BA0000704700BFFC18012438B5426890230168D4
:10BA10005343204A99509C1882686260B2F5965F41
:10BA2000C36838BF0725A3600369E36043692361E6
:10BA3000C369A3614FF0000328BF1D46A4F8563028
:10BA4000E361A4F85430A4F85E30A4F85C302362BB
:10BA50006366C4E90953B0F91A3001330FD10823E2
:10BA600063610D4B994205D1B2F5165F20460DD8A2
:10BA7000FCF710FB2046BDE83840FCF7DBBAB0F914
:10BA8000183001330CBF04230C23E9E7FCF712FB49
:10BA9000F0E700BFFC180124000C00580268334B8B
:10BAA0009A4270B50446C4B00D46816054D1BC22A0
:10BAB000002115A8042604F093FDB5F5165F149631
:10BAC0000BDD012314A83993FBF724F82046FFF778
:10BAD0009BFF002832D144B070BD254B196F11F087
:10BAE000020113D1482202A804F07AFD0123019635
:10BAF00003930A931F4E204BD6F88C209A42FBD119
:10BB000001A8FAF77FF94FF44073F360184B1B6FED
:10BB10009B07D6D5174E184BD6F88C209A42FBD1EE
:10BB2000052314A83993FAF7F5FF4FF44073204624
:10BB3000F360FFF769FF0028C3D1CCE700230D4E67
:10BB400039930D4BD6F88C209A42FBD114A8FAF702
:10BB5000E1FF4FF44073F3602046FFF755FF0028E4
:10BB6000B9D029460548FFF705FEB4E7000C005898
:10BB700000440258006402580003008070AC0708BB
:10BB8000012A10B50ED0022A24D0002409294461CC
:10BB900026D010DC072910D008290CD17AB14FF437
:10BBA00080520CE04FF4C06208294261F7D00929A5
:10BBB00018D0072902D00D4815E072B10022022BDF
:10BBC000C2600CBF4FF400530023BDE81040036176
:10BBD000FFF71ABF4FF48062E6E74FF08052EEE7BE
:10BBE000002ADCD00248F5F733FC00BFC9AC0708D7
:10BBF0009AAC07081A4B984222D0A3F54C439842BE
:10BC000020D003F5806398421ED003F580639842EC
:10BC10001CD003F5806398421AD003F54443984240
:10BC200018D0A3F51C43984216D003F580639842C0
:10BC300014D00C4B984214BF4FF0FF3008207047CF
:10BC40000020704701207047022070470320704792
:10BC50000420704705207047062070470720704772
:10BC600000100140000C00582DE9F0470F46164621
:10BC70008AB0824904463846F4F704F9824680497E
:10BC80003046F4F7FFF801465046F4F7D7F87B4901
:10BC900005463846F4F70CF9794981463046F4F701
:10BCA00007F96E2F80460AD0692E08D073496E209E
:10BCB000F4F7E8F850450CD17248F5F7C9FB4FF09E
:10BCC000010A691C256007D13E226F496F48F5F7CC
:10BCD0005DF94FF0000AF4E76D4B9D4236D16D4B94
:10BCE000D3F8F02042F01002C3F8F020D3F8F0307F
:10BCF00003F010030193019B674B9D4236D1654BC6
:10BD0000D3F8E82042F40022C3F8E820D3F8E83062
:10BD100003F400230493049B604B9D4236D15D4B9A
:10BD2000D3F8E82042F08042C3F8E820D3F8E830A6
:10BD300003F080430793079B2846FFF75BFF00282B
:10BD4000606066DA9D2250495548C0E7554B9D42D8
:10BD50002DD1504BD3F8E82042F40032C3F8E8204C
:10BD6000D3F8E83003F400330293029B4E4B9D421C
:10BD70002DD1484BD3F8E82042F48012C3F8E820D4
:10BD8000D3F8E83003F480130593059B474B9D429D
:10BD90002DD1404BD3F8E82042F00042C3F8E82010
:10BDA000D3F8E83003F000430893089BC4E7404B06
:10BDB0009D42A1D1374BD3F8E82042F48022C3F84A
:10BDC000E820D3F8E83003F480230393039B394B36
:10BDD0009D42A1D12F4BD3F8F02042F02002C3F8AE
:10BDE000F020D3F8F03003F020030693069B324B8B
:10BDF0009D42A1D103F50E33D3F8F42042F008029E
:10BE0000C3F8F420D3F8F43003F008030993099B36
:10BE100092E749463846FFF75BF901213846FFF7BC
:10BE20000FFA41463046FFF753F930460121FFF73C
:10BE300007FA00234FF4E1322046E361278366834B
:10BE4000C4E90223C4E90433FFF7DEFDBAF1000FB1
:10BE500010D01A4B012204F120051A60184B2068FB
:10BE6000083454F8041C1A46AC4203C21346F6D1F7
:10BE7000206810600AB0BDE8F08700BF34A607084C
:10BE8000D8A40708F7AC070849AD070856AD07085E
:10BE90000010014000440258004C0040007800406F
:10BEA00072AD07080044004000500040007C004094
:10BEB0000048004000140140000C0058447D00245C
:10BEC000641F01242A4808B5036813F0010304D055
:10BED000FFF74CFCB0FA80F35B0926480268D107F3
:10BEE00004D5FFF743FC002808BF0123224802685D
:10BEF000D20704D5FFF73AFC002808BF01231F48EA
:10BF00000268D10704D5FFF731FC002808BF0123E0
:10BF10001B480268D20704D5FFF728FC002808BF99
:10BF2000012318480268D10704D5FFF71FFC002839
:10BF300008BF012314480268D20704D5FFF716FC96
:10BF4000002808BF012311480268D10704D5FFF774
:10BF50000DFC002808BF01230D480268D20704D554
:10BF6000FFF704FC002808BF0123184608BD00BFE6
:10BF7000001001400044004000480040004C0040D8
:10BF8000005000400014014000780040007C004058
:10BF9000000C005808B5F5F7F1F8064B01211868B8
:10BFA00010F0010018BF0846F9F7B2FCBDE80840E0
:10BFB000F5F7FAB80048025870B594B0FFF782FF61
:10BFC0000446002875D1F5F7D9F83B4D00F0ECF99F
:10BFD000012102222E680846F9F7E4FC01212246DD
:10BFE0000846F9F7DFFCF60703D52B6843F0010399
:10BFF0002B600023314D32492B60324BD1F8902019
:10C000009A42FBD12C4B1A6994063CD55B69980681
:10C0100039D52B4E2B4BD6F88C209A42FBD14C2293
:10C02000002101A804F0DCFA01A8FAF7DDFB0223E5
:10C03000012101A801931023CDE9041300230A93E1
:10C04000F9F7E0FE044610B11F48F5F701FA014682
:10C050002022009001A804F0C3FA694601A8FAF76B
:10C060003FFC1B23009901A80193079402940494B8
:10C070000694FAF74DFA08B11448E6E7FCF7AAFF70
:10C080004FF44073F3600C4A136943F40073136177
:10C090004FF440720A4B1A610D4B596A5A6A521A90
:10C0A000B2F5FA7FFAD300F097F901232B60F5F788
:10C0B0007BF814B070BD00BF00480258407D0024DA
:10C0C000006402580003008084AD0708A9AD07088A
:10C0D000000C004030B54FF40033B3B004461F4DA0
:10C0E00002934FF4807322931D4BD5F88C209A4213
:10C0F000FBD102A8FAF70EFD10B11A48F5F7A8F91E
:10C100004FF440731549EB60174BD3F8DC2042F035
:10C110004002C3F8DC20D3F8DC30207203F0400387
:10C1200060600193019B114B607223600C4BD1F84E
:10C1300080209A42FBD12046FBF723FB08B10C4834
:10C14000DCE769462046FBF76AFB0028F9D1034B80
:10C150004FF440721A6033B030BD00BF0064025823
:10C1600000030080D1AD07080044025800180248BF
:10C17000F0AD070810B5064B064CD4F880209A4263
:10C18000FBD1FBF733FB4FF44073236010BD00BFBE
:10C1900000030080006402582DE9F7431D46002388
:10C1A0000F4606462B6090461B491C4BD1F8802059
:10C1B0009A42FBD14FF000092B68984529D901A973
:10C1C0003046FBF72CFB0446F8B14FF0FF303368E4
:10C1D0004FF440725B6803F00603062B0E4B08BF5A
:10C1E0004FF0FF301A6003B0BDE8F08302AB1A19BC
:10C1F000013412F8043C042C02F8049C07F8013BBB
:10C200002B6803F101032B60D6D02B684345EDD397
:10C21000D2E70020DBE700BF006402580003008083
:10C22000074B084A13601A69910707D5DA68920725
:10C2300004D56FF002021A61F4F766B8704700BFC8
:10C24000000C00408C1F0124004870470CAE07080A
:10C2500030B58BB0694602A8FAF742FBFAF7A0FAAC
:10C26000274B0090D3F8E820264942F00802C3F893
:10C27000E820D3F8E82002F008020192019A224A4D
:10C28000D1F88C409442FBD1D3F890201F4C42F05F
:10C290000802C3F89020D3F8902022F00802C3F8D7
:10C2A00090204FF44073CB60194B079A23604FF0F6
:10C2B000FF33E360174B0ABB0025B0FBF3F00138F6
:10C2C0002561A56060601148C4E90555FBF748FB8E
:10C2D000114B124A9B68C3F80821BFF34F8F104BD4
:10C2E0004FF480225A6009482946FBF777FB226801
:10C2F000D36823F00203D3600BB030BD4000DBE70E
:10C300000044025800640258000300808C1F01247E
:10C31000000C004040420F0000ED00E021C2060882
:10C3200000E100E0044800210268D36823F0020322
:10C33000D360FBF753BB00BF8C1F0124014B586A2D
:10C34000704700BF000C0040054B6FF002021B68F5
:10C3500058631A61DA6842F00202DA60704700BF7F
:10C360008C1F0124064B6FF002021B681A615A6988
:10C3700042F002025A61DA6842F00202DA60704763
:10C380008C1F0124034B1A68D36823F00203D36087
:10C39000704700BF8C1F0124024B6FF002021B6824
:10C3A0001A6170478C1F0124064B074A1B68596AA3
:10C3B00011605A6B054B1A60054BDA68054B1A6021
:10C3C000704700BF8C1F0124DC1F0124881F01243B
:10C3D000000C0040D81F0124064B074A1B68126856
:10C3E0005A62064A12685A63054B1A68054BDA60AE
:10C3F000704700BF8C1F0124DC1F0124881F01240B
:10C40000D81F0124000C00402DE9F843D0F800802B
:10C4100000244FF004094FF47A754646002709FAC4
:10C4200004F04FF4FA420023C0EB0030A0FB0501FA
:10C4300001F046FBB94208BFB04205D20134072CD7
:10C44000EDD10220BDE8F8830C480D4BC0E9003463
:10C450004FF4FA43023403FB08F3E34003F2E733FB
:10C46000B3FBF5F3836040F6FF73C360F8F730FC6D
:10C470000028E7D00348F4F7EBFF00BFE01F0124DA
:10C480000048005814AE07080148F8F74FBC00BF39
:10C49000E01F012447F6F8724FF4FA4102600122CE
:10C4A000828048F24032C0E902127047704700BFF4
:10C4B000704700BF004870472CAE070810B5042134
:10C4C0000446F5F7C1FC204610BD00BF5028F8B562
:10C4D0001CD000F00F040C2C56D8DFE804F0074104
:10C4E00051071F555555552723071F00144654F86B
:10C4F000045B45B100F07006102E08BF11460D44D4
:10C50000020648BF2D681D602046F8BD033222F0A8
:10C51000030454F8045B1D602046F8BD144654F82B
:10C52000085BE6E7144634F9025BE2E700252F4694
:10C53000144614F801CB0CF07F06BE401CF0800FAF
:10C5400045EA060507F10707F3D11F2FD1D81CF0E4
:10C55000400FCED04FF0FF3606FA07F73D43C9E74C
:10C5600000252F46144614F801CB0CF07F06BE4080
:10C570001CF0800F45EA060507F10707F3D1B8E77D
:10C58000144634F8025BB4E702F0A0FB00F0700040
:10C59000202811D00BD9402806D050280AD03028A6
:10C5A0000DD1084602F088BB084602F075BB08B101
:10C5B000102804D100207047084602F081BB08B55E
:10C5C00002F084FBF8B50C461546074608B102F0A8
:10C5D00063FB28602678FF2E04F1010429D16860EE
:10C5E00023782B75FF2B04F1010032D01023002497
:10C5F0002B75224610F8011B01F07F0393400906BA
:10C6000044EA030402F10702F4D40444EC60037822
:10C610006B7500240130224610F8011B01F07F03E6
:10C6200093401C430B0602F10702F5D404442C612D
:10C63000F8BD39463046FFF7A9FF224601462B1DBB
:10C640003046FFF743FF0446601C23782B75FF2B11
:10C65000CCD10023EB60DAE72DE9F04F00F00304C2
:10C6600099B00023012C884617460C9300F0968061
:10C670000DD3022C40F05F823946404602F0F8FAB2
:10C68000002800F09B80092019B0BDE8F08F020758
:10C69000F2D40123049318AA002342F82C8D1946E2
:10C6A000009238460C2201F073FD384602F0FAFA87
:10C6B00005900028E0D012AB1A460599069338463B
:10C6C000FFF780FF05469DF85C00FF2800F0E5803D
:10C6D0003946FFF75BFF044600230DF1440B194672
:10C6E000CDF800B00F223846149401F02FFD119EB2
:10C6F000169B26F001069D4206F1FF3680F0D4809D
:10C700000DF13C0A0DF140099DF85D40FF2C4FF002
:10C71000000103D02046FFF739FF01462A46204694
:10C720005346FFF7D3FE9DF85D40FF2C05464FF0C2
:10C73000000103D02046FFF729FF01462A46204684
:10C740004B46FFF7C3FE9DF85D40FF2C05464FF0BA
:10C75000000103D02046FFF719FF01462A46204674
:10C760005B46FFF7B3FE00240546214615F8012B72
:10C7700002F07F038B401C43130601F10701F5D43F
:10C78000129B0F9A1344B3421FD9049BDB0700F19D
:10C790009180049B1C0715D500F0C2FB10F0080423
:10C7A0001CD018AA44F0020442F82C1D384600920E
:10C7B00019460C22049401F0EBFC76E7082019B02E
:10C7C000BDE8F08F404600F08DFA109A1344B34252
:10C7D00000F28880169BAB4296D8D6E712AB009346
:10C7E00006930D22234621463846D8F8205001F002
:10C7F000ADFC129B9D4202D0022304934BE718AA82
:10C80000234642F82C8D2146009238460C2201F036
:10C81000BFFCD8F830300393002BD3D0D8F82830A1
:10C820001A46D8F82C3005930DF13C0A0DF1400959
:10C830001346002B1C46C0F22781032518A90023AC
:10C8400041F8288D1A4600913846194601F0A0FC9F
:10C85000002319460122CDF800A038460F9401F0BC
:10C8600097FC002319460F22CDF80090384601F0BE
:10C870006DFC109B039ACDF8009003F00104002397
:10C880001443384619460F22109401F081FC022D02
:10C8900005D0072019B0BDE8F08F00241CE7404602
:10C8A00000F0C4FB0720EFE6049BD9077FF571AFCA
:10C8B0000DF1400900240394002319460D22CDF800
:10C8C000009038460C9D01F041FC059A109BC8F879
:10C8D0002C20039AC8F83020C8E90954C8F8203041
:10C8E0000620D1E6119B002B3FF4C6AE139A9A188E
:10C8F0000392002C00F0F080169B013C2344002A98
:10C900003FF4BAAE002B00F0F880049A12F008024F
:10C91000099200F0038147214E2288F8001088F820
:10C9200001205521432288F8021088F8032046216F
:10C930004F2288F8041088F805205221002288F838
:10C94000061088F80720CDE90A7A00220792CDF870
:10C9500020900024214600E02B461D4615F8010BCF
:10C9600000F07F028A40060644EA020401F1070152
:10C97000F2D41F2905D8400603D501228A4052422D
:10C98000144300263146A14613F8010F00F07F0240
:10C990008A401643020601F10701F5D41F2905D884
:10C9A000470603D501238B405B421E43002C4CD02D
:10C9B0004EDC04F1010ACAEB8A72159B03EB820775
:10C9C00053F82210B8F1000F01D0099B2BB151B3DD
:10C9D000002E00F08B80AB19BBE70C9B119329B99B
:10C9E00091E057F8041F002900F08D8039445B4620
:10C9F0000022404600F0C2FA0028F2D0E8E7E20048
:10CA00005242DDE914131A44089BFFF75FFD1099A9
:10CA100049B1B8F1000FDBD00CAB0022404600F06A
:10CA2000ADFA0028D4D0049BD8074A46DDE90A7A3B
:10CA3000DDF820903FF540AF099B002B3FF4F8AEA6
:10CA4000002CBFF6FAAE00F079FA01230793BFE796
:10CA50009DF85C00FF283BD000F00703042B6AD848
:10CA600001A252F823F000BF83CA060837CB06089C
:10CA70007DCA060883CA0608FFC90608620052423A
:10CA8000BFE7A2005242BCE701331D46DDE90512B3
:10CA90003846FFF797FD9DF85C00FF281AD039460D
:10CAA000FFF774FDC5EB85729200159D1490AB588D
:10CAB000154433B12A46002352F8041F01330029DC
:10CAC000FAD10422C8E90C25C8E90A300325B5E6E5
:10CAD000002296E70020E5E7039B002B3FF4CCAD56
:10CAE000049BDA073FF5C8AD0225A7E6DDE9073963
:10CAF000DDE90A7A002B3FF4BFAD049BDD073FF56B
:10CB0000BBAD0024F0E7049B0A9FDDF82090DE0710
:10CB10005546DDF82CA03FF5CFAEB7E798F80720D3
:10CB2000012A0CBF58F8202C08F158020C920AE791
:10CB300000F056F930E602F0C9F800BFF0B4224C1C
:10CB40006368A0F108061BB350F8087CF519AB42E6
:10CB50001ED822D05968002931D08D4203D32EE04F
:10CB6000954205D211464A681C1D0B46002AF7D192
:10CB700095421CD023681A6899188E421CD05B68B5
:10CB800040F8043C236840F8087C5E60F0BC7047C5
:10CB900040F8043C6660F0BC7047D3E900231744BA
:10CBA00040F8087C40F8043C6660F0BC7047D5E96A
:10CBB00000324A601F44DDE717441F60EBE70A4676
:10CBC00004341946D4E700BF487D002430B4174C24
:10CBD00000F108026368082A38BF082203B307324D
:10CBE000196822F007028A4204D81BE001688A42D1
:10CBF00005D9034658680028F8D130BC7047043383
:10CC00008C1A072C456808D981184D608450186823
:10CC100002601960083030BC704701601D60F9E7A0
:10CC20001846EAE71846231DEAE700BF487D0024BE
:10CC300010B500F18004204603F088F838B10346AF
:10CC400080220021184603F0CBFC803010BD204626
:10CC5000FFF7BCFF03460028F2D100F061F900BFE6
:10CC6000064A93688038984203D9D26813449842A0
:10CC700001D303F073B8FFF761BF00BF487D002404
:10CC800038B5084C4FF41E652846E56003F05EF8A1
:10CC9000A06020B100236060C0E9005338BDE060AF
:10CCA000606038BD487D00240378472B01D0002008
:10CCB000704743784E2BFAD18378552BF7D1C37840
:10CCC000432BF4D10379432BF1D143792B2BEED1B4
:10CCD00083792B2BEBD1C07901288CBF0020012058
:10CCE000704700BF10B530B1044600F079F8204617
:10CCF000FFF7DAFF08B900F013F954F8140C00F04C
:10CD0000FBF800BF2DE9F04F85B00246FFF7CCFFDE
:10CD100050B152E906851046966AD2E90C7400F0CB
:10CD20005FF8404600F006F9104600F059F800F0B0
:10CD300005F900F055F800F0F3F800F051F800F0B4
:10CD4000D3F8036893F827200DF1100A012A0CBFCD
:10CD50001A6803F178024FF0000820334AF8082DD2
:10CD600027F0030B0193C146B1451BDA276807B1D1
:10CD70002744534600223946019800F0FFF8E8B9ED
:10CD80003B6814491B69009304AA012342F8040D6F
:10CD90003846009FB847002818BF804609F10109AE
:10CDA0005C44E1E7B8F1000F10D00420FFF740FF2A
:10CDB000094B0360094A074900F0F0F900F00AFA4C
:10CDC00000F04EF800F04CF800F0D2F8284600F0E1
:10CDD00093F800BF50AE0708D4AE0708B1C40608E8
:10CDE00038B5044600F084F822780368472AA4F195
:10CDF000200104D08BBB1C460160204638BD627800
:10CE00004E2AF7D1A278552AF4D1E278432AF1D1FB
:10CE10002279432AEED162792B2AEBD1A2792B2AEF
:10CE2000E8D1E279012AE5D854F80C2C002A11DB6C
:10CE30000132456844F80C2C8B4205F1FF35456002
:10CE40001CBF44F8103C01602046646A01F076F98A
:10CE5000204638BDC2F10102EBE700F061F800BFE7
:10CE600008B500F041F80246006870B390F8203031
:10CE7000472B06D0002313602030BDE8084001F0A6
:10CE80005FB990F821304E2BF4D190F82230552B19
:10CE9000F0D190F82330432BECD190F82430432B81
:10CEA000E8D190F825302B2BE4D190F826302B2BAD
:10CEB000E0D190F82730012BDCD84369002B05DB4B
:10CEC000013B002B07D00DDB436108BD0133FBD1D3
:10CED00001691160F8E7036913602030BDE808407C
:10CEE00001F02EB900F01CF800487047587D00246E
:10CEF00000487047587D002408B5804701F0E6FEE1
:10CF0000FFF76EFF01F0E2FE0D460446FFF7A8FFB3
:10CF1000013501D000F02CF82046FFF7F3FE00BFEA
:10CF200008B5034B1868BFF35B8FFFF7E5FF00BF41
:10CF3000840E002408B58047FFF7F2FF08B5034BC5
:10CF40001868BFF35B8FFFF7F5FF00BF880E002462
:10CF5000024B1868BFF35B8F704700BF840E00243C
:10CF6000024B1868BFF35B8F704700BF880E002428
:10CF70001EB400F08DF81EBC01F0A4FCF0B50278E0
:10CF8000472A83B00D461F461ED00023254C01932F
:10CF9000236820469B68984780B1019B1B680193DA
:10CFA00002262B68214628461C6901AA0123A047B6
:10CFB00030B1019B3B60304603B0F0BD0126F0E785
:10CFC0000646304603B0F0BD43784E2BDDD1837862
:10CFD000552BDAD1C378432BD7D10379462B15D003
:10CFE0000379432BD1D143792B2BCED183792B2BB2
:10CFF000CBD1C379012BC8D850F8204C02D058307F
:10D000000190C5E7204654F8784CF9E743794F2B57
:10D01000E6D18379522BE3D1C379002BE0D1019380
:10D02000014CB5E748AE070840AE070810B5044606
:10D03000FFF75EFF2378472BA4F1200204D083681A
:10D0400023BB8260012010BD63784E2BF7D1A378FB
:10D05000552BF4D1E378432BF1D12379432BEED137
:10D0600063792B2BEBD1A3792B2BE8D1E379012B1F
:10D07000E5D854F8043C0133012B44F8043CE1D1D9
:10D08000836844F8083C8260012010BDFFF748FF28
:10D0900008B5FFF72DFF836883B393F82020472A54
:10D0A00004D00022826003F1200008BD93F8212003
:10D0B0004E2AF6D193F82220552AF2D193F8232054
:10D0C000432AEED193F82420432AEAD193F825206D
:10D0D0002B2AE6D193F826202B2AE2D193F8272099
:10D0E000012ADED8DA69013ADA61002ADBD19A69CD
:10D0F000826000229A6103F1200008BDFFF710FF53
:10D10000012810B51AD8BFF35B8FA1F1280353E8AB
:10D11000002F013A43E800200028F8D1BFF35B8FCD
:10D120005AB951F81C3C01F158040BB120469847FC
:10D130002046BDE81040FFF793BD10BD51F8140C18
:10D14000FFF7DAFEF8B5002540E91E1240F8805CD2
:10D150000446FFF705FF44F8700CFFF7F9FE47237C
:10D1600043224E2755260C4904F8583C2B2304F83B
:10D17000515C04F8577C04F8566C44F8501C04F8D1
:10D18000552C04F8542C04F8533C04F8523C44F851
:10D190006C0CA4F18000F8BD01D10608F8B5054675
:10D1A0000E461746FFF7A4FE4368044601333A468D
:10D1B000314663602846FFF7C5FF0446012344F863
:10D1C000283B204601F06CFB2046FFF709FEFFF7E5
:10D1D000A7FE00BF10B5FFF78BFED0E90042013279
:10D1E000426064B194F82020472A0AD000220260ED
:10D1F0002034204601F078FB2046FFF7F1FDFFF7D1
:10D200008FFE94F821204E2AF0D194F82220552A3E
:10D21000ECD194F82320432AE8D194F82420432A1F
:10D22000E4D194F825202B2AE0D194F826202B2A4B
:10D23000DCD194F82720012AD8D862695242626171
:10D24000D6E700BF10B5034B0360044600F0C2F8F8
:10D25000204610BD20AF070810B5054B03600446FB
:10D2600000F0B8F820460C21F4F7EEFD204610BD82
:10D2700020AF070870B582B00E46069C9442054662
:10D2800009D0A868056806942C6A3146A44602B005
:10D29000BDE87040604719460192009300F062F8C3
:10D2A000DDE900320028ECD0062002B070BD00BFDE
:10D2B0002DE9F04F0E4681B019461F469146834630
:10D2C000DDE90A4ADDE90C8500F04CF870B1002E6A
:10D2D0002C6085F804901DDB3444A0450CBF062467
:10D2E0000124AC71002001B0BDE8F08F444516D098
:10D2F000DBF80800D0F800C0CDE90C85CDE90A4A7A
:10D30000DCF81C403B464A463146A44601B0BDE825
:10D31000F04F60470236E5D10123AB71E2E7514699
:10D32000584600F01FF80028E2D085F80590D9E7AC
:10D330002DE9F04107460C4615461E4600F084F8DC
:10D3400008B1BDE8F081B86807682146BC6933467A
:10D350002A46A446BDE8F041604700BF704700BFC1
:10D360000020704781420FD008B5406803782A2B0F
:10D370000CD049680B782A2B08BF013103F004FC5C
:10D38000B0FA80F0400908BD01207047002008BDB8
:10D3900070B5036884B000249E690094102315467C
:10D3A000CDE9023412688DF804406B46B0479DF811
:10D3B000043003F00603062B03BF009B2B60012003
:10D3C000204604B070BD00BF009890420CBF0620FC
:10D3D0000120704710B5034B03600446FFF7BEFF02
:10D3E000204610BD94AF070810B5054B03600446F6
:10D3F000FFF7B4FF20460821F4F726FD204610BDB4
:10D4000094AF07082DE9F041DDE90814069D8D422F
:10D4100090461F4606460CD039463046FFF7A2FF1D
:10D4200020B10123256084F80480A3710020BDE8A9
:10D43000F0810799FFF796FF0028EDD084F805806A
:10D440000020BDE8F08100BF38B515461C46FFF747
:10D4500089FF20B1082206232560E260237138BDD0
:10D460002DE9F04117461C4606460D46FFF77AFFA8
:10D4700008B9032C01D9BDE8F0812B683A46314642
:10D4800028465B69BDE8F041184700BF03781BB927
:10D4900043685B68834214D083680BB905E0134688
:10D4A000DA68002AFBD118467047426893689842B0
:10D4B00001D009E01A46536899689142FAD018469B
:10D4C0007047DB68184670471346ECE7C3680BB932
:10D4D00005E013469A68002AFBD118467047426857
:10D4E000D368984201D00AE01A465368D96891423D
:10D4F000FAD0D1688B4208BF1346184670471346CE
:10D50000EBE700BFFFF7C2BF2DE9F0410024C1E9FE
:10D510000124CC600C7018B39342916000F0A2809B
:10D520009868904200F0A1805E6801274FF0000CDF
:10D53000B14211D048680278002A71D142689468DB
:10D54000A04215462CD08CB125787DB91146B14248
:10D55000077027701570EDD101230B70BDE8F081C5
:10D56000D160D8689042DFD1D960DDE784688C4211
:10D570003FD0D4680770A068D06082F800C000B1C6
:10D580004260506860605868824247D05068856841
:10D59000AA420CBF8460C460A26054605E68C7E7A2
:10D5A000D2F80CE0BEF1000F0BD09EF80080B8F16D
:10D5B000000F06D1077011468EF8007082F80080C7
:10D5C000B6E7C6688E4232D0277085F800C0AE60DC
:10D5D00006B175606A6842605A68954225D06A68EB
:10D5E000D468A5420CBFD0609060C56068605E687A
:10D5F0009EE7CD688560002D32D0686045684D603B
:10D600005D68A8422AD04668F568A8420CBFF16060
:10D61000B160C860416001462046AAE75C60BBE794
:10D62000314601230B70BDE8F0815860DDE78C685E
:10D63000C4600CB1606042684A605A68904216D07B
:10D640004468A26890420CBFA160E1608860AA684B
:10D65000416034460146D6681046B5E75960D8E7C0
:10D660001546CCE75960D9605EE799605CE7596080
:10D67000ECE700BF0868002808B51ADB90420AD919
:10D680005200904207D2002A0ADB0A60501CBDE813
:10D690000840F4F7A5BB0130BDE80840F4F7A0BB93
:10D6A0006FF000430B604FF00040BDE80840F4F716
:10D6B00097BB014800F0C4F8E4AF070850F8083BF6
:10D6C000834202D01846F4F7B3BB7047521A012ABE
:10D6D00003D002B9704702F085BE0B7810B4037016
:10D6E0005DF8044B704700BF88422CD02DE9F04113
:10D6F00080464E6858F8087BB84514BF82680F22F0
:10D70000B24282B00D4604460CD32EB1012E2968D8
:10D710001AD10B783B70276866600023BB5502B0B6
:10D72000BDE8F08102A941F8046DFFF7A3FF0746A9
:10D730002068804501D0F4F77BFB019B2760A36044
:10D74000002EE9D0E2E770473846324602F04AFE42
:10D750002768E1E7F0B40B4600F10804046053F8D1
:10D76000082B93420AD002608A6882604A6842604D
:10D770000022C1E900320A72F0BC70471F685E687F
:10D780009D68DA6842618760C6600561EEE700BFA8
:10D7900070B5054682B0F1B1541A0F2C0E460194B3
:10D7A0000CD80268012C104619D10B7813702A6826
:10D7B000019B6B600021D15402B070BD002201A911
:10D7C000FFF758FF019B2860AB602246314602F00C
:10D7D00009FE2A68ECE72AB901920268E8E7002C02
:10D7E000E6D0F2E7014800F013F800BFB8AF070831
:10D7F00010B500F108030360D1E900320446194670
:10D800001A444FF00003FFF7C3FF204610BD00BFCE
:10D8100038B505460820FFF70BFA2946044600F004
:10D82000E1F82046044A0549FFF7B8FC2046FFF717
:10D8300017FAFFF79DFB00BF75D80608FCAF070875
:10D8400038B505460820FFF7F3F92946044600F0ED
:10D85000DDF82046044A0549FFF7A0FC2046FFF703
:10D86000FFF9FFF785FB00BFC9D8060808B0070815
:10D870004068704710B543680C4A0D490160044682
:10D88000A3F10C00904282B005D12046FEF70EFEB7
:10D89000204602B010BD53F8042C511E002A43F854
:10D8A000041CF2DC01A900F053F8EEE7647D0024CB
:10D8B00040B0070810B50446FFF7DCFF2046F4F738
:10D8C000B7FA204610BD00BF10B5034B03600446F5
:10D8D000FFF7D0FF204610BD54B0070810B5054B28
:10D8E00003600446FFF7C6FF2046F4F7A1FA20467E
:10D8F00010BD00BF54B00708134B984210B51FD895
:10D900008842044614D94A00904238BF144604F1B4
:10D910001D02B2F5805F04F10D000BD9A14209D2BE
:10D9200004F58054C2F30B02A41A9C4228BF1C4683
:10D9300004F10D00F4F754FA0022C0E9014210BDD1
:10D940000248FFF77DFF00BFFCFFFF3F8CB00708D8
:10D95000F4F76EBA884215D070B5054610B30C1AAC
:10D9600020460021FFF7C8FF012C064600F10C03FA
:10D9700005D054B90D4A96420ED1184670BD2A788A
:10D980000273F7E70A4B18467047184629462246A5
:10D9900002F028FD0346EDE7311900223460B26041
:10D9A0000A73EAE70348FFF733FF00BF647D0024F2
:10D9B000707D002460B0070870B5054616460C4619
:10D9C00061B1084603F0BCFC2118324620464FF0F6
:10D9D0000003FFF7BFFF2860284670BD4FF0FF31FE
:10D9E000F3E700BF10B5084B82B0044601AA40F827
:10D9F000043BFFF7E1FF204602B010BD2046FEF7D2
:10DA000055FDFFF7B5FA00BF40B0070810B5044652
:10DA1000FFF7E8FF014B2360204610BD54B0070814
:10DA20007BB972B90029BEBF00204FF0004106E06B
:10DA300008BF00281CBF6FF000414FF0FF3001F01D
:10DA400043B9ADF1080C6DE904CE002909DB002BC8
:10DA50001ADB00F04DF8DDF804E0DDE9022304B044
:10DA60007047404261EB4101002B1BDB00F040F8A6
:10DA7000DDF804E0DDE9022304B0404261EB41013E
:10DA8000524263EB43037047524263EB430300F09F
:10DA90002FF8DDF804E0DDE9022304B0404261EB39
:10DAA00041017047524263EB430300F021F8DDF877
:10DAB00004E0DDE9022304B0524263EB4303704704
:10DAC00053B94AB9002908BF00281CBF4FF0FF31E5
:10DAD0004FF0FF3001F0F8B8ADF1080C6DE904CE5D
:10DAE00000F006F8DDF804E0DDE9022304B0704739
:10DAF0002DE9F047089E04468846002B4BD18A4208
:10DB0000154667D9B2FA82F24AB1C2F1200701FA8A
:10DB100002F320FA07F7954047EA030894404FEADA
:10DB2000154E230CB8FBFEF71FFA85FC0EFB178879
:10DB300043EA084307FB0CF1994209D9EB1807F1B6
:10DB4000FF3080F01B81994240F21881023F2B4444
:10DB50005B1AA4B2B3FBFEF00EFB103344EA03449D
:10DB600000FB0CFCA44509D92C1900F1FF3380F00F
:10DB70000781A44540F2048102382C4440EA074062
:10DB8000A4EB0C0400271EB1D4400023C6E90043D7
:10DB90003946BDE8F0878B4209D9002E00F0EB80B2
:10DBA0000027C6E9000138463946BDE8F087B3FAD8
:10DBB00083F7002F47D18B4202D3824200F2FA80D2
:10DBC000841A61EB030301209846002EE0D0C6E9D9
:10DBD0000048DDE702B9FFDEB2FA82F2002A40F027
:10DBE0008F80491B4FEA154E1FFA85F80127B1FBBC
:10DBF000FEFC230C0EFB1C1143EA014308FB0CF155
:10DC0000994207D9EB180CF1FF3002D2994200F289
:10DC1000CD808446591AA3B2B1FBFEF00EFB10145E
:10DC200043EA044408FB00F8A04507D92C1900F189
:10DC3000FF3302D2A04500F2B6801846A4EB0804D8
:10DC400040EA0C409FE7C7F1200CBB4022FA0CFED3
:10DC50004EEA030E01FA07F420FA0CF521FA0CF350
:10DC60004FEA1E482543B3FBF8F92C0C08FB193387
:10DC70001FFA8EFA44EA034309FB0AF49C4202FAB3
:10DC800007F200FA07F10BD91EEB030309F1FF308D
:10DC900080F087809C4240F28480A9F1020973449D
:10DCA0001B1BADB2B3FBF8F008FB103345EA03448D
:10DCB00000FB0AFAA24508D91EEB040400F1FF3369
:10DCC0006BD2A24569D90238744440EA0940A0FBEE
:10DCD0000289A4EB0A044C45C2464B4654D351D0AA
:10DCE000002E69D0B1EB0A0564EB030404FA0CFCC6
:10DCF000FD40FC404CEA0505C6E90054002747E713
:10DD0000C2F1200320FA03F7954001FA02F021FA4C
:10DD100003F34FEA154E3843010CB3FBFEF71FFA2D
:10DD200085F80EFB173341EA034107FB08F38B42EA
:10DD300004FA02F407D9691807F1FF3C2FD28B428D
:10DD40002DD9023F2944CB1A81B2B3FBFEF00EFB62
:10DD5000103341EA034100FB08F38B4207D96918ED
:10DD600000F1FF3C17D28B4215D902382944C91A59
:10DD700040EA07473BE73746304609E70746E7E60C
:10DD80001846FBE64145ABD2B8EB020A69EB0E023E
:10DD900001381346A4E76046E9E7184695E7674669
:10DDA000D1E781467CE702382C4447E7ACF1020C0E
:10DDB0002B442FE7384608E73746E9E603685A0060
:10DDC0004CBF43F0004323F000431844704700BFAA
:10DDD00061B32DE9F84F01F1FF3A90460646D1466E
:10DDE000002707EB090404EBD4746410E5007119F3
:10DDF0000846FFF7E3FFA245834605F108003044DB
:10DE000009D0FFF7DBFFC34500F1FF3005D84045DF
:10DE100009D2671CE5E7C34505D9A74202D004F142
:10DE2000FF39DEE700210846BDE8F88F0846704755
:10DE3000012807D0022807D0044B00280CBF184641
:10DE40000020704702487047024870471DE50608E9
:10DE500021E5060825E5060830B5254B83B00446C4
:10DE60008D1E4BB301A92846AFF30080F0B1019994
:10DE70002A46FFF7ADFF0146C0B1FFF79FFF4B6891
:10DE8000A064012B2ED0002B01F1040026DBFFF74C
:10DE900095FF0023C4E913030368002B12DBFFF78F
:10DEA0008DFF00232061184603B030BD002323619D
:10DEB0000923184603B030BD0E490F48091AC9108E
:10DEC0000191D5E7C3F30360FFF7B2FF002814BF49
:10DED000002309232061184603B030BD0123C4E9A3
:10DEE0001303D9E7002323610523184603B030BD8F
:10DEF0000000000030D7070800C607080368DA07EB
:10DF000010B5044606D49B0700F1480009D500F07F
:10DF10005FFC2368590709D51A070ED5DB0613D510
:10DF200010BD00F04DFC23685907F5D404F1D00072
:10DF300000F056FC23681A07F0D404F5A87000F02E
:10DF400057FC2368DB06EBD404F5E870BDE810400D
:10DF500000F092BC036803B103441846704700BF49
:10DF600009207047704700BF70B504460D4608E0B1
:10DF70002B6C63612A4623692146012098470828B3
:10DF800008D1296C2046FFF767FF06460028EFD02E
:10DF900000F09CFE0728FBD13046296CFFF7E2FF1A
:10DFA000281D00F001FC00BF2DE9F0470C1D0546BF
:10DFB00017460FCCADF5727D03AE0FC60FCC0FC662
:10DFC0000FCC0FC694E80F0002ACD5F80C80D5F842
:10DFD000189086E80F000023236021E0236C6B611A
:10DFE0004FF4F07221467AA802F0FCF92B697AAA64
:10DFF000294630469847889BCDE9004982466364AC
:10E0000031462B462A460120C0470746F8B94FF44F
:10E01000F0727AA9204602F0E5F9BAF1080F1CD196
:10E02000216C2846FFF718FF002F08BF0926074676
:10E0300018BF0A260028D1D0A36B46F01001CDE905
:10E0400000492A46636401202B46C04700B10927D6
:10E0500038460DF5727DBDE8F087BAF1070FF6D1AD
:10E060003846216CFFF77EFF03A800F09DFB00BF40
:10E07000406C7047F0B5CB6B0B640D1D0F46064628
:10E080000FCDF9B001AC0FC40FCD0FC40FCD0FC42D
:10E0900095E80F004FF0FF3584E80F00009506E08B
:10E0A00033696A46314698470828044608D11099D2
:10E0B0003046FFF7D1FE0028F2D0092079B0F0BD3C
:10E0C0006846FFF71BFF062CF7D139463046FFF7AD
:10E0D0004BFF00BF30B4DD6BC160826119461D6427
:10E0E000002230BC60E700BF70B5C66843690B64AE
:10E0F000BEB903690A4604460D4601460220984708
:10E10000072807D0082803D129462046FFF72CFF0F
:10E1100000F0DCFD3046296CFFF724FF281D00F0DD
:10E1200043FB0122FFF740FF00F0D0FDC2681AB1A7
:10E13000CA6B0A64002237E79CE700BF704700BF44
:10E14000836813B10146012018477047042907D896
:10E15000DFE801F00308060808000BB90F2A03D90D
:10E16000022070470120704700EB82021846536876
:10E17000009A1360704700BF10B584B0002303AC51
:10E180000A4600941946FFF7E1FF039804B010BD5A
:10E19000042907D8DFE801F00308060808000BB9D6
:10E1A0000F2A03D9022070470120704700EB82003C
:10E1B000009A126842601846704700BF10B584B0DC
:10E1C00004AC002344F8042D0A4600941946FFF7D6
:10E1D000DFFF04B010BD00BFF0B5D36B1364151D95
:10E1E00007460E460FCDADF50F7D17AC0FC40FCD12
:10E1F0000FC40FCD0FC495E80F004FF0FF3584E832
:10E200000F00169510E016A8FFF7D8FF314616A8A4
:10E21000B84716AA694678B9049B0820984705288C
:10E2200004460AD0092807D026996846FFF714FE4D
:10E230006A460C210028E6D0092416A8FFF75EFEE6
:10E2400020460DF50F7DF0BD2DE9F04F0D46C96C50
:10E2500089B00C1D164600F0030B0A6806941F4691
:10E26000002B68D0130CD9B212048DF81D30022394
:10E2700004EB810405928DF81C302B6DBBF1020F6D
:10E2800008BFAC6B13F0010346D1019300F0080303
:10E290000093D4F80090B9F1000F00F0F380022F42
:10E2A00045D0B4F80090B4F802800434AB6C28F088
:10E2B000010A0F2130469A44FFF75EFF824534D8A9
:10E2C00029F001035344834294BF002001204FEA08
:10E2D000480808F0020809F0010948EA0908B8F1FD
:10E2E000010F3AD031D3B8F1020F1AD1236823F0CD
:10E2F000004ABBF1000F66D130B1009A002A6CD001
:10E30000BAF1000F00F09080002B00DA04340AF11B
:10E31000010304EB8304BCE7304605A900F046FB8B
:10E3200078B1092009B0BDE8F08F0020CFE7D4F81C
:10E3300004800834BAE7120203230592ADF81C30BA
:10E340009BE7082009B0BDE8F08FBBF1000F02D0B9
:10E35000002840F0B48004349BE7BBF1000F18D1D3
:10E36000A8B1D4E90023991C4FEAD272D9D005F1A3
:10E3700058010133049100F0B580201DFFF7EAFD3C
:10E3800004AB01462846FEF7F9FD002867D10834A2
:10E390007FE70D213046D5F82080FFF7EDFE804560
:10E3A000F5D1AB6A9C42F2D12046FFF707FD0F2161
:10E3B00002463046FFF702FF30462A460021FFF7AB
:10E3C000FDFE0720AEE70D213046D5F82080FFF78F
:10E3D000D3FE804532D0236896E7BAF1000F23D0F0
:10E3E00005F1580304F10408CDF808B0DDF80090F9
:10E3F0000397A3461C4602E05745B94640D0404625
:10E400000494FFF7A7FD04AB014600222846FEF75F
:10E41000B5FD09F1010708F104080028ECD0D14549
:10E420005C46DDE902B7D6D130460D21FFF7A4FEE8
:10E43000049B2862C5E90934062073E7AB6A9C4255
:10E44000C9D104224FF00008A318C5E90AA8C5E9FC
:10E450000C23236843454DDB0123019357E7804696
:10E460000D213046FFF788FEB8F1020F28623ED139
:10E470002B46049A43F82C2F6B62AC62062051E7BE
:10E480005C46D1E705A9304600F090FA00287FF4F9
:10E4900048AF019B002B3FF454AF0F213046FFF7EC
:10E4A0006BFE0E2102463046FFF788FE30461A4AC0
:10E4B0000F21FFF783FE072009B0BDE8F08F20464B
:10E4C000FFF77CFC04340746AC632846FEF7AEFD3C
:10E4D00000283FF426AF30463A460F21FFF76EFE84
:10E4E00007201FE730460D21FFF746FE2862049BF8
:10E4F0006B62C2E70AF1010004EB8000FFF75EFCEB
:10E500000F2102463046FFF759FE30462A46414663
:10E51000FFF754FE072005E705CD0608002393E624
:10E52000012391E602238FE62DE9F0410546C4B0B0
:10E53000042906D8DFE801F04D2B05030900032B61
:10E540005FD0022044B0BDE8F081002BF9D1102A41
:10E55000F7D82B68DC0600F1F48022AC204601924B
:10E5600000F094F9A86B019A0023012606FA03F142
:10E57000114203D0016844F8231004300133042B06
:10E58000F4D1A863204600F077F90020DAE7012BE8
:10E590004FEA124697B252D0052BD2D106EB0708AC
:10E5A000B8F1200FCDD80F2E40F29980B846002F39
:10E5B00040F0DB80AA6BAA630F2E40F2BE80B8F158
:10E5C000000F02D002A800F00BF9002044B0BDE813
:10E5D000F081002BB5D1AC6B97B2281D012606FA4D
:10E5E00003F1394203F1010302D0216801600434D0
:10E5F000102B00F10400F2D112F40050E5D1AC630D
:10E60000A0E7160C97B2F319102B9AD82B681A07AB
:10E610005DD422AC204600F00DF904EBC601AB6BD3
:10E620003FB103EBC702186841F8040B043393426F
:10E63000F9D12046AB6300F0DBF8002082E7F21945
:10E64000102A3FF67EAF0F2E3FF67BAF2A68D10728
:10E6500008D5284622F0030240F8482B019300F029
:10E66000B3F8019B019322AC204600F0ADF8A96BF2
:10E67000019B002F00F095807F0004EBC6044FF053
:10E680000008043C01EB870251F8040B44F8040F26
:10E690009142F9D1B8F1000F0FD002AC102E3146E3
:10E6A00038BF102104EBC101843902EBC80452F8D1
:10E6B000040B41F8040F9442F9D1012B7FF47BAF96
:10E6C00022AC0432AA63204600F07AF87DE723F0FA
:10E6D00008032B6005F5A87000F0ACF899E7B8F1D5
:10E6E000100F2A6843D9D007A8F110080BD5284687
:10E6F00022F0010242F0020240F8482B019300F0A0
:10E700006BF82A68019B510725D40F2E04D822A844
:10E71000019300F061F8019B019302AC204600F0E8
:10E7200063F8C6F110010029AA6B019BB6DD22AC8B
:10E730004F0004EBC6041146A3E722A800F048F8F6
:10E740003DE723F010032B6005F5E870019200F01F
:10E750009DF8019A01E7284622F0040240F8D02BE8
:10E76000019300F041F8019BCFE72A68CBE7D0077F
:10E770000AD5284622F0010242F0020240F8482B56
:10E78000019300F029F8019B019322AC204600F090
:10E7900023F8B846A96B019B002F7FF46DAF0A46A2
:10E7A00009E70A468DE700BF00F1340191E838001F
:10E7B0009C46A6464CF8045D90E8FF0FE54600BD78
:10E7C00090EC210B704700BF80EC210B704700BF1D
:10E7D00090EC200B704700BF80EC200B704700BF0F
:10E7E000D0EC200B704700BFC0EC200B704700BF7F
:10E7F000F0EC0201F0EC0211F0EC0221F0EC02313D
:10E80000F0EC0241F0EC0251F0EC0261F0EC02712C
:10E81000F0EC0281F0EC0291F0EC02A1F0EC02B11C
:10E82000F0EC02C1F0EC02D1F0EC02E1F0EC02F10C
:10E83000704700BFE0EC0201E0EC0211E0EC0221C5
:10E84000E0EC0231E0EC0241E0EC0251E0EC02616C
:10E85000E0EC0271E0EC0281E0EC0291E0EC02A15C
:10E86000E0EC02B1E0EC02C1E0EC02D1E0EC02E14C
:10E87000E0EC02F1704700BFB0FC0181B0FC0191F7
:10E88000B0FC01A1B0FC01B1704700BFA0FC018148
:10E89000A0FC0191A0FC01A1A0FC01B1704700BF48
:10E8A000EC4600B52DE900502DE9FF1F4FF00003A5
:10E8B0002DE90C0001A9FFF7DDFBDDF840E012B007
:10E8C000704700BFEC4600B52DE900502DE9FF1F51
:10E8D0004FF000032DE90C0001A9FFF705FCDDF85E
:10E8E00040E012B0704700BFEC4600B52DE9005083
:10E8F0002DE9FF1F4FF000032DE90C0001A9FFF7E0
:10E9000015FCDDF840E012B0704700BFEC4600B5E2
:10E910002DE900502DE9FF1F4FF000032DE90C00F9
:10E9200001ABFFF7D7FBDDF840E012B0704700BF46
:10E93000EC4600B52DE900502DE9FF1F4FF0000314
:10E940002DE90C0001AAFFF747FCDDF840E012B00A
:10E95000704700BF027A82B9437AABB14268013B8B
:10E9600010B4437213680321141D01721A0244602B
:10E9700002605DF8044B180E70470368013A02729A
:10E980001A020260180E7047B020704700B585B0BB
:10E9900003AA0023009219460C22FFF7D7FB039825
:10E9A00005B05DF804FB00BFF0E700BF2DE9F043C0
:10E9B000054685B00E464FF000083046FFF7CAFF07
:10E9C000B028044600F0B180070620D500F0F0031F
:10E9D000802B65D0902B36D0A02B78D0B02B47D091
:10E9E000C02B00F08A8000F0F803D02B0BD100F090
:10E9F0000702013242F40022052301212846FFF7D5
:10EA000093FD0028D9D0092005B0BDE8F0830DF1B1
:10EA10000C09002319468700CDF800900D222846E6
:10EA2000FFF794FBFFB2039BCDF80090043760061C
:10EA30004CBFDF1BFF18002319460D222846039701
:10EA4000FFF7A6FBB9E700F00D030D2BDBD003AFFA
:10EA5000002300F00F02194600972846FFF776FBC7
:10EA60000023009719460D222846FFF791FBA4E7E3
:10EA7000B1285FD0B22800F0CC80B3287ED000F05F
:10EA8000FC03B42BBFD000F007020132012342F493
:10EA9000002219462846FFF747FD00288DD0B2E72F
:10EAA0003046FFF757FF24020443B4F5004FAAD0C5
:10EAB00024010023A2B219462846FFF735FD00289D
:10EAC000A1D114F4004F18BF4FF0010875E7C243FD
:10EAD00002F007034FF47F621A41010702F47F62DC
:10EAE0004FF0000348BF42F4804219462846FFF722
:10EAF0001BFD00283FF461AF85E7C62851D0C72829
:10EB00005AD000F0F803C02B69D0C82875D0C928A6
:10EB10007FF479AF3046FFF71DFF020300F00F00CE
:10EB200002F470220130024366E7B8F1000F14D0FE
:10EB3000002069E73046FFF70DFF00283FF463AF80
:10EB400010F0F0037FF45FAF024619462846FFF746
:10EB5000EBFC00283FF431AF55E703AC43460E22EF
:10EB6000414600942846FFF7F1FA009428464346B0
:10EB70000F224146FFF70CFB404645E73046FFF7C2
:10EB8000E9FE010300F00F0001F47021421C012393
:10EB90000A4328461946FFF7C7FC00283FF40DAF8B
:10EBA00031E73046FFF7D6FE010300F00F0001F415
:10EBB0007021421C0323EBE73046FFF7CBFE0246F1
:10EBC00000283FF420AF10F0F0037FF41CAF0421C5
:10EBD0002846FFF7A9FC00283FF4EFAE13E700F04A
:10EBE0000F020132032342F4202219462846FFF780
:10EBF0009BFC00283FF4E1AE05E73046FFF7AAFE94
:10EC000000F0F00200F00F031032013343EA023249
:10EC1000F2E600230DF10C090D221946CDF8009003
:10EC20002846FFF793FA3046FFF794FE02064FF0AE
:10EC300002070CD5039B00F07F00B8400344304628
:10EC40000393FFF787FE030607F10707F2D4039B40
:10EC5000CDF8009000F07F0403F50172BC40002362
:10EC6000144419460D2228460394FFF791FAA4E6AE
:10EC700010B5C36C84B05A6803208DF80C00DC79A1
:10EC80008DF80D4012020833084601A90192029343
:10EC9000FFF78CFE04B010BD08B5FFF785FE806C51
:10ECA00008BD00BF08B5FFF77FFEC06CC37900EB5D
:10ECB0008300083008BD00BF08B500F007F800BFAA
:10ECC00008B5FFF7F9FF00BF704700BF08B5062081
:10ECD00001F08AFE0120F3F72FF800BF00B50A4CBF
:10ECE0002668054685B01C46F06852B1074B009176
:10ECF000CDE9013206492B46224600F041FAFFF7E2
:10ED0000E5FF044B1A46F2E78C0E0024A4B0070876
:10ED1000B4B00708B0B007080A22002102F07CBC9A
:10ED2000014B1868704700BF8C0E002470B5002995
:10ED300048D005460C4610B1836B002B48D0626E5C
:10ED4000B4F90C30D00740D4990530D52146284677
:10ED500000F05CF8E36A064633B1E169284698475B
:10ED60000028B8BF4FF0FF36A3891A063CD4216BA8
:10ED700041B104F14003994202D02846F2F700F96C
:10ED800000232363616C21B12846F2F7F9F80023D0
:10ED9000636400F0E9F9636E0022DB07A2811FD5EE
:10EDA000A06D00F055FF00F0E5F9304670BDA06D94
:10EDB00000F050FFB4F90C30002BC7D1666E16F08E
:10EDC000010616D00026304670BD002BFAD0BDE7F4
:10EDD00000F04CF9626EB4F90C30D007F5D4B3E70B
:10EDE000A06D00F039FFDBE721692846F2F7C8F88B
:10EDF000BDE7A06D00F030FF304670BD024B01460C
:10EE00001868FFF793BF00BF8C0E0024B1F90C30D7
:10EE10009AB22DE9F0410C461107804644D462684D
:10EE200043F40063002AA38159DDA56A002D53D065
:10EE300000229BB2D8F80060E169C8F8002013F402
:10EE4000805240F0838001234046A847421C4AD0AC
:10EE5000A389A56AE1695B0705D56268236B801AFF
:10EE60000BB1E36BC01A024600234046A847471C7B
:10EE700045D0B4F90C302269226023F400630022EB
:10EE8000A381DB04626000D52065216BC8F80060B7
:10EE900011B304F14003994202D04046F2F770F8F2
:10EEA00000202063BDE8F0812669AEB125682660A8
:10EEB00092070CBF63690023AD1BA3600AE02B46D9
:10EEC0003246676AE1694046B8470028A5EB00056D
:10EED00006442BDD002DF2DC0020BDE8F081E26B62
:10EEE000002AA2DCF8E7D8F80030002BB0D01D2BA8
:10EEF00001D0162B2CD1C8F800600020EDE7D8F81F
:10EF000000101D291AD8154BB4F90C20CB40DB4357
:10EF100013F0010314D1256922F40062C4E90053FF
:10EF2000D504A281B1D50029AFD1ADE7A38943F0C3
:10EF30004003A3814FF0FF30BDE8F081B4F90C200D
:10EF400042F04002A2814FF0FF30C6E7206D82E719
:10EF5000A38943F04003A381BFE700BF0100402025
:10EF600038B50D46044608B1836BA3B1B5F90C0062
:10EF7000B8B16B6EDB0701D481051AD5204629464E
:10EF8000FFF744FF6B6EDA07044602D4AB899B059A
:10EF90000AD5204638BD00F069F8B5F90C00002804
:10EFA000E7D10446204638BDA86D00F055FE204646
:10EFB00038BDA86D00F04EFEE0E700BF20B1054B64
:10EFC00001461868FFF7CCBF034B0449186800F0EE
:10EFD000DDBD00BF8C0E0024E8B1070861EF060814
:10EFE00010B5002304468181C281C0E900338360EB
:10EFF0004366C0E904338361194608225C3001F09E
:10F00000EFFA07480749084A084BE362C4E907409A
:10F01000C4E9091204F15800BDE8104000F016BE22
:10F02000F90A07081D0B0708590B0708790B070891
:10F03000014900F0ABBD00BF2DED060870B54A1EBA
:10F04000682505FB02F50E4605F17401F1F74CFF4A
:10F05000044640B100210C30666005F16802216071
:10F06000A06001F0BDFA204670BD00BF10B5044697
:10F07000124800F0EFFDA26BD2B904F53B731048C3
:10F08000C4F8E8320321C4F8E022E063C4F8E412D3
:10F0900060680421FFF7A4FF01220921A068FFF79F
:10F0A0009FFF02221221E068FFF79AFF0123A3636A
:10F0B0000248BDE8104000F0CFBD00BF042001248D
:10F0C00031F0060870B50646244800F0C3FD244B15
:10F0D0001D68AB6B83B305F53875D5E90134013B89
:10F0E00005D525E0013B5A1C04F1680420D0B4F991
:10F0F0000C20002AF6D100251A4BE36004F15800D9
:10F10000656600F0A3FD154800F0A6FD2560C4E982
:10F110000155C4E90455A5612946082204F15C00A3
:10F1200001F05EFAC4E90C55C4E91155204670BDE2
:10F130002C682CB12546D0E72846FFF797FFCAE791
:10F1400004213046FFF77AFF044628600028F1D1F9
:10F15000024800F081FD0C233360E7E71020012412
:10F16000E8B107080100FFFF014800F073BD00BFD0
:10F1700010200124014800F06FBD00BF10200124C1
:10F180000EB410B583B005AB064C53F8042B0193B5
:10F190000146206803F090FC03B0BDE8104003B0C6
:10F1A000704700BF8C0E0024F0B5134683B00F46A5
:10F1B00001AA1946064606F03BFD002836D0054652
:10F1C0003046FFF77FFF044600282FD039464FF422
:10F1D000DB73019A304601F04DFA071E30DB636E97
:10F1E000DB0715D51C4B1D491D4AE781C4E90743C0
:10F1F000C4E909121B4BA581E905E3620FD4636ED4
:10F20000DA0702D4A3899B0514D5204603B0F0BDCC
:10F21000A3899805E6D4A06D00F01CFDE2E7304616
:10F2200002230022214600F06BF9E8E70024204683
:10F2300003B0F0BDA06D00F00FFD204603B0F0BD9F
:10F240000025FFF791FFA581A06D00F001FD2C4680
:10F25000FFF790FFD9E700BFF90A07081D0B070861
:10F26000590B0708790B0708024B0A460146186834
:10F27000FFF79ABF8C0E0024F8B5244F0C460646C3
:10F28000F2F763FBBB685D68C4F57E610F3125F062
:10F290000305294421F47F6121F00F01A1F5805479
:10F2A000B4F5805F07DB0021304601F097FABB68B8
:10F2B0002B44984204D03046F2F74BFB0020F8BDB7
:10F2C0006142304601F08AFA01300DD0104BBA6825
:10F2D00019682D1B45F001053046091B5560196062
:10F2E000F2F737FB0120F8BD0021304601F076FA35
:10F2F000BA68831A0F2BDEDD064C0549246843F0FB
:10F300000103001B53600860D5E700BF24140024EC
:10F31000747D00242C180024002953D0F8B50C4625
:10F320000646F2F712FB54F804CC714F2CF00101A1
:10F33000A4F108056B18B8685A68984222F00302D5
:10F3400053D01CF0010F5A6003EB02003BD154F87C
:10F3500008CC4068A5EB0C0507F1080EAC687445B5
:10F36000614400F0010075D0D5F80CC0C4F80CC0A1
:10F37000CCF8084060B341F001036B606950B1F50F
:10F38000007F50D34B0A042B70D88B0903F139044A
:10F39000E40003F1380238193B590838984278D014
:10F3A0005A6822F003028A4271D99B689842F7D1C9
:10F3B000C368C5E902039D60C5603046BDE8F840FA
:10F3C000F2F7C7BA7047406800F001000028D2D1B8
:10F3D0009868484C1144A04241F0010262D0DB68B9
:10F3E000C36098606A606950C9E71CF0010F0A4465
:10F3F00007D154F8083CED1A1A44D5E90213CB6042
:10F4000099603D4B1B6842F0010193426960BD6009
:10F4100004D83A4B30461968FFF72EFF3046BDE856
:10F42000F840F2F796BAC90878684A1C0123891097
:10F430008B40034307EBC20157F832007B60083969
:10F44000C5E9020147F83250C5603046BDE8F840D2
:10F45000F2F77FBA002845D10A44D3E9021342F0FB
:10F460000100CB6099606860AA50D7E7142B08D9D7
:10F47000542B1ED80B0B03F16F04E40003F16E0252
:10F4800089E703F15C04E40003F15B0283E71846BB
:10F490008EE793107968012202FA03F30B437B6035
:10F4A000034686E7C7E90455C5E902006A6069506A
:10F4B000B4E7B3F5AA7F06D8CB0B03F17804E400D8
:10F4C00003F1770267E740F25452934206D88B0C5F
:10F4D00003F17D04E40003F17C025CE74FF47E74E9
:10F4E0007E2258E741F001026A60196096E700BF8A
:10F4F000241400242C14002430180024A47D00249B
:10F5000000F000B82DE9F04F0C4697B091461F4629
:10F51000064618B1836B002B00F08F80626EA389C2
:10F52000D20702D49D0540F1A18003F48473B3F5A2
:10F53000847F00F09680D4F82880B8F1000F7FD047
:10F54000012F13D0022F00F08780002F00F084805D
:10F55000636E1622D907326002D4A3899A0577D543
:10F560004FF0FF35284617B0BDE8F08F21463046F2
:10F57000FFF7F6FCA38913F4805240F03181E16972
:10F580003B463046C047411C054600F0DC80A3895D
:10F5900022695F0740F1E8806368216BED1A09B1C9
:10F5A000E06B2D1AA9444FF0010A0027002A00F051
:10F5B000E580B4F90C3040F61A019AB20A4208D13B
:10F5C000520566D4944A904500F0FB8043F40063F2
:10F5D000A38121463046FFF7C3FC002840F0BF80DE
:10F5E0003B464A46E1693046C047013000F0B780EB
:10F5F000216B41B104F14003994202D03046F1F74A
:10F60000BFFC00232363A3892269226023F40263E1
:10F610000021A3816160082204F15C0000F0E0FF9A
:10F62000656E15F0010503D1A3899B0540F1938018
:10F630000025284617B0BDE8F08FFFF717FD6DE7EE
:10F64000636E1D22D80732608AD4A3899A0587D4B5
:10F65000A06D00F001FB83E74FF0000A22695546D8
:10F66000A4E721463046FFF77BFC64E7A06D00F07D
:10F67000F1FAA38959E7019AB4F90C3002F4704207
:10F68000B2F5004FA2D143F480634FF48062A381AE
:10F69000E264002F40F08880CB46BAF1000F72D1AF
:10F6A000A389DB047ED452460123E1693046C0477A
:10F6B000451C8ED06368216BC51A1A46002968D094
:10F6C000E06B2D1AA26BD4F810C01D44A2EB0C0203
:10F6D000AD1A0244AB4580F28580E56CE1696D426C
:10F6E00005EA0B052A4600233046C04701303FF4A7
:10F6F00070AF2369216B23600023636041B104F183
:10F700004003994202D03046F1F73AFC00232363CC
:10F71000A389BBEB050B23F02003A38110D0214666
:10F72000304600F0CFFF00287FF453AF63685B459D
:10F73000FFF44FAF2268A3EB0B035A44C4E9002344
:10F740000822002168E7636EDA073FF509AFA38955
:10F750009B053FF505AFA06D00F07EFA02E7636EF2
:10F76000D9077FF5FAAEFBE618077FF51BAF2368D4
:10F77000002B3FF417AF9B1A1D4413E72146304678
:10F7800000F09AFA15E7216B11B16368E06B99E715
:10F7900062682068D4F810C0A0EB0C002D1A024457
:10F7A000002197E7206D85E76A46B4F90E103046D0
:10F7B00000F034F800287FF40CAF049B09EB030B36
:10F7C0006BE7B4F90E100029FFF600AF6A46304629
:10F7D00000F024F800283FF44EAFB4F90C30F5E601
:10F7E000256DD5E6AB185B457FF677AFABEB05052E
:10F7F0000CEB0503521BC4E9003241B104F1400394
:10F80000994202D03046F1F7BBFB00232363A38962
:10F8100023F02003A38193E7590B070838B50B4663
:10F82000074C05461146184600232360F2F7BDFA3F
:10F83000431C00D038BD2368002BFBD02B6038BDA3
:10F84000F01F01249368002B00F0E4802DE9F04FB5
:10F85000B1F90C309BB20C46190783B08246904632
:10F8600035D522699AB313F00202D8F800603DD072
:10F870000027D4F824B0D4F81CC0DFF8C0923D466D
:10F880004D452B463A4628BF4B4661465046D5B1BA
:10F89000D847002840F3C680D8F808301B1A074420
:10F8A0002D1AC8F80830002B00F0B080D4F81CC026
:10F8B000D4F824B04D452B463A4628BF4B46614606
:10F8C0005046002DE4D1D6E900750836D8E7214628
:10F8D000504605F093FA002840F02A81B4F90C3024
:10F8E000D8F800609BB213F00202C1D113F00109F5
:10F8F0005DD1A76820684D46002D54D09A0540F18F
:10F900009B80AF42BB4600F2D88013F4906F2FD09B
:10F91000D4E9041707EB4707A0EB010B07EBD777F8
:10F92000681C7F105844B8423A4684BF07463A469E
:10F930005B0540F1D38011465046F1F7D5FA002817
:10F9400000F0F0805A462169019000F04BFDA28939
:10F95000019B22F4906242F08002A281A7EB0B028D
:10F9600003EB0B00676123612060A2602F46AB466A
:10F970005A46494600F0D0FDA2682368D21B5B447A
:10F980002F46A26023600025D8F80830DB1BB9445D
:10F99000C8F80830002B39D0B4F90C30A7682068BB
:10F9A0009BB2002DAAD1D6E900950836A4E73346CC
:10F9B0009146104617464E469B46002F6BD00028B6
:10F9C00071D0D4E904122068B9454B4628BF3B46A4
:10F9D000884203D9A5681544AB4271DC9A4200F312
:10F9E00093801346656AE16932465046A847051E72
:10F9F00018DDB9EB05090FD00120D8F808305B1BE2
:10FA00002E447F1BC8F80830002BD6D1002003B04D
:10FA1000BDE8F08F0020704721465046FFF7A0FA5E
:10FA20000028EAD0B4F90C3043F040034FF0FF3027
:10FA3000A38103B0BDE8F08F2369834215D36169C8
:10FA4000A94212D83C4B676A9D4294BF2B466FF087
:10FA500000434A4693FBF1F3504601FB03F3E1698F
:10FA6000B847071EDEDDED1B8EE7AF4228BF2F46ED
:10FA70003A46494600F050FDA3682268DB1B3A4431
:10FA8000A3602260002BEED121465046FFF768FAB2
:10FA90000028E8D0C6E70BF1080353E902679B464C
:10FAA0000833002FF9D03A460A21304600F018FCFE
:10FAB00038B30130A0EB060983E72F46AB4657E782
:10FAC00031462A4600F028FD23682B442360214656
:10FAD0005046FFF745FA00288BD0A3E75046F1F7D0
:10FAE0006FF9034600287FF439AF21695046F1F7DA
:10FAF00047FAB4F90C300C2223F08003CAF8002036
:10FB000092E707F101095CE71A463146019300F0DC
:10FB100003FD019BA1682268C91A1A44A1602260F2
:10FB20001D4666E70C23CAF80030B4F90C307BE7B9
:10FB30004FF0FF306BE700BFFEFFFF7F00FCFF7F51
:10FB40002DE9F04110F538771BD088460026D7E91B
:10FB50000154013D0FD4A389012B05F1FF35204647
:10FB600005D9B4F90E30013301D0C04706436B1CF0
:10FB700004F16804EFD13F68002FE8D13046BDE8BA
:10FB8000F0813E463046BDE8F08100BF2DE9F843E4
:10FB900010F538771FD0884606464FF00009D7E9A0
:10FBA0000154013D11D4A389012B05F1FF352146F4
:10FBB000304606D9B4F90E30013302D0C04749EAC5
:10FBC00000096B1C04F16804EDD13F68002FE6D1F9
:10FBD0004846BDE8F883B9464846BDE8F88300BF0B
:10FBE00070B50D4E0D4D761BB61006D000240134B5
:10FBF00055F8043B9847A642F9D1094E094D761BAA
:10FC000006F0D6FCB61006D00024013455F8043BAB
:10FC10009847A642F9D170BD38180024381800243E
:10FC20009418002438180024044B054A1B685B6BA9
:10FC3000002B08BF134693F8280170478C0E002450
:10FC4000B8120024D0F8EC00704700BF704700BF26
:10FC5000704700BF704700BF704700BF70B50C46CB
:10FC6000B1F90E10002996B015461E460FDAA2898A
:10FC7000002312F08000336004D14FF480632B60C6
:10FC800016B070BD402218462A6016B070BD6A4694
:10FC9000FFF7C4FD0028EADB019B03F47043A3F5E2
:10FCA0000053B3FA83F35B094FF480624FF40060B2
:10FCB00033602A6016B070BD8A8992070B4606D55C
:10FCC00001F1430201211A60C3E90421704770B5B4
:10FCD00082B001AB6A460C460546FFF7BFFF0099AC
:10FCE00006462846F1F700F9B4F90C30D8B11649A8
:10FCF000E963019A0099206043F08003A381C4E97D
:10FD000004011AB93343A38102B070BD2846B4F987
:10FD10000E1006F049F8A0B1A38923F0030343F0C5
:10FD200001031BB2EEE79A05EED423F0030304F1BE
:10FD3000430243F002030121A3812260C4E90421AC
:10FD4000E2E7B4F90C30DDE731F00608024B01467A
:10FD50001868F1F7C9B800BF8C0E0024024B0146A9
:10FD60001868F1F70DB900BF8C0E00242DE9F04F93
:10FD700001F10B05162D83B0064623D8102900F299
:10FD8000B980F1F7E2FD102518230220C54F3B444E
:10FD9000A3F108025C68944200F06681636823F076
:10FDA00003032344D4E902515A68E96042F0010296
:10FDB0008D6030465A60F1F7CCFD0834204603B020
:10FDC000BDE8F08F35F0070500F19480A94200F2FC
:10FDD0009180F1F7BAFDB5F5FC7FC0F083816B0A25
:10FDE00000F08F80042B00F24681AB0903F139004B
:10FDF00003F1380CC300AB4F3B44A3F108015C682E
:10FE0000A14206D10CE0002A80F21D81E468A142E3
:10FE100006D0636823F003035A1B0F2AF3DD604604
:10FE20003C69DFF894C2644571D0636823F0030332
:10FE30005A1B0F2A00F34481002AC7E904CC80F240
:10FE40002681B3F5007F80F06981DB08591C7A6850
:10FE500057F83180C4F808804FF0010E9B100EFA5D
:10FE600003F307EBC10E1343AEF10802E2607B60BF
:10FE700047F83140C8F80C408210012494409C425D
:10FE80004BD81C4206D120F0030064001C4200F154
:10FE90000400FAD007EBC009CE468046DEF80C30ED
:10FEA0009E4507D122E1002A80F22981DB689E4528
:10FEB00000F01C81596821F003014A1B0F2AF2DD72
:10FEC000D3E9028E5C1945F001055D6042F0010541
:10FED000C8F80CE03046CEF80880C7E90444C4E90D
:10FEE00002CC65605A500193F1F733FD019B03F199
:10FEF000080463E700240C232046336003B0BDE808
:10FF0000F08F4FF4007340204FF03F0C73E77B6895
:10FF10008210012494409C42B3D9BC68636823F0EA
:10FF20000309A94503D3A9EB05030F2B7BDC5E4B2B
:10FF3000DFF888A11A68DAF80030013305EB02080F
:10FF400000F0488108F5805808F10F0828F47F6810
:10FF500028F00F084146304600F040FCB0F1FF3F6A
:10FF6000834600F0048104EB0900584500F2FD804F
:10FF70004E4A13684344136000F04D81DAF80010D4
:10FF800001311BBFABEB00001B18CAF800B01360B7
:10FF90001BF0070300F03481C3F10801C3F580535F
:10FFA0008B440833D844C8F30B08A3EB0808414638
:10FFB0003046019200F012FC431C019A00F0468189
:10FFC000A0EB0B01414441F001011368C7F808B0F0
:10FFD0004344BC42CBF80410136015D0B9F10F0FA5
:10FFE00040F230816068A9F10C0121F0070100F0B6
:10FFF000010004EB010C08434FF0050E0F2960606F
:020000040807EB
:10000000CCE901EE00F23A81294A2A481168BC681D
:100010008B42016888BF136062688B4222F0030242
:1000200088BF0360A7E0621943F0010345F00105B2
:1000300065603046BA605360F1F78BFC08342046A7
:1000400003B0BDE8F08F2344E1685A68A56842F028
:100050000102E96030468D605A60F1F77AFC08349D
:10006000204603B0BDE8F08FDC68A34208BF023031
:100070003FF4D6AE92E6142B71D9542B00F2AD802A
:100080002B0B03F16F0003F16E0CC300B3E62344A6
:1000900030465A6842F001025A600834F1F759FCC0
:1000A0008CE600BF24140024A47D0024747D002469
:1000B0009C7D0024A07D00242C1400242C180024F6
:1000C000611945F0010E42F00105C4F804E0304624
:1000D000C7E90411C1E902CC4D60E250F1F739FCE7
:1000E00008346BE6E80805F108034FE608F101085B
:1000F00018F0030F0EF1080E7FF4D0AE52E0194451
:100100001C464A68DB6854F8085F42F001024A6006
:100110003046EB609D60F1F71CFC4FE65A0A042A5A
:1001200035D9142A6FD802F15C01C9005B3207EBA4
:10013000010E7958AEF1080E8E4558D04A6822F06B
:1001400003029A4202D989688E45F7D1D1F80CE0B2
:100150007B68C4E9021ECEF80840CC608CE603F14F
:100160005C0003F15B0CC30045E6BC4272D0BC6886
:10017000626822F003029542A2EB050302D80F2B1E
:100180003FF751AF3046F1F7E4FB002416E69A0939
:1001900002F13901C9003832C9E7D9F80090994510
:1001A00040F0838010F0030FA9F1080300F1FF3045
:1001B000F3D17B6823EA04037B6064009C423FF632
:1001C000ACAE1CB9A9E6640008F104081C42FAD0E0
:1001D00040465FE608F11008BCE6B3F5AA7F26D8D2
:1001E000EB0B03F1780003F1770CC30003E67B68A7
:1001F00092104FF0010808FA02F213437B60A8E75F
:100200004FF48053CEE6542A29D81A0B02F16F011D
:10021000C9006E328BE7C0F30B0100297FF4AEAE4C
:1002200009EB0802B96842F001024A60ECE640F2CC
:10023000545293421CD8AB0C03F17D0003F17C0CAB
:10024000C300D8E50123CBF804309BE701214FF030
:100250000008BAE6164A1368434413608EE6B2F506
:10026000AA7F14D8DA0B02F17801C90077325EE771
:100270004FF47E737F204FF07E0CBCE504F1080143
:1002800030460192F0F77CFE019A1368BCE640F21A
:1002900054518A4205D89A0C02F17D01C9007C3282
:1002A00045E74FF47E717E2241E77B6885E700BF1A
:1002B000747D002482B049B15AB16BB113780B60E0
:1002C0001278101C18BF012002B0704701A9002A43
:1002D000F3D1104602B070476FF00100F4E700BFA1
:1002E00001F0FF01102A2BDB10F0070F08D010F8E7
:1002F000013B013A8B422DD010F0070F42B3F6D1EB
:10030000F0B441EA012141EA014122F007047FF003
:1003100000070023F0E80256083C85EA010586EA5A
:10032000010685FA47F5A3FA87F586FA47F6A5FA96
:1003300087F68EB9EED1F0BC01F0FF0102F00702A2
:1003400032B110F8013B013A83EA010313B1F8D14D
:100350000020704701387047002D06BF354603382E
:10036000073815F0010F07D1013015F4807F02BF67
:10037000013015F4C03F0130F0BC0138704700BFB8
:10038000032A70B414D940EA0105AD0704460B46B0
:1003900022D11D682668AE421946204603F10403A7
:1003A00004F1040418D1043A032A20461946F0D86F
:1003B000541E72B102780B789A4208BF641806D0B6
:1003C0000CE010F8012F11F8013F9A4206D1A1422A
:1003D000F7D1002070BC7047541EEBE7D01A70BCF8
:1003E000704700BF844641EA000313F003036DD158
:1003F000403A41D351F8043B40F8043B51F8043BE8
:1004000040F8043B51F8043B40F8043B51F8043BEE
:1004100040F8043B51F8043B40F8043B51F8043BDE
:1004200040F8043B51F8043B40F8043B51F8043BCE
:1004300040F8043B51F8043B40F8043B51F8043BBE
:1004400040F8043B51F8043B40F8043B51F8043BAE
:1004500040F8043B51F8043B40F8043B51F8043B9E
:1004600040F8043B51F8043B40F8043B51F8043B8E
:1004700040F8043B403ABDD2303211D351F8043B2E
:1004800040F8043B51F8043B40F8043B51F8043B6E
:1004900040F8043B51F8043B40F8043B103AEDD2DD
:1004A0000C3205D351F8043B40F8043B043AF9D22E
:1004B000043208D0D2071CBF11F8013B00F8013B01
:1004C00001D30B8803806046704700BF082A13D30E
:1004D0008B078DD010F003038AD0C3F10403D21A26
:1004E000DB071CBF11F8013B00F8013B80D331F85A
:1004F000023B20F8023B7BE7043AD9D3013A11F8DA
:10050000013B00F8013BF9D20B7803704B78437044
:100510008B788370604670478842F0B40DD98B1891
:1005200083420AD9841832B1224613F8014D02F8E9
:10053000014D9942F9D1F0BC70470F2A49D940EAE0
:1005400001039B0747D1A2F110031B0901F120070A
:1005500007EB031701F1100400F1100554F8106CBB
:1005600045F8106C54F80C6C45F80C6C54F8086C99
:1005700045F8086C54F8046C45F8046C1034BC421F
:1005800005F11005EAD1013302F00F051B01032D1F
:100590001944034421D91F1F0E462C46043C56F82B
:1005A00004CB47F804CF032CF8D82C1F24F0030405
:1005B00004342344214402F00302002ABBD0013B4F
:1005C0000A4411F8014B03F8014F9142F9D1F0BCF4
:1005D00070470346F1E70346F1E72A46EDE700BF1F
:1005E000F0B4860743D0541E002A3ED0CAB2034658
:1005F00002E014F1FF3438D303F8012B9D07F8D142
:10060000032C2BD9CDB245EA05250F2C45EA05452B
:1006100016D9A4F110073F0903F1200606EB0716CF
:1006200003F1100242E9045542E902551032B24288
:10063000F8D104F00F040137032C03EB07130DD995
:100640001E462246043A032A46F8045BFAD8221FC3
:1006500022F003020432134404F003042CB1C9B2A3
:100660001C4403F8011B9C42FBD1F0BC70471446AC
:100670000346C5E770B50D46084C114606461A46B6
:10068000284600232360F1F7CBFC431C00D070BD4B
:100690002368002BFBD0336070BD00BFF01F012426
:1006A000024B0A4601461868F0F78ABB8C0E0024FC
:1006B000838903F00903092B01D000207047FEF75E
:1006C0007DBC00BFF8B50C46054610B1836B002B0E
:1006D00040D0B4F90C309AB2970407D4626E43F458
:1006E000005322F400526266A3819AB2002196065A
:1006F000616038D450071AD4D10662D512074ED49F
:1007000043F00403A3812369002B55D0B4F90C7086
:10071000BEB2B3072AD12269226028466369256ADE
:10072000E169A8470028606017DD0020F8BD216B53
:100730000029E8D004F14003994202D02846F0F79E
:100740001FFCE36B636000202063002BDBD0A36BF6
:100750002360F8BDFEF78AFCBBE7B4F90C3016D174
:1007600043F02003A3814FF0FF30F8BD194B1A4925
:1007700018680123A38106F00906FFF7E1F9092EA5
:10078000A781C8D121462846FEF740FBC3E743F0C6
:1007900040030022A38162604FF0FF30F8BD214684
:1007A0002846FEF7DDFB0028DDD1B4F90C30A0604F
:1007B000A06123F00803A3E721462846FFF77CFA4F
:1007C000A4E743F0400309222A604FF0FF30A381E1
:1007D000F8BD00BFE8B10708B106070838B5074CF7
:1007E0000023054608462360F1F792F8431C00D029
:1007F00038BD2368002BFBD02B6038BDF01F0124CF
:1008000000290CBF022200224FF4806300F000B8E0
:100810002DE9F0435D4C256883B0044688461646B2
:100820001F4615B1AB6B002B7ED0022E05D0012EDA
:1008300000F2A980002FC0F2A680636EDA0735D5DA
:1008400021462846FEF78CFB216B41B104F14003A1
:10085000994202D02846F0F793FB00232363B4F9B2
:100860000C3000221806A261626061D423F44A634E
:1008700023F00303022EA3811FD10025616E002007
:1008800004F1430243F00203A060C9074FF00100E6
:10089000A3812260C4E9042004D49B0502D4A06D86
:1008A000FFF7DAF9284603B0BDE8F083A3899B057A
:1008B000C6D4A06DFFF7CEF9C2E701AB6A46214668
:1008C0002846FFF7CBF9A3891843A081002F36D122
:1008D000009F3846FFF73AFA8046002842D0A389A5
:1008E00043F08003A381AB6B7BB3009AB4F90C3067
:1008F000C4F80080BA421CBF43F40063A381012EF8
:1009000004BF43F00103A3819BB213F00802C4E9C2
:1009100004871ED1A260656E15F00105BDD00025CB
:10092000284603B0BDE8F0832846FEF79FFB7CE72E
:1009300021692846F0F724FBB4F90C3096E7B8F1AA
:10094000000FC6D0AB6B002BCFD12846FEF78EFB35
:10095000CBE7DA0704D57F420022A761A260DAE77D
:10096000A760D8E7DDF80090B94504D1B4F90C30A0
:100970004FF0FF3582E74846FFF7E8F98046002848
:10098000F4D04F46ABE74FF0FF358BE78C0E0024D9
:100990001F2938B522D8D0F8DC3205460C466BB199
:1009A00053F8212052B1012A12D0511C12D0002537
:1009B000204643F824509047284638BD284600F08A
:1009C0002FF8224601462846BDE8384000F014B80A
:1009D000002038BD16230360012038BD16230360B4
:1009E0004FF0FF3038BD00BF024B01461868FFF7DB
:1009F000CFBF00BF8C0E002438B50B46074C054610
:100A0000114618460023236005F0CAFD431C00D0A0
:100A100038BD2368002BFBD02B6038BDF01F0124AC
:100A200005F0B6BD0CB430B5214B00299DB01C6853
:100A300038DB4FF4027302900690ADF8143021A811
:100A400019D001390346209A0491079101904FF67D
:100A5000FF7502A92046ADF8165000F0F5FD421CC6
:100A600001DA8B232360029B00221A701DB0BDE8BF
:100A7000304002B0704703460491079101904FF651
:100A8000FF75209AADF8165002A9204600F0DCFD53
:100A9000431C04DB1DB0BDE8304002B070478B231F
:100AA0002360F7E78B2323604FF0FF30F2E700BFAE
:100AB0008C0E00240EB430B59CB01FAB0C4C0D4D09
:100AC00053F8042B0193014602910691206802A974
:100AD0006FF000440794CDE9044500F0B5FD029B9A
:100AE00000221A701CB0BDE8304003B0704700BF50
:100AF0008C0E00240802FFFF10B50C46B1F90E1051
:100B000005F08EFC002803DB236D0344236510BD34
:100B1000A38923F48053A38110BD00BF2DE9F041C8
:100B20001646B1F90C201F46D3050C460546B1F90F
:100B30000E1007D50022022305F056F9B4F90C2057
:100B4000B4F90E1022F48052A2813B463246284668
:100B5000BDE8F04104F03CB910B50C46B1F90E10F7
:100B600005F042F9A389421C0EBF23F4805343F4DD
:100B700080532065A38110BDB1F90E1004F0A4B913
:100B8000A2EB0300704700BF02780B78012A28BF50
:100B90009A42F5D16DE9044540EA0104CDE90267C6
:100BA0006FF0000C4FEA447212B380EA010414F0B3
:100BB000070F6AD100F0070420F0070004F00305D6
:100BC00021F007014FEAC505F0E8042314F0040FF3
:100BD000F1E804670CFA05F462EA040266EA040626
:100BE0000AD063EA0403624667EA0407664603E044
:100BF000F0E80423F1E8046782FA4CF582EA06047F
:100C0000A4FA8CF46CBB83FA4CF583EA0705A5FAC9
:100C10008CF595B950E9022351E9026782FA4CF547
:100C200082EA0604A4FA8CF483FA4CF583EA0705F9
:100C3000A5FA8CF52543DBD09CB92DBAB5FA85F41D
:100C400024F0070427FA04F1DDE9026723FA04F32C
:100C500003F0FF0001F0FF01FDE80445A0EB0100F7
:100C6000704724BAB4FA84F424F0070426FA04F195
:100C7000DDE9026722FA04F202F0FF0001F0FF0151
:100C8000FDE80445A0EB0100704714F0030F3CD1D0
:100C900010F0030428D150F8082B51F8083B82FAD1
:100CA0004CF582EA0305A5FA8CF55DB950F8042CE1
:100CB00051F8043C82FA4CF582EA0305A5FA8CF55A
:100CC000002DE8D02DBAB5FA85F424F0070423FAF4
:100CD00004F122FA04F202F0FF0001F0FF01FDE846
:100CE0000445A0EB010070474FEAC40420F0030064
:100CF00050F8082B21F0030151F8083B0CFA04F4DA
:100D000062EA040263EA0403C9E710F003041AD09C
:100D1000A1EB040120F00300E40750F8042B06D0F7
:100D20000FD28B785FFAA2F4E41A06D12BB1CB78FC
:100D30005FFAB2F4E41A00D11BB920465DF8104BFB
:100D4000704701F1040150F8042BCC0721F0030196
:100D500051F8043B48D824D222F07F4482FA4CF563
:100D600094EA1325A5FA8CF50AD165B951F8043B2C
:100D700084EA0204B4EB036F0ED150F8042BEBE7C6
:100D80004FEA132355E035F07F454DD10878FDE853
:100D90000445C0F1000070474FEA126203F0FF0300
:100DA00047E002EA1C4482FA4CF594EA1345A5FA9E
:100DB0008CF50AD165B951F8043B84EA0204B4EB1E
:100DC000034F0CD150F8042BEBE74FEA134330E00C
:100DD00015EA1C4528D10B884FEA124229E04FEA58
:100DE000124203EA1C4324E002F0FF0482FA4CF5AD
:100DF00094EA1365A5FA8CF50AD165B951F8043B5C
:100E000084EA0204B4EB032F09D150F8042BEBE77A
:100E10004FEA13630DE015F0FF0F05D10B684FEAA1
:100E2000122223F07F4304E04FF00000FDE8044568
:100E3000704712BA1BBA82FA4CF482EA0304A4FA8D
:100E40008CF5B5FA85F402FA04F203FA04F34FEADA
:100E50001260FDE80445A0EB1360704780EA0102D0
:100E6000844612F0030F4FD111F0030F32D14DF829
:100E7000044D11F0040F51F8043B0BD0A3F10132E3
:100E80009A4312F0803F04BF4CF8043B51F8043BF6
:100E900016D100BF51F8044BA3F101329A4312F06E
:100EA000803FA4F101320BD14CF8043BA24312F075
:100EB000803F04BF51F8043B4CF8044BEAD0234672
:100EC0000CF8013B13F0FF0F4FEA3323F8D15DF824
:100ED000044B704711F0010F06D011F8012B0CF8EC
:100EE000012B002A08BF704711F0020FBFD031F864
:100EF000022B12F0FF0F16BF2CF8022B8CF80020EB
:100F000012F47F4FB3D1704711F8012B0CF8012B6D
:100F1000002AF9D1704700BF70B404789CB10D78F5
:100F200006464DB1A5420BD00A4601E0A34207D0C8
:100F300012F8013F002BF9D110F8014F002CF0D12D
:100F4000801B70BC70472046FBE700BF10B58E29A0
:100F500000F23181DFE811F08F002D012B01290112
:100F600027012501230121011F011D011B01190179
:100F70001701150113012F0111010F010D010B01C3
:100F800009010701050103010101FF00FD00FB004C
:100F9000F900F700F500F300F100EF00ED00EB00C1
:100FA000E9002F012F012F012F012F012F012F0108
:100FB0002F01E700E5002F012F012F012F012F0145
:100FC0002F012F012F012F012F012F012F012F01A1
:100FD000E300E100DF00DD002F012F012F01DB0026
:100FE0002F012F012F01D9002F012F01D7002F0131
:100FF0002F01D5002F012F012F012F012F012F01CC
:101000002F012F012F012F01D3002F01D100CF007D
:10101000CD002F012F01CB002F012F012F012F0118
:101020002F012F012F012F01C900C700C500C300E8
:10103000C100BF002F01BD00BB00B900B700B50063
:10104000B300B100AF00AD00AB00A900A700A50040
:101050002F01A300A1009F009D002F012F012F0150
:101060002F012F019B002F012F012F0199009700C5
:10107000950093009100574810BD574810BD574840
:1010800010BD574810BD574810BD574810BD5748B0
:1010900010BD574810BD574810BD574810BD5748A0
:1010A00010BD574810BD574810BD574810BD574890
:1010B00010BD574810BD574810BD574810BD574880
:1010C00010BD574810BD574810BD574810BD574870
:1010D00010BD574810BD574810BD574810BD574860
:1010E00010BD574810BD574810BD574810BD574850
:1010F00010BD574810BD574810BD574810BD574840
:1011000010BD574810BD574810BD574810BD57482F
:1011100010BD574810BD574810BD574810BD57481F
:1011200010BD574810BD574810BD574810BD57480F
:1011300010BD574810BD574810BD574810BD5748FF
:1011400010BD574810BD574810BD574810BD5748EF
:1011500010BD574810BD574810BD574810BD5748DF
:1011600010BD574810BD574810BD574810BD5748CF
:1011700010BD574810BD574810BD574810BD5748BF
:1011800010BD574810BD574810BD574810BD5748AF
:1011900010BD574810BD574810BD574810BD57489F
:1011A00010BD574810BD574810BD574810BD57488F
:1011B00010BD574810BD14460246002B18BF1A46F2
:1011C0000846214601F030FC524B002808BF184663
:1011D00010BD00BFFCB1070870B8070858B8070871
:1011E00044B80708A8B80708A0B50708D8B4070886
:1011F00010B8070828B8070814B40708D4B70708B8
:1012000048B60708D0B80708DCB20708A4B2070838
:10121000ACB30708ACB407089CB30708E4B80708E8
:10122000F0B30708C4B50708ECB70708BCB7070850
:101230008CB7070874B7070854B7070834B707080E
:1012400004B70708E0B60708A0B7070884B807087E
:10125000C8B60708ACB6070898B607087CB60708F2
:1012600070B607085CB6070838B6070820B6070846
:101270000CB60708F4B50708FCB60708E4B507087C
:10128000DCB50708B8B507088CB5070870B50708BE
:101290005CB507082CB5070820B5070810B5070886
:1012A000F8B40708E8B40708C0B407089CB40708F6
:1012B0008CB4070874B4070854B4070834B407089A
:1012C000DCB30708CCB307088CB307087CB3070866
:1012D00068B307085CB3070844B3070838B30708C6
:1012E00024B3070810B30708FCB20708D0B20708F8
:1012F000C0B2070890B207087CB2070860B20708BE
:1013000054B207083CB207082CB2070810B207080D
:1013100004B20708B0B0070810B4044C002301461B
:101320001A4620685DF8044BFFF710BE8C0E0024AF
:1013300000000000000000000000000000000000AD
:1013400090F800F06DE9024520F007016FF0000C05
:1013500010F0070491F820F040F049804FF00004AD
:101360006FF00700D1E9002391F840F000F1080088
:1013700082FA4CF2A4FA8CF283FA4CF3A2FA8CF3C0
:101380004BBBD1E9022382FA4CF200F10800A4FA27
:101390008CF283FA4CF3A2FA8CF3E3B9D1E904237B
:1013A00082FA4CF200F10800A4FA8CF283FA4CF3B2
:1013B000A2FA8CF37BB9D1E9062301F1200182FA6C
:1013C0004CF200F10800A4FA8CF283FA4CF3A2FA72
:1013D0008CF3002BC6D0002A04BF04301A4612BA80
:1013E000B2FA82F2FDE8024500EBD2007047D1E983
:1013F000002304F00305C4F100004FEAC50514F012
:10140000040F91F840F00CFA05F562EA05021CBFE2
:1014100063EA050362464FF00004A9E740EA0103CE
:101420009B0770B42AD1032A28D90C4603462146CB
:1014300054F8046BA6F1013525EA060515F0803F46
:1014400006D1043A032A43F8046B2146EFD89AB137
:101450000C781C70013A01333CB16AB111F8014FAC
:1014600003F8014B013A002CF7D12AB11A440021AC
:1014700003F8011B9342FBD170BC70470346E6E7BB
:10148000C1B10378C3B10144431C994216D010B4D2
:101490001A785C1C32B1A142234607D01A785C1C32
:1014A000002AF8D1181A5DF8044B7047081A5DF845
:1014B000044B70470846704718467047081A704733
:1014C00070B40478A4B10D7806464DB1A5420AD097
:1014D0000A4601E0A34206D012F8013F002BF9D1E1
:1014E000801B70BC704710F8014F002CEDD1F7E75E
:1014F0002046F6E72DE9F84F0E46804617469946F6
:101500000D4600E025462C460A9814F801BBFEF76C
:1015100099FB5844417811F00801F3D1BBF12D0F2C
:1015200057D0BBF12B0F04BF95F801B0AC1CB9F13B
:10153000000F04D0B9F1100F50D0CC4605E0BBF13C
:10154000300F55D04FF00A09CC4600290CBF6FF080
:10155000004E4FF0004E0025BEFBFCF328460CFB6E
:1015600013EA05E029D00CFB0020012514F801BB8B
:10157000ABF13002092A05D9ABF14102192A0BD887
:10158000ABF1370291450FDDB5F1FF3FEED083425D
:10159000E8D24FF0FF35E9E7ABF16102192A03D831
:1015A000ABF157029145EFDC6B1C0BD001B140420F
:1015B0000FB14DBB3E60BDE8F88F9245D3DA4FF0D6
:1015C000FF35D3E72223C8F80030FFB1661E70460E
:1015D000F0E7AC1C95F801B00121A8E7BBF1300F92
:1015E000ABD1237803F0DF03582B06D0CC46ACE711
:1015F000237803F0DF03582B0AD14FF0100C94F836
:1016000001B0E1460234A0E78646DFE77046D2E744
:101610004FF00809CC4698E730B5084C084B2568D0
:101620006C6B83B0002C08BF1C46009413460A461E
:1016300001462846FFF75EFF03B030BD8C0E002444
:10164000B8120024000000002DE9F04F2DED068BAC
:10165000BFB00C460B9190460F930C9004F0B6FB74
:10166000036815931846FFF76BFEA38914901D06B7
:1016700003D52369002B00F0E28600239FED968BB3
:101680009FED979BCDE922330DF1B8091293139387
:1016900016930A93CDF88490CA4698F80030002B30
:1016A00000F09A80252B444602D11CE0252B03D064
:1016B00014F8013F002BF9D1A4EB080585B1DDE951
:1016C000223201332A44072BCAF80080CAF804509A
:1016D000CDE9223278DC0AF1080A0A9B2B440A93EE
:1016E0002378002B78D04FF0000300228DF867306C
:1016F0004FF0FF3063780D921146164604F1010851
:10170000099008F101089B46ABF12003582B00F229
:101710005E83DFE813F0C6025C035C03C1025C0376
:101720005C035C035C035C035C03B502B0025C0316
:10173000500335035C035503BB00BB00BB00BB007B
:10174000BB00BB00BB00BB00BB005C035C035C03D5
:101750005C035C035C035C035C035C035C031303DA
:10176000E7025C03E7025C035C035C035C03E202E8
:101770005C035C03AA005C035C035C035C035C0326
:1017800077005C035C0390025C035C035C035C0316
:101790005C035C035C035C035C035C0388013B014A
:1017A000E702E702E70236013B015C035C03290123
:1017B0005C031501AC00CF00CA005C03EB005C03C6
:1017C00079005C035C03CE0221AADDE90B1004F072
:1017D0003DFE40B9CA4680E7239B23B10C980B9984
:1017E00021AA04F033FE0B9B9B8913F0400F0A9B48
:1017F00018BF4FF0FF330A930A983FB0BDEC068B39
:10180000BDE8F08F46F01006B7060F9B40F1FA8452
:10181000073323F0070303F10802D3E900450F92D1
:1018200001234FF000028DF86720099A013200F081
:10183000FF8326F08002079254EA05024FF000076A
:1018400040F0C780099A002A40F07B86002B40F0C8
:10185000AE8416F001030E9300F018853EAB1A46D5
:10186000302302F8413D1092D4E046F0100616F005
:10187000200300F0D0840F9B073323F0070303F10C
:101880000802D3E900450F920023CAE7ABF1300309
:10189000002018F801BB00EB800003EB4000ABF127
:1018A0003003092BF5D90D902EE746F0200698F865
:1018B000003026E70F9A0C4B14681393043247F656
:1018C0003003ADF8683046F002060F92002502237F
:1018D0004FF0780BA5E700BF0000000000000000FB
:1018E000FFFFFFFFFFFFEF7F20B907080F9A136884
:1018F00010934FF000018DF86710141D002B00F0BD
:10190000CE85099A531C00F06D8600211098FEF7D1
:10191000E7FC002800F05387109B9DF867700F9438
:10192000C31A00220E9323EAE373099207960893E1
:101930001192002F00F08A80089B0133089385E004
:10194000002A41F04D800F9AB00652F8043B0F92E6
:1019500000F1D484F10600F1C885720640F1C58516
:10196000BDF828201A8098E698F800306C2B03BF49
:1019700098F8013046F0200608F1010846F01006FC
:10198000BFE646F0400698F80030BAE6002A41F07B
:101990003B80B4060F9B40F1DA81073323F0070345
:1019A000D3E9004503F108020F92002C75F1000302
:1019B000C0F27884099B9DF86770013300F07D8444
:1019C00026F08002079254EA05024FF001033FF42B
:1019D00039AF012B00F03283022B00F054834946CB
:1019E00000E01146E20842EA4572E80804F0070305
:1019F00005461446303354EA050001F8013C01F174
:101A0000FF32EED107981092C00700F12284A9EBB3
:101A100002030E93099B0E9A9342B8BF1346089394
:101A20000023119385E70F9A079613688DF890307D
:101A30004FF00001131D8DF8671001210027CDE93B
:101A40000E1324AB0891099711971093079B13F07D
:101A5000020302D0089A023208920799239A11F0E1
:101A600084063AD10D9908980C1A002C35DD102CFB
:101A70002299BD4D24DD50461027C246B0461E4671
:101A800004E0103C102C00F1080015DD013110328B
:101A90000729CDE92212C0E90057F2DD21AADDE9CC
:101AA0000B1004F0D3FC00287FF49DAE103C102CEA
:101AB000DDE922124846E9DC33464646D0468246F6
:101AC000013122440729CDE92212CAE9005400F36A
:101AD00010859DF867700AF1080A77B122990131E3
:101AE00001320DF1670401200729CDE92212CAE96C
:101AF000004000F3B0820AF1080A6BB1229B013367
:101B000002321AA80221072BCDE92232CAE90001CC
:101B100000F3AE820AF1080A802E00F0C781099B0B
:101B20000E995D1A002D2FDD102D229B8F4C20DD8C
:101B300051461026DDE90BA704E0103D102D01F100
:101B4000080115DD01331032072BCDE92232C1E93E
:101B50000046F2DD21AA5146384604F077FC002801
:101B60007FF441AE103D102DDDE922324946E9DC1B
:101B70008A4601332A44072BCDE92232CAE90045BF
:101B800000F396820AF1080A079BDB0500F1368113
:101B9000229B1099CAF800100E99CAF8041001335C
:101BA0000A44072B2392229300F3EE810AF1080ADC
:101BB000079B590730D50D9B08995C1A002C2BDD2B
:101BC000102C229B684D1EDD1026DDE90BB704E0CA
:101BD000103C102C0AF1080A15DD01331032072BD6
:101BE000CDE92232CAE90056F2DD21AA594638462B
:101BF00004F02CFC00287FF4F6AD103C102CDDE93D
:101C00002232CA46E9DC01332244072BCDE92232D5
:101C1000CAE9005400F330830A9B0D990898814269
:101C2000ACBF5B181B180A93002A40F07681002392
:101C30002293CA4631E5002A40F0DA864C4B1393D2
:101C4000B1060F9B3DD5073323F00703D3E90045C9
:101C500003F108020F92F70740F1B78054EA050339
:101C600000F0B38030238DF868308DF869B046F00D
:101C700002060223D5E598F8003001222B2140E529
:101C80000F9898F8003004680D94002C00F10400BF
:101C9000C0F2E4830F9034E546F0010698F8003076
:101CA0002FE598F8003000297FF42BAD0122202188
:101CB00027E5002A40F0A0862E4B1393B1060F9B18
:101CC000C1D453F8044B0F93F20600F1E38273067C
:101CD00040F1E082A4B20025BDE746F0080698F87E
:101CE00000300EE5002A40F07F860F9B073323F07B
:101CF000070393ED008B0833B0EEC87BB4EE497B4D
:101D0000F1EE10FA0F9340F30783B5EEC08BF1EEBE
:101D100010FA00F113859DF86770174A174B0321DD
:101D2000002026F08004BBF1470FD8BF1A46CDE94A
:101D30000810079410920E911190FAE5002A40F0D5
:101D40005F8646F01006B4060F9B3FF526AE53F8AB
:101D5000044B0F93F00600F19F82710640F19C82C4
:101D600024B2E51721E600BF40B9070850B90708BB
:101D70000CB9070820B9070800B90708FCB807081C
:101D800098F800B0BBF12A0F08F1010000F00F86AF
:101D9000ABF13003092B804600F2E584002018F8EF
:101DA00001BB00EB800003EB4000ABF13003092BDB
:101DB000F5D90990A8E498F8003046F00406A0E4AC
:101DC00046F0800698F800309BE4022329E5002ABB
:101DD00040F01E86BBF1000F3FF4FEAC012300274C
:101DE00008934FF000020E9324AB8DF890B08DF85D
:101DF0006720079609971197109327E6BBF1650FA7
:101E000040F3CD80B5EE408BF1EE10FA40F06081EA
:101E1000229BAD49CAF80010013301320121072B82
:101E2000CDE92232CAF8041000F3B6830AF1080A99
:101E3000129A1B9B9342239A80F21982229B159936
:101E4000CAF800101499CAF8041001330A44072B89
:101E5000CDE9223200F318830AF1080A129B5D1EB5
:101E6000002D7FF7A5AE102D229B984C40F36D837B
:101E70001026DDE90BB705E00AF1080A103D102D28
:101E800040F3638301331032072BCDE92232CAE9D4
:101E90000046F1DD21AA5946384604F0D7FA002859
:101EA0007FF4A1ACDDE92232CA46E7E70D9B089931
:101EB0005D1A002D7FF733AE102D229B834C20DD61
:101EC00051461026DDE90BA704E0103D102D01F16D
:101ED000080115DD01331032072BCDE92232C1E9AB
:101EE0000046F2DD21AA5146384604F0AFFA002838
:101EF0007FF479AC103D102DDDE922324946E9DC52
:101F00008A4601332A44072BCDE92232CAE900452B
:101F100000F325830AF1080A01E621AADDE90B1086
:101F200004F094FA00283FF482AE5CE421AADDE9D3
:101F30000B1004F08BFA00287FF455AC1B99239A00
:101F4000CA4619B9129B002B00F05C83229B15989E
:101F5000CAF800001498CAF8040001330244072BA1
:101F60002392229300F336840AF1080A0029C0F272
:101F70006F841299109801330A44072BCDE922325D
:101F8000CAE900017FF712AE21AADDE90B1004F0C7
:101F90005DFA00287FF427AC239ACA4608E6129C13
:101FA0002298012C02F1010200F101030AF108015B
:101FB00040F33C810120109CCAF80040072BCDE97A
:101FC0002232CAF8040000F3A4821498159C01334D
:101FD0000244072BCDE92232C1E9004000F3A5827B
:101FE0000831129CB5EE408B581CF1EE10FA0746F2
:101FF00004F1FF3501F1080A00F0DE80109C4D600D
:1020000001342A4407280C602392229000F32A828C
:1020100001F11004981C5146A246169C4C602244C3
:102020001DAB0728239222900B607FF7C1ADABE771
:10203000012B07964FF000077FF4CEAC002D08BFB0
:102040000A2C80F040813EAB303403F8414D1093B0
:1020500001230E93DEE421AADDE90B10179304F0AF
:10206000F5F900287FF4BFAB239A179BCA4644E5D5
:1020700021AADDE90B1004F0E9F900287FF4B3ABE5
:10208000239ACA4648E5139E4A46230904F00F00E6
:1020900043EA057329091C460D46335C02F8013DED
:1020A00054EA0503F1D1A9EB020310920E93B1E4B7
:1020B00021AADDE90B1004F0C9F900287FF493ABE5
:1020C000239ACA4660E500BF3CB9070850B9070823
:1020D0001B99002940F34F82DDE911318B42A8BFE3
:1020E0000B46002B1D460EDD229B1099CAF80010EE
:1020F00001332A44072B2392CAF80450229300F399
:1021000012830AF1080A119B002DA8BF5B1B002B4C
:102110001D4600F371811B9B12998B42C0F2D48142
:102120000799CD0700F1D0811299119CCB1A0D1B94
:102130009D42A8BF1D46002D0FDD22991098CAF8B8
:102140000450013120442A440729CAF80000CDE98F
:10215000221200F326830AF1080A002DACBF5D1B92
:102160001D46002D7FF724AD102D229BC54C40F35A
:10217000EC811026DDE90BB705E00AF1080A103DF5
:10218000102D40F3E28101331032072BCDE92232CA
:10219000CAE90046F1DD21AA5946384604F056F94D
:1021A00000287FF420ABDDE92232CA46E7E7099B2D
:1021B0000E93CDF840902DE4002D7FF72EAF102D1B
:1021C000B04C40F3D8831026DDF82CA00C9F0346BA
:1021D00005E00831103D102D40F3E8810133103245
:1021E000072BCDE92232C1E90046F2DD21AA514692
:1021F000384604F02BF900287FF4F5AADDE92232F5
:102200004946E7E753F8044B0F93F5067DD50025C3
:102210000123FFF706BB0F9A52F8044B0F9216F0FA
:10222000100200F0E1800025FFF7FBBA079CE407ED
:102230003FF5C0AE0124109DCAF80050072BCDE930
:102240002232CAF8044000F30D8102300AF1100A6C
:10225000E3E6302B00F03281109A0239302302F885
:10226000013CA9EB01030E931091FFF7D3BB079B31
:10227000DF073FF5E3AD9BE421AADDE90B1004F095
:10228000E5F800287FF4AFAA239AC5E4CDF8409082
:10229000FFF7C0BB0025DEE4E517002C75F1000355
:1022A000BFF688AB099B64424FF02D0765EB4505EF
:1022B00001338DF867707FF483AB002D08BF0A2CC3
:1022C0000796FFF4C0AE4E46204629460A22002358
:1022D000FBF7F6FB303206F8012D20462946002395
:1022E0000A22FBF7EDFB04460D4654EA0503EBD149
:1022F000A9EB060310960E93FFF78CBB0A9A1046C3
:10230000D117C3E90001FFF7C8B9700648BFA4B2EE
:1023100000250123FFF785BAB4EE488BF1EE10FAE1
:1023200080F10183099B5A1C2BF0200500F03682B6
:10233000472D00F06C8146F48073079318EE903AB5
:10234000002BC0F20C82B0EE48AB0027BBF1660F49
:1023500000F00D82BBF1460F00F05E82452D00F0CB
:102360005B811FA81CA91BAA0223099C0292CDE92C
:1023700003100093019453EC1A2B0C9802F048FEC2
:10238000BBF1670F109040F02183F30740F16B81A0
:10239000109B099A9918B5EE40ABF1EE10FA40F097
:1023A000D2810B46109A9B1A1293472D1B9B1193B7
:1023B00000F06281BBF1660F40F06681119B002B3B
:1023C000099B40F3D182002B40F0C482F60700F154
:1023D000C182119B08930E93002F40F080810997D2
:1023E0009DF86770FFF7A5BA16F040031CBF1346AF
:1023F000A4B20025FFF715BA102D229B214C40F303
:10240000E5801026DDE90BB705E00AF1080A103D6A
:10241000102D40F3DB8001331032072BCDE922323F
:10242000CAE90046F1DD21AA5946384604F00EF803
:1024300000287FF4D8A9DDE92232CA46E7E7402127
:102440000C98EEF751FD0B9B18601861002800F006
:10245000BF820B9A40235361FFF70FB964420D947A
:102460000F90AAE421AADDE90B1003F0EFFF00288A
:102470007FF4B9A9DDE922020DF1C00A0130494615
:10248000CBE500BF50B9070821AADDE90B1003F026
:10249000DDFF00287FF4A7A9239ACA46DEE4099B42
:1024A000109F0997062B28BF062308930E93B94B5C
:1024B0000F94079611971093FFF73BBA109BA9EB67
:1024C00003030E93FFF7A6BA22991598CAF80000E5
:1024D0001498CAF80400013102440729239222917A
:1024E00000F315810AF1080A1EE60A9A1A60FFF73E
:1024F000D4B821AADDE90B10179303F0A7FF002839
:102500007FF471A99DF86770239A179BCA46FFF75D
:10251000E4BA21AADDE90B1003F098FF00287FF44C
:1025200062A9DDE9223249464FE521AADDE90B1017
:1025300003F08CFF00287FF456A9DDE922324946DA
:102540004FE5012B7FF448AA7DE501332A44072B90
:10255000CDE92232CAE900457FF728AB14E521AA6C
:10256000DDE90B1003F072FF00287FF43CA9239AE9
:10257000CA46FFF7D4BA229B8748CAF80000013345
:1025800001320120072BCDE92232CAF804003FF7BF
:10259000CDAC0AF1080AD4E421AADDE90B1003F05E
:1025A00055FF00287FF41FA9CA4641E4581C01F1D9
:1025B00008032A4407282392C1E9004522903FF7E7
:1025C00051AF013003F1080A194626E501332A44C8
:1025D000072BCDE92232CAE9004500F32E810AF12A
:1025E000080A98E51098FEF7ABFE002320EAE07297
:1025F0000E9009930F940796089211939DF86770B7
:10260000FFF797B9079BDE077FF5D2AA9EE4002B60
:1026100008BF012309938EE6099B1FA85C1C1CA917
:102620001BAA0223CDE9031002920093019453ECFC
:102630001A2B0C9802F0ECFC1090BBF1470F40F005
:10264000AC81F30740F1AC81109BBBF1460F03EB6B
:1026500004017FF4A0AE109B1B78302B00F0588152
:102660001B9C214497E61B9A1F9B1192109A472DA1
:10267000A3EB0203129307D1119BDA1C02DB099A28
:102680009A4233DAABF1020B119B8DF874B0013B27
:10269000002B1B93BDBF119BC3F101032D222B22E5
:1026A000092B8DF8752000F30081303330228DF82E
:1026B00077308DF876201EAB1DAA9B1A129A1693BE
:1026C000012A13440E9340F33B810E9B149A13444A
:1026D0000E9323EAE3730893002311937CE62D27DE
:1026E00000238DF867700993FFF726B9DDE91131F2
:1026F0008B427DDBF40740F10481119B149A134453
:102700000E9323EAE37308934FF0670B64E621AA64
:10271000DDE90B1003F09AFE00287FF464A81B9BF0
:10272000239ACA4600E521AADDE90B1003F08EFECC
:1027300000287FF458A8239ACA46E4E42D278DF890
:102740006770FFF7EABA1F9B8B42BFF42BAE3020B5
:102750005A1C1F9218701F9B9942F9D822E6B1EEBD
:1027600048AB2D27F2E500230993FEF7CDBF1CA946
:10277000099C01941FA81BAA0323CDE90310029210
:1027800000930C9853EC1A2B02F042FC10900119A4
:1027900061E700BF34B907083CB90708062309936D
:1027A000C9E521AADDE90B1003F050FE00287FF4F3
:1027B0001AA81B9B1299239ACB1ACA46CDE4099BEF
:1027C00008930E9309900F94079611909DF86770E7
:1027D000FFF7AFB821AADDE90B1003F037FE0028A0
:1027E0007FF401A81B99DDE92232CA46FFF7BEBB80
:1027F000149A129B1344119A0E93002A06DC119B23
:102800000E9AC3F101031A4413460E9223EAE373AE
:1028100008934FF0670BDFE51FA81CA91BAA032331
:10282000099C0292CDE903100093019453EC1A2BFA
:102830000C9802F0EDFB109006E721AADDE90B10E1
:1028400003F004FE00287EF4CEAF239ACA4662E469
:102850004D421031704C1CDA1026DDE90BB704E054
:102860000AF1080A103D102D13DD01331032072B39
:10287000CDE92232CAE90046F2DD21AA594638469E
:1028800003F0E4FD00287EF4AEAFDDE92232CA4653
:10289000E8E701332A44072BCDE92232CAE9004593
:1028A0006EDC0AF1080AFFF764BB0DF183052846C8
:1028B0005A4C00E01046A4FB0321C90801EB810239
:1028C000A3EB42023032092900F8012C0B4600F13B
:1028D000FF32EFDC30330238DBB2854202F8013CD4
:1028E00071D90DF17600114601E011F8013B00F8B5
:1028F000013B8D42F9D121AB9B1A0DF176021344B5
:10290000DAE623EAE37208920E934FF0670B63E571
:10291000B5EE40ABF1EE10FA3FF4A2AEC4F1010403
:102920001B94214437E518EE903A002BB6BF2D27B3
:102930009DF867708DF86770394A3A4BFFF7EFB929
:1029400016F0010311937FF4C0AE0E9B23EAE373EC
:10295000089341E5119B149A1344099A1A4422EAF8
:10296000E2730E92089337E53BB9F50705D40123CE
:1029700008930E9330E553461BE6149B0133ECE7B6
:1029800021AADDE90B1003F061FD00287EF42BAFD6
:10299000DDE92232CA46FFF7ECBA109B1919FAE4B6
:1029A0001B9A1F9B1192109A9B1A129364E60F9D1B
:1029B00098F801302C68804644EAE474281D099494
:1029C0000F90FEF79EBE0DF1760375E6099C34E686
:1029D0000C9A0C2313604FF0FF330A93FEF70CBFE1
:1029E0008DF86710FEF7AFBF8DF86710FFF77DB960
:1029F0008DF86710FFF722B98DF86710FFF75CB903
:102A00008DF86710FFF79DB98DF86710FEF7C1BF0D
:102A10008DF86710FFF7DEB950B90708CDCCCCCCE4
:102A200008B9070804B90708002070472DE9F84FD6
:102A30004B6E9C0492462DD59368126843B30E46A4
:102A4000074602F1080959E9025B5FEA9B0815D0C5
:102A5000043D002401E0A0450ED0324655F8041F85
:102A6000384603F06FF9431C04F10104F3D100234D
:102A7000CAE90133BDE8F88FDAF808302BF0030B10
:102A8000A3EB0B03CAF8083009F10809002BDAD1CF
:102A90000020ECE7FCF7D6FE0023CAE90133BDE8CD
:102AA000F88F00BF93680BB1FFF7C0BF10B4184692
:102AB00053605DF8044B70472DE9F04FADB01C46F4
:102AC00002919146CDE9070318B1836B002B00F00A
:102AD000A383029BB3F90C105B6ED8078AB202D4B1
:102AE000930540F12185970408D40298436E41F480
:102AF000005223F400538281436692B2160740F1DC
:102B00000081029B1B69002B00F0FB8002F01A037E
:102B10000A2B00F068830023CDE910330DF1700A11
:102B20000A930493CDF83CA0D34699F80030002BCB
:102B300000F01E84252B4C4602D11EE0252B03D02D
:102B400014F8013F002BF9D1A4EB09058DB1DDE9A3
:102B5000103201332A44072BCBF80090CBF80450F5
:102B6000CDE9103200F3E4800BF1080B049B2B44F9
:102B700004932378002B00F0FB8300214FF0000327
:102B800062788DF83730084606910F4604F1010946
:102B90004FF0FF3809F10109A2F12003582B00F290
:102BA0004083DFE813F0DA023E033E03D5023E0322
:102BB0003E033E033E033E033E03C902E7023E03DB
:102BC000E202EC023E03DA00CB00CB00CB00CB00EC
:102BD000CB00CB00CB00CB00CB003E033E033E033B
:102BE0003E033E033E033E033E033E033E03B40268
:102BF0003E033E033E033E033E033E033E033E03CD
:102C00003E033E039D003E033E033E033E033E0360
:102C100059003E033E039F023E033E033E033E0334
:102C20003E033E033E033E033E033E0398017B0109
:102C30003E033E033E0376017B013E033E036901F2
:102C40003E0355019F00250120013E0300013E0384
:102C50005B003E033E03DF0047F01007BB0640F178
:102C6000A882089C073424F0070303F108020892A5
:102C7000B8F1FF3F4FF00002D3E900458DF837204F
:102C80004FF0010340F0CA80002203970992012B04
:102C900000F0F983022B00F08583514600E03146B5
:102CA000E20842EA4572E80804F0070305461446C4
:102CB000303354EA050201F8013C01F1FF36EED150
:102CC000039AD70740F17E83302B00F07B830239D3
:102CD000302306F8013CAAEB010305930E4674E38A
:102CE00047F0100717F0200300F06D82089C0734AE
:102CF00024F0070303F10802D3E9004508920023FA
:102D000084E0029D0798294602F078F8002800F038
:102D10006482029A536EDD0703D493899C0540F1C7
:102D20003E844FF0FF33049304982DB0BDE8F08F3C
:102D3000002A40F0B8831092D34617E7A2F130037F
:102D4000002419F8012B04EB840403EB4404A2F1E2
:102D50003003092BF5D906941EE747F0800799F850
:102D6000002017E7002940F0AE84C54B0A93BC064B
:102D700040F1C081089C073424F00703D3E90045E3
:102D800003F108010891FB0740F1498254EA050369
:102D900000F0458230238DF838308DF8392047F027
:102DA0000207022332E0089B1E684FF000028DF8F4
:102DB00037201C1D002E00F0F983B8F1FF3F00F012
:102DC0003D84424600213046FDF78AFA002800F093
:102DD0004D84831B05939DF837300894039709931E
:102DE0004FF00008F1E247F0200799F80020D1E603
:102DF000089AA34B14680A93043247F63003ADF8DF
:102E0000383047F002070892002502234FF00002F5
:102E1000B8F1FF3F8DF837203FF436AF002209921A
:102E200027F08002039254EA05027FF430AFB8F134
:102E3000000F40F0D783002B40F0318317F00103DF
:102E4000059300F07A832CAE302306F8413DBCE2B6
:102E5000002940F03C84089AB80652F8043B0892D6
:102E600000F17A83F90600F1B9837A0640F1B6835E
:102E7000BDF810201A8058E699F800206C2A03BF8C
:102E800099F8012047F0200709F1010947F01007E0
:102E900080E647F0400799F800207BE6002940F0E3
:102EA0000E84BB0640F13B81089C073424F00703E5
:102EB000D3E9004503F108020892002C75F10003E4
:102EC000C0F204839DF837300993B8F1FF3F00F05A
:102ED000D9820123A4E7089B4FF000011A688DF8FE
:102EE00037100433012101918DF848200893059192
:102EF00012AE03974FF00008039B13F0020302D0B9
:102F0000019A02320192DDE91012039C481C14F070
:102F100084048446099438D1069C019D641B002CCE
:102F200033DD102C574D40F39583DC4610279B462C
:102F3000634607E001F1020E08330146103C102CF5
:102F400011DD481C103207281192C3E90057109078
:102F5000F0DD002A40F04582103C102C11464FF065
:102F6000010E5346EDDC19465B468B462244BEF10A
:102F7000070F1192CBE90054CDF840E000F35682E0
:102F80000BF1080B0EF1010C71469DF837400BF167
:102F90000800002C00F0748101320DF1370401218A
:102FA000BCF1070FCDE910C2CBE9004140F34E82DE
:102FB000002A40F05581002B40F04E828C461EA81E
:102FC0001146D346099B802B00F07481059BA8EB2A
:102FD0000305002D32DD102D2B4C40F32D831027DF
:102FE000DDF81C8007E001F1020C0BF1080B19461B
:102FF000103D102D11DD4B1C1032072B1192CBE927
:1030000000471093EFDD002A40F01C81103D102D89
:103010004FF0010C1146D346EDDC0BF108012A44B8
:10302000BCF1070F1192CBE90045CDF840C000F389
:103030001F820CF1010C01F108008B46059BCDF8B5
:1030400040C01A44BCF1070F1192CBE9006340F372
:103050006F81002A40F06481039B10925D0738D590
:10306000069B01995C1A002C33DD5046102C109FF2
:10307000044D40F3F9821026DDF81C800CE000BFFF
:1030800020B9070860B9070870B90708BB1C0830E9
:103090000F46103C102C11DD791C103207291192BB
:1030A000C0E900561091F1DD002A40F0A781103CE4
:1030B000102C4FF0010317465046EDDC2244072B3D
:1030C0001192C0E90054109340F33B81002A40F074
:1030D0005C82049B069A01998A42ACBF9B185B18DC
:1030E00004933DE1002940F0E182AC4B0A93BC0619
:1030F0003FF540AE089BF80653F8044B089300F1E7
:10310000DD81790640F1DA81A4B200253BE6002991
:1031100040F0D28247F01007BB063FF5C5AE089BD2
:10312000FE0653F8044B089300F1CA817D0640F176
:10313000C78124B2E517C0E6089B99F800201C68F7
:103140000694002C03F10403C0F21582089321E5D4
:1031500047F0010799F800201CE599F800200028A5
:103160007FF418AD0121202014E599F8002047F0E4
:1031700004070FE599F8002001212B200AE599F8B2
:1031800000202A2A09F1010400F08582A2F130030F
:10319000092BA1464FF000083FF6FEAC19F8012BB1
:1031A00008EB880803EB4808A2F13003092BF5D996
:1031B000F2E4089BFE0653F8044B089340F1C681E5
:1031C0000025012322E6089A52F8044B089217F0D2
:1031D000100200F0B481002518E6AA8902F01A0353
:1031E0000A2B7FF498AC0299B1F90E30002BFFF650
:1031F00092AC4B6ED80704D4920502D4886DFCF7CC
:103200002BFD23464A460299079800F067FA04907E
:1032100004982DB0BDE8F08FFBF728FF59E4022396
:10322000F4E5002940F04582002A00F0A180012346
:103230008DF848204FF0000201938DF83720059358
:1032400012AE56E60FAA02994046FFF7EFFB0028A0
:1032500040F09480DDE91012D34601F1010CC7E67D
:103260000FAA029907980B93FFF7E0FB002840F0A4
:103270008580DDE910120B9B01F1010C1EA8D346DD
:10328000002B3FF49FAE02320EAC0221BCF1070FBF
:10329000CDE910C2CBE9004140F3E480002A40F0C0
:1032A0001D81099B802B1EA84FF0010C1146D346AF
:1032B0007FF48CAE069B019C1D1B002D7FF786AE14
:1032C000102D374C40F3DB81102706E0881C0BF1F2
:1032D000080B1946103D102D11DD4B1C1032072B29
:1032E0001192CBE900471093F0DD002A40F0928064
:1032F000103D102D4FF001001146D346EDDC0BF1CF
:1033000008072A4407281192CBE90045109000F3E2
:10331000F48000F1010C0146BB4607F1080055E6B8
:103320000FAA02990798FFF781FB38BB119A504604
:10333000039B5C0705D5069B01995C1A002C3FF79F
:1033400095AE049B069901988142ACBF5B181B188F
:1033500004932AB10FAA02990798FFF767FB68B98F
:103360000023109399F80030D346002B7FF4E2AB92
:10337000119B002B40F0868100231093029B5A6E14
:103380009B89D10702D49A0540F1F9805B063FF58D
:10339000C8AC04982DB0BDE8F08F00BF0CB9070889
:1033A00070B907080A985646230904F00F0143EA4A
:1033B00005732A091C461546435C06F8013D54EA8C
:1033C0000503F1D1AAEB06030593059B099A434532
:1033D000B8BF43460193002A3FF48EAD01330193F9
:1033E0008AE50FAA02990798FFF720FB0028C5D1AC
:1033F000DDE91012534601F1010E9FE50FAA029973
:103400004046FFF713FB0028B8D1DDE910725046A3
:103410007B1C3EE60FAA02990798FFF707FB0028DE
:10342000ACD1DDE91012D346481C53E7002A40F026
:10343000F3809DF83710002900F0958001210DF1EF
:1034400037001C900A461D918C461EA86146834693
:103450000CF1010C083013E70EA80222CDE91C0282
:103460008C461EA8614683460CF1010C0830A9E584
:10347000002A4AD1059A1D92012111921C961091A1
:103480001EA855E70397002D08BF0A2C80F0AE80D8
:103490002CAE3034012306F8414D059395E7CDF865
:1034A0001480564691E70FAA02990798FFF7BEFAD3
:1034B00000287FF463AFD346FFF758BB002562E4D2
:1034C000E517002C75F10003BFF6FCAC2D23644218
:1034D00065EB45058DF837300993F6E40FAA02999C
:1034E0000798FFF7A3FA00287FF448AFDDE9101230
:1034F0001EA801F1010CD34664E5002A5FD11EA885
:103500004FF0010C1146D34660E50FAA02990798C7
:10351000FFF78CFA00287FF431AFDDE910121EA806
:1035200001F1010CD34689E5029DA86DFCF792FBE1
:10353000B5F90C108AB2FFF7D6BA564645E717F030
:1035400040031CBF1346A4B200255FE47D0648BFBC
:10355000A4B20025012359E4049A1046D117C3E907
:103560000001FFF7E2BA002B76D111461EA84FF0FA
:10357000010CD3462AE5644206940893F7E5029CC1
:10358000A06DFCF769FBA38900E70FAA02990798D1
:10359000FFF74CFA00287FF4F1AE119AD1E6906D56
:1035A000FCF75AFB4FF0FF330493F2E64346062B39
:1035B00028BF0623059308940193474E99E40FAA68
:1035C00002990798FFF732FA00287FF4D7AEDDE9B9
:1035D00010121EA801F1010CD346F7E4049A1A60F8
:1035E000FFF7A3BA012B7FF455AB51E756462046AF
:1035F00029460A220023FAF763FA303206F8012D31
:103600002046294600230A22FAF75AFA04460D46B4
:1036100054EA0503EBD1D5E60FAA029907980B935C
:10362000FFF704FA00287FF4A9AEDDE91012D346B3
:1036300001F1010C0B9BA8E40146F0E4304608942C
:103640000397FDF77DFE9DF83730059009934FF005
:103650000008BAE6864689E40EA90222CDE91C12CA
:103660001EA84FF0010CFDE67B1C27E59DF83730C6
:10367000CDF814800993089403978046A5E6074681
:1036800060463EE6079802990FAAFFF7CFF9002897
:103690003FF472AE72E6089D99F801202B6843EA68
:1036A000E3782B1DA1460893FFF774BA8DF8370015
:1036B0001BE58DF83700B7E58DF837002AE58DF862
:1036C0003700FFF7EEBB8DF83700FFF74EBB8DF8E4
:1036D0003700FFF7C0BB00BF34B907082DE9F04140
:1036E0000C46ADF58D6D8989666EE589199621F0D8
:1036F00002010646E069ADF80C1017464FF48061F0
:10370000626AADF80E5098461AAD0023079016A8CD
:10371000099206930095049502910591FCF796FA9B
:1037200043463A4669463046FFF7C6F9051E07DBB1
:1037300030466946FBF714FC002818BF4FF0FF35F0
:10374000BDF80C305B0603D5A38943F04003A38189
:103750001698FCF77DFA28460DF58D6DBDE8F081D1
:103760002DE9F04F2DED068BBDB01C4688469246E4
:1037700005460A9002F02AFB036813931846FDF7EA
:10378000DFFD0E9412901DB1AB6B002B00F0058194
:10379000D8F86410B8F90C20C80793B202D4990580
:1037A00040F147819F040AD4D8F8641042F40053D2
:1037B00021F40051A8F80C30C8F864109BB21E0721
:1037C00040F1B180D8F81020002A00F0AC8003F05E
:1037D0001A020A2A00F0C58000239FEDA18B9FEDFD
:1037E000A29B1193CDE92033CDE9143309932CAB7F
:1037F0001F939946C3469AF80030002B00F0808250
:10380000252B544602D11EE0252B03D014F8013F8E
:10381000002BF9D1A4EB0A058DB1DDE9203201338B
:103820002A44072BC9F800A0C9F80450CDE920327A
:1038300000F3DC8009F10809099B2B4409932378E4
:10384000002B00F05D824FF0000300228DF85F3006
:1038500066780B924FF0FF331146174604F1010AC8
:1038600008930AF1010AA6F12003582B00F2E38322
:10387000DFE813F0DA02E103E103E202E103E1032E
:10388000E103E103E103E10332033E03E103AE039D
:103890007F03E1036002E700E700E700E700E700DD
:1038A000E700E700E700E700E103E103E103E103EC
:1038B000E103E103E103E103E103E10399034303CE
:1038C000E1034303E103E103E103E103B803E1039F
:1038D000E1039700E103E103E103E103E103AB004E
:1038E000E103E1036502E103E103E103E103E10335
:1038F000E103E103E103E103E103BF02FE0043034F
:10390000430343034E02FE00E103E1035302E103DC
:10391000220399006F03B303E103FC02E103AD004E
:10392000E103E103E70241460A9801F067FA88B132
:10393000D8F86430DD0704D4B8F80C309C0540F1A9
:1039400072834FF0FF33099309983DB0BDEC068BAD
:10395000BDE8F08FB8F80C3003F01A020A2A7FF4A1
:103960003BAFB8F90E20002AFFF636AFD8F8642036
:10397000D00705D4990503D4D8F85800FCF76CF9A2
:103980002346524641460A9801F032F909900998B7
:103990003DB0BDEC068BBDE8F08F0A98FBF766FBE7
:1039A000F6E647F0100717F0200340F020830E9A48
:1039B00052F8044B0E9217F0100204D117F0400396
:1039C0001CBF1346A4B20025D9E147F01007BA0680
:1039D0000E9B00F1178353F8044B0E93FB0602D4A1
:1039E0007D0648BFA4B200250123C8E11FAA59469D
:1039F0000A98FFF757F850B90DF1B0091CE71FAA54
:103A000059460A98FFF74EF8002800F07081D84612
:103A1000D8F86420B8F80C30D00702D4990540F1EA
:103A2000FB825A068DD409983DB0BDEC068BBDE8EB
:103A3000F08FD8F85800FCF70DF9B8F90C2093B2C4
:103A4000B0E6A6F1300300201AF8016B00EB80000D
:103A500003EB4000A6F13003092BF5D90B9002E7E8
:103A60000000000000000000FFFFFFFFFFFFEF7FEE
:103A7000002A41F08A80BA060E9B40F19D820733EE
:103A800023F00703D3E9004503F108020E92002C4E
:103A900075F10003C0F29B849DF85F300C93089B86
:103AA000013300F0A18427F08002069254EA050257
:103AB0004FF0010340F07481089A002A40F04085DD
:103AC000002B40F0528417F001030D9300F05D8548
:103AD0000DF1F008302308F8413D089B0D9A934200
:103AE000B8BF13460793002310930C9B13B1079B99
:103AF00001330793069B13F002030F9302D0079B39
:103B000002330793069B219A13F084073CD10B9B49
:103B100007995C1A002C37DD102C2099BF4D25DD4C
:103B200048461023C146B0460A9E04E0103C102CC3
:103B300000F1080017DD013110320729CDE920120C
:103B4000C0E90053F2DD1FAA594630460C93FEF738
:103B5000A9FF00287FF45BAF103C102CDDE9201298
:103B60002CA80C9BE7DC4646C8468146013122441E
:103B70000729CDE92012C9E9005400F357849DF8C4
:103B80005F300C9309F108090C9B73B12099013146
:103B900001320DF15F0401200729CDE92012C9E9A6
:103BA000004000F3778309F108090F9B6BB1209B5C
:103BB0000133023218A80221072BCDE92032C9E9CE
:103BC000000100F3738309F10809802F00F0A4823B
:103BD000089B0D995D1A002D2FDD102D209B904C18
:103BE00020DD49461027DDF8289004E0103D102D17
:103BF00001F1080115DD01331032072BCDE9203228
:103C0000C1E90047F2DD1FAA59464846FEF74AFFC0
:103C100000287FF4FCAE103D102DDDE920322CA9E8
:103C2000E9DC894601332A44072BCDE92032C9E972
:103C3000004500F3498309F10809069BD90500F105
:103C40001182209B0D99C9F8008001330A44072B8B
:103C50002192C9F80410209300F3FD8209F10809AC
:103C6000069B5C0738D50B9B07995C1A002C33DD4B
:103C7000102C209B694D1EDD10260A9F04E0103C8D
:103C8000102C09F1080916DD01331032072BCDE99C
:103C90002032C9E90056F2DD1FAA59463846FEF720
:103CA00001FF00287FF4B3AE103C102CDDE9203278
:103CB0000DF1B009E8DC01332244072BCDE92032B5
:103CC000C9E9005408DD1FAA59460A98FEF7EAFE22
:103CD00000287FF49CAE219A099B0B99079881429A
:103CE000ACBF5B181B180993002A7FF488AE002331
:103CF00020939AF800300DF1B009002B7FF480ADCD
:103D0000219BD846002B40F07586002320937FE648
:103D100047F040079AF80060A3E59AF800606C2E1F
:103D200003BF9AF8016047F020070AF1010A47F043
:103D3000100796E547F080079AF8006091E5002AA1
:103D400040F03D87374B1493B8060E9B40F18280BC
:103D5000073323F00703D3E9004503F108020E926D
:103D6000FB0740F1AF8254EA050300F0AB82302339
:103D70008DF860308DF8616047F0020702234FF044
:103D800000028DF85F20089A013200F07082002254
:103D90000C9227F08002069254EA05023FF48CAEA2
:103DA000012B00F06A82022B00F0F8812CA900E0C0
:103DB0004146E20842EA4572E80804F00703054676
:103DC0001446303354EA050201F8013C01F1FF3892
:103DD000EED1069AD00740F1F281302B00F0EF814E
:103DE0003023023908F8013C2CAB5B1A0D9388464E
:103DF00073E60E9906970B688DF888304FF0000235
:103E000001208DF85F200B1D002207900C92CDE958
:103E10000D03089210920DF188086BE680B907082F
:103E200090B907080CB907089AF8006000297FF4D8
:103E300018AD0122202114E547F001079AF800602F
:103E40000FE5002A40F0B786BB4B1493B8060E9BD3
:103E50003FF57EAF53F8044B0E93F90600F1AF82A5
:103E60007A0640F1AC82A4B2002579E70E9BD3F824
:103E700000804FF000028DF85F201C1DB8F1000F8C
:103E800000F0A084089A531C00F0F2840021404600
:103E9000FCF726FA002800F06D84A0EB08030D93D0
:103EA00023EAE373002207939DF85F3008920E9493
:103EB000069710920C9318E6002A40F078860E9A26
:103EC000BC0652F8043B0E9240F17083099A1046EA
:103ED000D117C3E900018EE40E9B9AF800601868C0
:103EE0000B90002803F10403C0F219840E93B8E488
:103EF0009AF8006001222B21B3E4002A40F0538697
:103F00000E9B073323F0070393ED008B0833B0EECD
:103F1000C87BB4EE497BF1EE10FA0E9340F3568362
:103F2000B5EEC08BF1EE10FA00F1FD839DF85F3025
:103F30000C93824A824B0321002027F08004CDE9B4
:103F400007100694472ECCBF904698460D911090CE
:103F5000CBE50E9A784B14681493043247F630037D
:103F6000ADF8603047F002070E9200250223782654
:103F700005E79AF800602A2E0AF1010000F0F685A4
:103F8000A6F13003092B824600F2C58400201AF8FE
:103F9000016B00EB800003EB4000A6F13003092B1E
:103FA000F5D908905FE4002A40F0F98547F0100742
:103FB000BA060E9B3FF563AD53F8044B0E93FD0616
:103FC00000F1FF81780640F1FC8124B2E5175EE53F
:103FD0009AF8006047F0040743E447F020079AF896
:103FE00000603EE447F008079AF8006039E40E9B51
:103FF000073323F0070303F10802D3E900450E92CB
:104000000023BCE6073323F0070303F10802D3E9DA
:1040100000450E920123B2E6D8F85800FBF71CFECB
:10402000B8F80C30FDE4D8F85800FBF715FE4FF057
:10403000FF330993F7E4002A40F0AD85002E3FF4EA
:104040005FAE002301224FF0000107920C938DF820
:1040500088608DF85F1006970D92089310930DF10C
:10406000880847E5652E40F3AF80B5EE408BF1EE52
:1040700010FA40F03581209B3249C9F80010013315
:1040800001320121072BCDE92032C9F8041000F3D9
:104090003B8309F10809119A199B9342219A03DB8A
:1040A000069BDB077FF5DCAD209B1399C9F8001058
:1040B0001299C9F8041001330A44072BCDE92032C4
:1040C00000F3748309F10809119B5D1E002D7FF731
:1040D000C7AD102D209B1C4C40F3368210260A9F42
:1040E00005E009F10809103D102D40F32D82013340
:1040F0001032072BCDE92032C9E90046F1DD1FAAB5
:1041000059463846FEF7CEFC00287FF480ACDDE946
:1041100020320DF1B009E6E70B9B07995D1A002DDF
:104120007FF756AD102D209B074C2BDD49461027FD
:10413000DDF828900FE000BF20B9070800B9070894
:10414000FCB807083CB9070890B90708103D102DC6
:1041500001F1080115DD01331032072BCDE92032C2
:10416000C1E90047F2DD1FAA59464846FEF79AFC0E
:1041700000287FF44CAC103D102DDDE920322CA935
:10418000E9DC894601332A44072BCDE92032C9E90D
:10419000004500F3FE8109F1080919E514980DF1B5
:1041A000B008230904F00F0143EA05732A091C46ED
:1041B0001546435C08F8013D54EA0503F1D12CABE8
:1041C000A3EB08030D9388E4119C2098012C02F1C5
:1041D000010200F1010309F1080140F30781012008
:1041E000072BC9F80080CDE92032C9F8040000F39C
:1041F0008F811298139C01330244072BCDE92032A2
:10420000C1E9004000F390810831119CB5EE408B6C
:10421000F1EE10FA03F1010004F1FF3501F1080994
:1042200000F0A98008F101042A4407280C602192BB
:104230004D60209000F3EB8001F11004981C49467A
:10424000A146159C4C6022441BAB0728219220906C
:104250000B607FF705AD1FAA59460A98FEF722FCAE
:1042600000287FF4D4AB219A0DF1B009F8E40022C4
:10427000012B06970C927FF496AD002D08BF0A2CF7
:1042800080F06C810DF1F0083034012308F8414DC5
:104290000D9322E41FAA59460A98FEF703FC002852
:1042A0007FF4B5AB219A0DF1B0097EE41FAA5946FF
:1042B0000A98FEF7F7FB00287FF4A9AB219A0DF1CD
:1042C000B00982E402235AE51FAA59460A98FEF76C
:1042D000E9FB00287FF49BAB219A0DF1B009ACE417
:1042E0001999002940F3DC81DDE910318B42A8BF28
:1042F0000B46002B1D460DDD209BC9F800800133C5
:104300002A44072B2192C9F80450209300F3D98244
:1043100009F10809109B002DA8BF5B1B002B1D464F
:1043200040F39F80102D209BA74C40F35C82102609
:104330000A9F05E009F10809103D102D40F3538252
:1043400001331032072BCDE92032C9E90046F1DDF7
:104350001FAA59463846FEF7A5FB00287FF457AB45
:10436000DDE920320DF1B009E6E7089B0D930DF170
:10437000B008FFF7B2BB002D7FF763AF102D924C52
:1043800040F3CA83102603460A9F05E00831103D1A
:10439000102D40F3FB8101331032072BCDE9203281
:1043A000C1E90046F2DD1FAA59463846FEF77AFBFE
:1043B00000287FF42CABDDE920322CA9E7E70025AB
:1043C000CEE4E517002C75F10003BFF665AB089B42
:1043D00064424FF02D0865EB450501338DF85F8091
:1043E000CDF830807FF45FAB069746E7069CE50783
:1043F0003FF5F5AE0124072BC9F80080CDE9203246
:10440000C9F8044003DC023009F1100919E71FAABA
:1044100059460A98FEF746FB00287FF4F8AADDE922
:1044200020020DF1B80901302CA90AE71FAA59464C
:104430000A98FEF737FB00287FF4E9AA9DF85F3061
:104440000C93219A0DF1B009FFF79EBB1FAA5946A4
:104450000A98FEF727FB00287FF4D9AA219A0DF1CC
:10446000B009199B11998B4202DB0699CE070FD533
:1044700020991398C9F800001298C9F80400013176
:10448000024407292192209100F3278209F10809AB
:1044900011991098CB1A0D1A9D42A8BF1D46002DE8
:1044A0000EDD2099C9F80450013140442A440729FF
:1044B000C9F80000CDE9201200F34A8109F108098A
:1044C000002DACBF5D1B1D46002D7FF7C9AB102D25
:1044D000209B3D4C38DD10260A9F04E009F10809B5
:1044E000103D102D30DD01331032072BCDE9203285
:1044F000C9E90046F2DD1FAA59463846FEF7D2FA4E
:1045000000287FF484AADDE920320DF1B009E7E745
:104510001FAA59460A98FEF7C5FA00287FF477AA21
:10452000DDE920322CA964E61FAA59460A98FEF755
:10453000B9FA00287FF46BAADDE920322CA964E6E1
:10454000012B7FF430AC9DE601332A44072BCDE9E3
:104550002032C9E900457FF781AB7CE60DF1B00858
:10456000204629460A220023F9F7AAFA303208F831
:10457000012D2046294600230A22F9F7A1FA044614
:104580000D4654EA0503EBD119E60DF1B008FFF72B
:10459000A4BA1FAA59460A98FEF784FA00287FF4A5
:1045A00036AA219A0DF1B009FFF712BBF80606D41E
:1045B000790604D5BDF824201A80FFF71CB9099AA2
:1045C0001A60FFF718B900BF90B90708B4EE488B1E
:1045D000F1EE10FA80F18B82089B591C26F0200521
:1045E00000F0C580472D03D1002B08BF012308939D
:1045F00047F48073069318EE903A002BC0F2868140
:10460000B0EE48AB00230C93662E00F08881462E56
:1046100000F0DF81452D00F0C0811DA81AA919AA5C
:104620000223089C0292CDE903100093019453ECFD
:104630001A2B0A9800F0ECFC672E804640F0A98205
:10464000FB0740F1DC80089B08EB0301B5EE40ABB3
:10465000F1EE10FA40F04E810B46A3EB08031193E4
:10466000472D199B109300F0D180662E40F0D58025
:10467000109B002B089B40F35182002B40F02D82B1
:10468000FB0700F12A82109B07930D930C9B002BD4
:1046900040F0FF8008939DF85F300C93FFF725BA38
:1046A000209BB248C9F80000013301320120072BDA
:1046B000CDE92032C9F804003DDC09F1080929B927
:1046C000119B1BB9069BDF077FF5CAAA209B139895
:1046D000C9F800001298C9F8040001330244072BFE
:1046E0002192209300F3348109F108090029C0F2D6
:1046F0008B81119901330A44072BCDE92032C9E996
:1047000000817FF7ABAAA6E51FAA59460A98FEF7D3
:10471000C9F900287FF47BA90DF1B009BBE4404240
:104720000B900E9356E44FF02D088DF85F80CDF876
:104730003080FFF7FEBB1FAA59460A98FEF7B2F970
:1047400000287FF464A91999219A0DF1B009B6E700
:104750001FAA59460A98FEF7A5F900287FF457A921
:10476000199B1199219ACB1A0DF1B009A8E60623DD
:1047700008933DE7089B07930D939DF85F300890E1
:104780000E94069710900C93FFF7AFB9581C01F1E7
:1047900008032A4407282192C1E9004520903FF7E9
:1047A00036AE013003F1080919464AE51FAA5946F9
:1047B0000A98FEF777F900287FF429A9219A0DF1CC
:1047C000B00981E4089BCDF84080062B28BF062362
:1047D000CDF82080CDE90C8307930E940697DFF87F
:1047E0009081FFF782B901332A44072BCDE92032AB
:1047F000C9E900453FF72AAE09F1080931E61D9BDA
:10480000199A10921B1A472D119306D1109BDA1C8E
:1048100002DB089A9A4244DA023E109B8DF86C60E3
:10482000013B002B1993BDBF109BC3F101032D2247
:104830002B22092B8DF86D2000F3128130333022AA
:104840008DF86F308DF86E201CAB1BAA9B1A119A45
:104850001593012A13440D9340F354810D9B129A32
:1048600013440D9323EAE3730793002310930DE79A
:104870004046FCF765FD0023089320EAE0721093A0
:104880009DF85F300D900E94069707920C93FFF7FA
:104890002CB92D238DF85F300C9300230893FFF77C
:1048A00026B9DDE910318B4264DBFD0740F10F8151
:1048B000109B129A13440D9323EAE3730793672620
:1048C000E4E61FAA59460A98FEF7ECF800287FF4A0
:1048D0009EA8219A0DF1B0091CE51FAA59460A9815
:1048E000FEF7E0F800287FF492A8199B219A0DF1B9
:1048F000B009CDE51D9B8B42BFF4AFAE30205A1CF2
:104900001D9218701D9B9942F9D8A6E62D23B1EE91
:1049100048AB0C9378E600230893FEF7A4BF1AA9CE
:10492000089C01941DA819AA0323CDE90310029243
:1049300000930A9853EC1A2B00F06AFB8046011989
:1049400098F80030302B00F0B780199C21447DE6A8
:104950001FAA59460A98FEF7A5F800287FF457A821
:104960001999DDE920320DF1B009BFE63CB907081D
:1049700034B90708DDE911321344109A0D93002A67
:1049800006DC109B0D9AC3F101031A4413460D92E5
:1049900023EAE3730793672678E6089B1DA85C1C4F
:1049A0001AA919AA0223CDE90310029200930194D7
:1049B00053EC1A2B0A9800F02BFB8046472E40F050
:1049C000D280FA0740F1C880462E08EB0401B7D028
:1049D0003CE61DA81AA919AA0323089C0292CDE956
:1049E00003100093019453EC1A2B0A9800F010FB6B
:1049F0008046E9E70A981FAA5946FEF753F80028AF
:104A00003FF483A9FFF704B84D4210316E4C1CDA15
:104A100010260A9F04E009F10809103D102D14DD4D
:104A200001331032072BCDE92032C9E90046F2DD0F
:104A30001FAA59463846FEF735F800287EF4E7AF3E
:104A4000DDE920320DF1B009E7E701332A44072BF5
:104A5000CDE92032C9E9004571DC09F1080948E6D1
:104A60000DF17B052846594C00E01046A4FB0321BC
:104A7000C90801EB8102A3EB42023032092900F898
:104A8000012C0B4600F1FF32EFDC30330238DBB291
:104A9000854202F8013C75D90DF16E00114601E026
:104AA00011F8013B00F8013B8D42F9D11FAB9B1A75
:104AB0000DF16E021344C8E6B5EE40ABF1EE10FA0C
:104AC0003FF443AFC4F1010419942144BEE523EA45
:104AD000E37207920D936726D8E5109B129A134450
:104AE000089A1A4422EAE2730D920793CEE518EE73
:104AF000903A002B19DB9DF85F300C93344A354B0C
:104B0000FFF719BA17F0010310937FF4A7AE0D9BBE
:104B100023EAE3730793B9E54B463AE663B9FF0727
:104B20000AD4012307930D93B0E54FF02D088DF8BB
:104B30005F80CDF83080E1E7129B0133D0E71FAAF8
:104B400059460A98FDF7AEFF00287EF460AFDDE914
:104B500020320DF1B009CCE51D9B199A1092A3EB00
:104B60000803119352E608EB04016FE50E9C9AF8D6
:104B70000160236843EAE3730893231D82460E9382
:104B8000FEF76FBE0DF16E035FE68DF85F10FEF766
:104B900072BF089C12E78DF85F10FFF74FBA8DF8CF
:104BA0005F10FFF703BA8DF85F10FFF7A9B98DF812
:104BB0005F10FFF784B98DF85F10FFF745B98DF8E6
:104BC0005F10FFF7BFB800BF90B90708CDCCCCCCC1
:104BD00008B9070804B9070810B4044C13460A467C
:104BE000014620685DF8044BFEF7BABD8C0E002428
:104BF0002DE9F0410C46ADF58D6D8989666EE5892C
:104C0000199621F002010646E069ADF80C1017462E
:104C10004FF48061626AADF80E5098461AAD0023D9
:104C2000079016A8099206930095049502910591A4
:104C3000FBF70CF843463A4669463046FEF790FDCE
:104C4000051E07DB30466946FAF78AF9002818BFC7
:104C50004FF0FF35BDF80C305B0603D5A38943F058
:104C60004003A3811698FAF7F3FF28460DF58D6DE2
:104C7000BDE8F08170B5141E9AB005462CDB1A46CB
:104C80004FF4027300910491ADF80C3013D0013C45
:104C90004FF6FF761E9B029469460594ADF80E60B0
:104CA000FCF7D2FC421C01DA8B232B60009B002214
:104CB0001A701AB070BD1E9B02944FF6FF766946BB
:104CC0000594ADF80E60FCF7BFFC431C01DB1AB085
:104CD00070BD8B232B60FAE78B2303604FF0FF300E
:104CE000F5E700BF10B582B0054C00932468134669
:104CF0000A4601462046FFF7BDFF02B010BD00BFC7
:104D00008C0E0024F8B50D461446064610B1836B90
:104D1000002B43D0B4F90C20A369A36091B208071B
:104D20001BD52369CBB1EDB289042F4622D5226869
:104D30006169D31A994229DD0133A168501C0139F8
:104D4000A1602060157062699A422AD0A389DB07AE
:104D500001D50A2D25D03846F8BD2146304600F051
:104D60004DF820BBB4F90C20236991B2EDB289044F
:104D70002F46DCD4616E42F4005221F40051A2812E
:104D8000226861666169D31A9942D5DC21463046B2
:104D9000FAF7E6F858B922680123CEE7FAF766F980
:104DA000B8E721463046FAF7DBF80028D3D04FF0B9
:104DB000FF37D0E721B1FF2A04D80A7001207047DD
:104DC000084670478A2303604FF0FF30704700BFEA
:104DD00070B50D46084C114606461A462846002373
:104DE0002360ECF7BBFE431C00D070BD2368002B92
:104DF000FBD0336070BD00BFF01F012438B5314BCC
:104E00001B6805460C4613B19A6B002A3AD0B4F9D8
:104E10000C2093B218070CD52069A8B113F0010239
:104E200020D0636900225B42A361A26000B300202E
:104E300038BDD9063ED5580728D4206942F008036A
:104E4000A3819BB20028E9D103F42072B2F5007F60
:104E5000E4D028462146FAF72FFFA389206913F0F2
:104E60000102DED1990758BF6269A2600028DED135
:104E7000B4F90C301A06DBD543F04003A3814FF0A0
:104E8000FF3038BD1846FAF7F1F8C0E7216B51B191
:104E900004F14003994204D02846ECF771F8B4F9C4
:104EA0000C200023236300232069636022F0240286
:104EB0002060C3E742F0400209232B604FF0FF302F
:104EC000A28138BD8C0E002438B5074C002305465E
:104ED00008462360ECF7DEFD431C00D038BD236894
:104EE000002BFBD02B6038BDF01F01242DE9F04FC3
:104EF00003690F69BB4283B0C0F28680013F01F1B4
:104F0000140900F1140A59F827205AF82730BC0078
:104F10000132B3FBF2F80AEB0403009409EB040B33
:104F20000193B8F1000F38D000252E46CE46D44666
:104F30005EF8044BDCF80030A2B208FB0255220CEC
:104F40002C0C08FB0242ADB2751B96B2C6EB1346A1
:104F500015FA83F306EB23469BB243EA0643F34577
:104F60004FEA12454CF8043B4FEA2646E0D2009B3C
:104F70005AF803308BB9019A131F9A450CD252F894
:104F8000043C4BB9A2F1080302E01A68043B1AB9C9
:104F90009A4507F1FF37F8D30761044601F050F94D
:104FA00000282DDB08F101085546002359F8041BA1
:104FB00028688AB29A1A0B0C12FA80F2C3EB1043DB
:104FC00003EB224392B242EA0342CB4545F8042B5D
:104FD0004FEA2343EAD25AF827200AEB87037AB92B
:104FE0001A1F92450BD253F8042C42B9083B02E039
:104FF0001A68043B1AB99A4507F1FF37F8D32761BD
:10500000404603B0BDE8F08F002003B0BDE8F08F4C
:105010002DE9F04F016C93B004461F4692469B4623
:1050200041B1426C4A60012393408B6000F018FF4D
:10503000002323643D1E1F9AB4BF01230023136085
:10504000BF4BBCBF25F00045AB46AB4300F0A5808D
:105050004BEC17ABB5EE407BF1EE10FACDE902ABAD
:105060000DD11E9A01231360209B002B00F0C280FB
:10507000B44E1E60013E304613B0BDE8F08F10AA5A
:1050800011ABCDE900322046DDE9022301F06AF9D7
:105090005FEA1559804640F09E80DDE9101301EB70
:1050A000030909F23243202B40F38683C3F1400306
:1050B00009F212429D402AFA02F32B4307EE903A7E
:1050C000B8EE677B09F1FF398DED027B0398DDE9CE
:1050D0000223A0F1F87301200D9043EC172BB7EEDB
:1050E000086B9FED914B37EE466B9FED917B9FEDEB
:1050F000925BA6EE047B06EE909AB8EEE66BA6EE07
:10510000057BFDEEC76BB5EEC07BF1EE10FACDED81
:10511000026A00F1D381029A162A00F2C4818A4BF6
:1051200003EBC20393ED007B4BEC16ABB4EEC67BF6
:10513000F1EE10FA40F33A83531E029300230B93CF
:10514000A1EB0909B9F10103089344BF00230893B7
:10515000029B4CBFC9F101094FF00009002BC0F2BE
:10516000A581089A0A9311461944002308910593D2
:105170001C9B092B43D8052B40F31B83043B1C933A
:10518000002306931C9B023B032B00F2EF83DFE816
:1051900013F039031A03430344041E9A42F20F73B7
:1051A0001360BAF1000F0FD1C5F3130565B9209B49
:1051B000664E002B3FF45FAF06F10803209A30469D
:1051C000136013B0BDE8F08F209B614E002B3FF4BD
:1051D00052AFF31CF2E70399C1F31301DDE9022397
:1051E000002041F07F53A9F2FF3943F44013109996
:1051F0000D9072E7574E304613B0BDE8F08F012393
:1052000000224FF0FF3506931C922F4609931D9202
:10521000002161640C97204600F0FCFD0E2D06462F
:10522000206400F2BE80069B002B00F0BA80029939
:105230000029CDE90EAB40F35883434A01F00F0338
:1052400002EBC3020B11DD0692ED006B40F1078407
:10525000414A92ED087B4BEC15AB03F00F030321A1
:1052600085EE074B5BB13C4AD80704D592ED007B35
:10527000013126EE076B5B1002F10802F4D184EED7
:10528000065B0B9B3BB1B7EE007BB4EEC75BF1EE68
:1052900010FA00F14F8407EE901AB8EEE76BB1EE0A
:1052A0000C7BA6EE057B8DED067B079BDDE906AB4F
:1052B000A3F1507B002F00F0998302983A46BDEE8F
:1052C000C57B214917EE103A01EBC20111ED024BEB
:1052D00009993033B8EEC77BDBB235EE477B4BEC38
:1052E00016AB751C002900F0DE83B6EE003B83EEA2
:1052F000045B35EE465BB4EEC75BF1EE10FA33703B
:105300004BDCB7EE003B33EE476BB4EEC65BF1EE21
:1053100010FA00F35984012A41D0B2EE044B324412
:1053200026E000BFAFF3008061436F63A787D23FE1
:10533000B3C8608B288AC63FFB799F501344D33F84
:105340000000F07F3DB90708D8B90708A0B90708E1
:10535000ACB907083CB90708B0B9070833EE476B8A
:10536000B4EEC56BF1EE10FA00F12E84954216D022
:1053700027EE047B25EE045BBDEEC76B16EE103AFC
:105380003033DBB2B8EEC66B37EE467BB4EEC57B8E
:10539000F1EE10FA05F8013BE0D50290D7E1DDE926
:1053A0000EAB119B002B62DB029A0E2A5FDCBE4B18
:1053B00003EBC20393ED003B1D9B002BC0F27482F4
:1053C0004BEC17AB87EE036BBDEEC66B012F16EEF1
:1053D000103A03F13003B8EEC65B06F101053370F5
:1053E000A3EE457B21D0B2EE044B27EE047BB5EE55
:1053F000407BF1EE10FA08D1A9E127EE047BB5EE6F
:10540000407BF1EE10FA00F0A28187EE036BBDEE57
:10541000C66B16EE103A303305F8013BAB1B9F42CA
:10542000B8EEC65BA5EE437BE7D137EE077BB4EE63
:10543000C37BF1EE10FA0ADCB4EE437BF1EE10FA16
:1054400040F0858116EE103AD90740F1808115F8B9
:10545000013C05E0964200F04A8312F8013C1546F3
:10546000392B05F1FF32F5D0013313706FE1099A42
:1054700082B31C9A012A40F30A82059B7A1E93424A
:10548000C0F2D5829A1A002FC0F2FE82089B3B44DC
:105490004D460893B944012120460D9200F07AFD53
:1054A0000D9A06901AE001230B9349E6029BA9EBA3
:1054B00003095B42059300230A9359E6B8EEE66BB5
:1054C000B4EE476BF1EE10FA3FF425AE029B013BC0
:1054D000029320E6099B059A06934D46002D0BDDAD
:1054E0000899002908DDA9420B46A8BF2B46A9EB65
:1054F0000309ED1ACB1A0893059B6BB10999002992
:1055000000F08E829B1A002A40F0A38141461A4681
:10551000204600F0EFFD80460121204600F03AFDD4
:105520000A9A0590002A40F02C811C9B012B40F325
:1055300076810120089A104410F01F0000F01A81B3
:10554000C0F12003042B40F36E83C0F11C00024421
:10555000814405440892B9F1000F05DD41464A46F1
:10556000204600F017FE8046089B002B05DD1A46FA
:105570000599204600F00EFE05900B9B002B73D181
:10558000002F40F30E82099B002B00F08980002D34
:1055900000F376810A9B002B40F0D381DDF8189050
:1055A0000B96731E3B440AF001023746069E0A9290
:1055B0000993059D40462946FFF798FC31468246EF
:1055C000404600F03DFE294683464A46204600F00C
:1055D00053FEC3680AF130050146002B40F0DC8120
:1055E0000690404600F02CFE069A08901146204690
:1055F00000F036FC089B33B91C9A22B90A9B002B99
:1056000000F0E4821C9BBBF1000FC0F2188205D1B0
:105610001C9A1AB90A9A002A00F01182002B07F18D
:10562000010A00F32182099B3D70BB4200F02F82EA
:10563000414600230A22204600F01CFC4E458046CD
:1056400031464FF000034FF00A02204600F09E81E1
:1056500000F010FC4946064600230A22204600F0CE
:1056600009FC57468146A4E70599404600F0E8FD4D
:10567000002885DA029F414600230A222046013F86
:10568000029700F0F7FB099B8046002B40F0B682A2
:105690000C9F002F04DC1C9B022B00F3C2820C9F8A
:1056A000DDF81490354604E0D8B9070800F0E2FBB5
:1056B000804649464046FFF719FC00F1300C05F8DA
:1056C00001CBAB1B9F424FF00A024FF00003414653
:1056D0002046EBDCCDF820C04FF0000A4146012205
:1056E000204600F057FD0599804600F0A9FD0028EE
:1056F00015F8012C12DC06D1089BDB070ED402E062
:1057000015F8022C1D46302A05F1FF33F8D00BE0C6
:105710009E4200F0528113F8012C1D46392A05F1F2
:10572000FF33F5D001321A700599204600F098FB3E
:10573000069B63B1BAF1000F05D09A4503D05146DC
:10574000204600F08DFB0699204600F089FB41467B
:10575000204600F085FB0022029B2A701E9A01332E
:105760001360209B002B3FF486AC30461D6013B0C5
:10577000BDE8F08F1C20089B034481440544089336
:10578000E9E60146204600F0B5FC1C9B0590012B84
:1057900040F3D28000230A93059A136902EB830336
:1057A000186900F0A7FBC0F12000C3E600230B93AB
:1057B000C6E401230693E5E4C3F120030AFA03F3E8
:1057C00007EE903A7CE400230993029B1D9A134450
:1057D0005F1C012FBC460C93B8BF4FF0010C002199
:1057E000BCF1170F61643D467FF715AD012204231C
:1057F0005B0003F114006045114602F10102F7D984
:10580000616408E5002309931D9B002B40F3DB80B6
:105810000C931F469C46E2E701230993F4E7BAF193
:10582000000F7FF486AECBF31303002B40F06881AA
:105830002BF000431B0D1B052BB1089B0133089374
:1058400009F1010901230A9A0A93002A3FF471AE73
:10585000A2E706990D93204600F04CFC4246014613
:105860000690204600F0A0FB41460590204600F03F
:10587000F7FA059A0D9B9046002B3FF44DAE45E696
:105880002A460699204600F085FC069082E60D9A8D
:10589000002A00F0378103F23343089A1A44089231
:1058A0004D46059A9944F6E5002F3FF789AD40F043
:1058B000B080B1EE047B23EE073B4BEC17ABB4EEAC
:1058C000C73BF1EE10FACDE9057771DA029A312380
:1058D000013202923370751C0599204600F0C0FA1F
:1058E000069B002B7FF42FAF31E700F01E81029B57
:1058F000C04A5B4203F00F0102EBC10292ED005B74
:105900009DED0E7B1B1127EE055B00F08781B0EE4D
:10591000457BB94A00200221DD0705D592ED006BD9
:105920000131012027EE067B5B1002F10802F3D162
:10593000002805FE075BA4E4BAF1000F3FF473AF43
:1059400028E7069B2046596800F064FA06990B691F
:1059500002339A0005460C310C30FAF743FD294614
:105960000122204600F016FC814619E600256564F8
:105970002946204600F04EFA4FF0FF330C931F46A5
:10598000012306461D95206409930AE500F072FA8A
:105990005746064681460CE6204600F061FA012390
:1059A00031E61C9B022B7FF7EEAD002F00F0AE809E
:1059B0001D9BDB43029335468EE7029A3123013269
:1059C00002923370B0E601251D952F4620E407EEC4
:1059D000901AB8EEE76BB1EE0C7BA6EE057B8DED71
:1059E000067B079BDDE906ABA3F1507B4BEC16ABC6
:1059F000B1EE047B35EE477BB4EEC67BF1EE10FAD8
:105A00004DDCB1EE466BB4EEC67BF1EE10FA7FF5DD
:105A1000C6AC0023CDE90533CAE701230993D4E6D8
:105A20004146059A204600F065FB804674E5059BDB
:105A30000A990592D31A19440A91002223E5002BF2
:105A40000895069607F101050B9E00F392809DF8DC
:105A50002030DDF818A03B70CDF8189064E69DED7D
:105A60000E4B0221FFF7FEBB2B46392B08950696FD
:105A700055460B9E00F08F80089BDDF818A0CDF8EE
:105A8000189001333B704FE6A9EB070503E5334659
:105A900008950B9ECDF8189055469A461EE60023B1
:105AA000CDE9053312E7012A26EE045B337011D0ED
:105AB000B2EE044B324427EE047BBDEEC76B16EE0C
:105AC000103A303305F8013B9542B8EEC66B37EE1D
:105AD000467BF0D1B6EE006B35EE064BB4EEC74B0D
:105AE000F1EE10FA5ED5029015F8013CB8E43023CF
:105AF0003370029B01330293324615F8013CB3E444
:105B00000023A0E6109BC3F13603C6E63B46059989
:105B10000522204600F0AEF901460590404600F00F
:105B20008FFB00283FF7D2AE42E79DED0E5B0221CE
:105B3000FFF7A7BB002F3FF44AAF0C9A002A7FF76C
:105B40002EACB2EE044BB1EE0C6B013107EE901AA5
:105B500025EE045BB8EEE77BA5EE076B8DED066BDB
:105B6000079BDDE906ABA3F1507B029B581EFFF7B4
:105B7000A6BB41460122204600F00CFB0599804659
:105B800000F05EFB00282DDD089B392B03D00AF1C5
:105B9000310308935BE73922DDF818A03A70CDF89D
:105BA0001890BBE536EE456BB4EEC76BF1EE10FA1C
:105BB00002DCFFF7F4BB154615F8013C302B05F16C
:105BC000FF32F8D0FFF7E9BB029049E42B46392BAE
:105BD0000895069607F101050B9EDCD0BBF1000F7E
:105BE000D5DC34E77FF433AF089BDA077FF52FAFBE
:105BF000CAE700BFD8B90708B0B90708069900235B
:105C00000A22204600F036F90C9F0690002F3FF73D
:105C1000BEAC1C9B022B04DC0C9FB8E40221FFF7F6
:105C200030BB0C9FC1E63FF496ACC0F13C00A2E54E
:105C30000B78722B30B431D0772B2AD0612B04D063
:105C40001623036030BC002070474FF40275012416
:105C50004FF4847011F8013F8BB1622B16D0782B72
:105C600011D02B2BF6D111F8013F20F01C0024F0AD
:105C7000030440F0100044F00204002BEDD12C434B
:105C8000146030BC704744F40064E3E744F48034AB
:105C9000E0E74FF4C06501240820DBE700252C462F
:105CA0000420D7E72DE9F04782B0814688461446A4
:105CB000F9F7BAFF012803D108F1FF33FE2B33D9DE
:105CC000424604F15C0301A9484600F039FC421C3D
:105CD00006462FD020B39DF804C000250DF1040A1C
:105CE00009E023685A1C226083F800C00135B542E0
:105CF00016D215F80AC0A368013B002BA360F0DAA6
:105D0000A769BB4261462246484602DBBCF10A0F46
:105D1000E7D1FEF7F7FF431CE8D102B0BDE8F087FA
:105D2000404602B0BDE8F0875FFA88FC06468DF871
:105D300004C0D2E7A38943F04003A38102B0BDE8C9
:105D4000F08700BF30B50546506EB2F90C30C00781
:105D5000144683B09AB201D490051CD5900406D4A1
:105D6000626E43F4005342F40052A38162662846F7
:105D70002246FFF797FF636EDA07054602D4A38930
:105D80009B0502D5284603B030BDA06DF9F764FF2E
:105D9000284603B030BDA06D0191F9F75BFFB4F95F
:105DA0000C3001999AB2D9E738B5074C0023054663
:105DB00008462360EBF740FF431C00D038BD236842
:105DC000002BFBD02B6038BDF01F0124044A054B8B
:105DD0001268506B002808BF1846F030704700BFAB
:105DE0008C0E0024B812002470B50D46084C1146E4
:105DF00006461A46284600232360EBF784FF431C1F
:105E000000D070BD2368002BFBD0336070BD00BF95
:105E1000F01F0124C36C70B505460C464BB153F816
:105E2000240080B1026843F824200023C0E9033332
:105E300070BD21220421EAF7ECFF0346E864002844
:105E4000EDD1002070BD012101FA04F6721D284633
:105E50009200EAF7DEFF0028F3D0C0E90146E4E74C
:105E600031B1C36C4A6853F82200086043F822102D
:105E7000704700BFF0B50C6983B00D46064601F1CE
:105E8000140C0027DCF8000081B202FB0133010C86
:105E9000180C02FB01019BB2013703EB0143BC422A
:105EA0004CF8043B4FEA1143ECDC3BB1AA68A24238
:105EB00007DD05EB8402013453612C61284603B0F1
:105EC000F0BD6968019301313046FFF7A3FF2A69ED
:105ED000023205F10C01074692000C30FAF782FA03
:105EE000F26C6968019B52F82100286042F8215049
:105EF0003D46DEE7020C12040346C2B9030410203B
:105F000013F07F4F04BF1B02083013F0704F04BF23
:105F10001B01043013F0404F04BF9B000230002BE4
:105F200004DB5B0001D50130704720207047002062
:105F3000E6E700BF036813F00702014607D0DA075F
:105F40001FD498071FD55B080B600120704798B2DB
:105F5000A0B1104613F0FF0F04BF1B0A08301A0748
:105F600004BF1B0904309A0704BF9B080230DA07FC
:105F700002D45B080BD001300B6070471B0C102063
:105F8000E8E7002070479B080B6002207047202044
:105F9000704700BF10B50C460121FFF73BFF0122FF
:105FA000C0E9042410BD00BF2DE9F04F0E6914694B
:105FB000A64283B00F46154604DA32462F462646DF
:105FC0000D461446D7E9011306EB04084345B8BF54
:105FD0000131FFF71FFF00F1140909EB880EF145AD
:105FE000009005D24B46002243F8042B9E45FBD877
:105FF00005F1140A0AEB840407F11403A24503EB2C
:10600000860C61D2641B153C24F00304CDF804E037
:10601000A24405F110029E4605E02D0C2BD19245BD
:1060200009F104094ED052F8045F1FFA85FBBBF159
:10603000000FF2D077464E46002000E0264657F883
:10604000041B34688BB2A5B2090C240C0BFB035360
:1060500003440BFB014000EB134034469BB243EA80
:106060000043BC454FEA104044F8043BE6D870605A
:1060700015682D0CD3D0D9F8003076461846CB469B
:10608000002100E0A3463488000C05FB0400014415
:106090009BB25C4643EA014344F8043B56F8043B98
:1060A000DBF804001B0C87B205FB037303EB114301
:1060B000B4454FEA1341E5D89245CBF8043009F1D5
:1060C0000409B0D1DDF804E0B8F1000F0BDD5EF893
:1060D000043CAEF1040E1BB105E05EF8043D13B9BB
:1060E000B8F10108F9D10098C0F8108003B0BDE8FC
:1060F000F08F00BF12F003032DE9F041144607466C
:106100002ED10D46A4101CD0BE6C96B3E3074FF001
:10611000000806D4641014D03068A8B10646E3071E
:10612000F8D5324629463846FFF73EFFB5B16A68D2
:10613000FB6C641053F82210296043F82250054686
:10614000EAD12846BDE8F081324631463846FFF7AD
:106150002BFF3060C0F800800646E0E70546D9E72F
:10616000013B0B4A52F823200023FFF783FE05462C
:10617000C8E701213846FFF74DFE40F27123436125
:106180000122002302610646B8640360BEE700BF37
:10619000A0BA07082DE9F04791460A690E464FEA72
:1061A0006914D1E9011304EB020808F101059D42CD
:1061B000074604DD5B009D4201F10101FADC38462F
:1061C000FFF728FE002C00F1140337DD03EB8401F8
:1061D000002243F8042B8B42FBD1346906F11403EF
:1061E00019F01F0903EB840C20D0C9F1200E002206
:1061F00000E051461C688A4604FA09F414434AF840
:10620000044B53F8042B634522FA0EF2F1D34A6093
:106210000AB108F10205FB6C7268013D53F82210C7
:106220000561316043F82260BDE8F087043953F816
:10623000042B41F8042F9C45F9D8ECE71946CCE72C
:1062400030B40B6905460069C01A0FD19B001435A4
:10625000143119442B4401E09D4207D253F8044DF8
:1062600051F8042D9442F7D002D3012030BC70477E
:106270004FF0FF30FAE700BF2DE9F04113690D69D7
:10628000ED1A002D0E46904601F1140402F1140798
:1062900014D19B00E2183B4401E0A24259D952F8C4
:1062A00004CD53F8041D8C45F7D009D2224633465D
:1062B0003C46464617469846012501E0F6DB002598
:1062C0007168FFF7A7FDD8F810303669C56007EB95
:1062D000830EBC4600F1140504EB860700235CF82E
:1062E000041B54F8048B8AB213FA88F3090C9A1A27
:1062F000C1EB184303EB224392B242EA0342E64564
:1063000045F8042B4FEA2343E9D8A74217D9AE46F4
:10631000A4465CF8042B13FA82F3191401EB124122
:106320009BB243EA014267454EF8042B4FEA2143F2
:10633000EFD8E443274427F0030704373D44043DE6
:1063400022B955F8043D013E002BFAD00661BDE8A4
:10635000F0810021FFF75EFD01220023C0E9042344
:10636000BDE8F0812DE9F04383B001211F461646B8
:106370000A9DFFF74FFDC7F30A548146C7F3130385
:106380000CB143F48013002E019323D002A840F8EF
:10639000086DFFF7CFFD002835D1DDE90023C9F8EE
:1063A0001420002B0CBF01210221C9F81830C9F8B4
:1063B0001010DCB909EB8103A0F2324028601869A3
:1063C000FFF798FD0B9BC0EB41101860484603B0E7
:1063D000BDE8F08301A8FFF7ADFD019BC9F81430BB
:1063E00001212030C9F81010002CE3D0A4F233486A
:1063F00008EB00032B600B9BC0F13500186048468A
:1064000003B0BDE8F083DDE90013C0F1200203FA18
:1064100002F20A43C3400193C9F81420C1E700BF48
:1064200070B50D46084C114606461A46284600230C
:106430002360EBF703FC431C00D070BD2368002BE6
:10644000FBD0336070BD00BFF01F01242DE9F04F79
:10645000936883B09046002B6CD017688D68824695
:106460000C460868083742E0A38913F4906F2DD0DA
:10647000D4E9041505EB4505A0EB010B05EBD5753B
:10648000701C6D105844A8422A4684BF05462A460F
:106490005B0536D511465046EAF726FD00283AD06E
:1064A0005A4621690190F9F79DFFA289019B22F4C8
:1064B000906242F08002A281A5EB0B0203EB0B007D
:1064C000656123612060A2603546B3465A4649465D
:1064D000FAF722F8D8F80830A2682068551B58440B
:1064E0009E1BA5602060C8F808601EB3083757E9F6
:1064F0000296AB46002EF9D0AE42B5D23546B34631
:10650000E4E75046EAF75CFC03460028D4D1216951
:106510005046EAF735FD0C23CAF80030A389002263
:1065200043F040034FF0FF30A381C8E9012203B0DC
:10653000BDE8F08F0020C8F8040003B0BDE8F08F7C
:10654000F0B5114C246885B00646646B1F4651B106
:106550000E4D002C08BF2C46D4F8E040A047431C49
:106560000CD005B0F0BD094A002C08BF14460A46FD
:10657000D4F8E04001A9A047431CF2D100228A23AD
:106580003A60336005B0F0BD8C0E0024B8120024D0
:10659000024B58221A604FF0FF307047F01F012461
:1065A000024B58221A604FF0FF307047F01F012451
:1065B000F8B500BFF8BC08BC9E467047F8B500BFF0
:1065C000F8BC08BC9E4670470000000000000000B8
:1065D00079030408A903040851030408A10404086A
:1065E0006504040800000000000000009103040896
:1065F000BD03040861030408F103040883040408CC
:106600000000000000000000372F0408412F04089C
:106610004D0304084B2F0408552F04085F2F04086E
:10662000772F0408952E0408D92E04086D2F04082E
:10663000232F04082D2F0408852E0408ED090408D3
:10664000A52F04086D717474006375727461696EAE
:10665000006F75747075745F656E61626C655F66FE
:1066600061696C6564004375727461696E436F6E35
:1066700074726F6C6C6572006D6F646275735F77B6
:1066800061746368646F675F6661756C74006D71D7
:1066900074745F7761746368646F675F6661756C5B
:1066A00074006F7065726174696F6E616C0064650F
:1066B000677261646564007265636F7665726564B4
:1066C0000073746172747570004170704C69666516
:1066D0006379636C650073657276696365735F7374
:1066E000746172746564006F75747075745F756E33
:1066F000617661696C61626C6500496F48616C002C
:10670000657870616E73696F6E5F626F756E64003D
:10671000C51A04084B160408491604087468726503
:1067200061645F73746172745F6661696C65640053
:1067300073746F70706564004375727461696E5331
:1067400065727669636500666F726D61745F65720C
:10675000726F7200636F726500494E464F00574179
:10676000524E004552524F5200742B256C75005BFF
:1067700025735D202573205B25735D202573000044
:10678000012604084B16040849160408776561744D
:1067900068657200637774006E6F6E650072656184
:1067A000645F6661696C5F6469616720726F6C65C4
:1067B0003D2573206964783D2575207369643D2506
:1067C000752074626C3D2563207265673D307825C5
:1067D00030345820636E743D257520726573703DAA
:1067E000256420617661696C3D2564206572723D87
:1067F000257300726561645F6F6B5F7765617468B4
:1068000065725F73257500726561645F6F6B5F63AE
:10681000777425755F732575006275735F72657394
:1068200065745F617474656D7074004D6F6462753A
:106830007353657276696365006275735F72657321
:1068400065745F626567696E5F6661696C65640047
:106850006275735F72657365745F6F6B00776561F6
:10686000746865725F706F6C6C696E675F64697382
:1068700061626C656400636F6D6D697373696F6EDF
:106880005F6377745F736C6F745F6F6F62206964AE
:10689000783D25750072656769737465725F63770B
:1068A0007425755F6661696C6564006D6F646275FF
:1068B000735F626567696E5F6661696C65640062DB
:1068C00075735F7265616479000000140100040152
:1068D00001050000992C04084B1604084916040809
:1068E000646863705F6661696C6564004E657477A7
:1068F0006F726B00646863705F7265616479006FCA
:106900007074615F70617373776F72645F636861E5
:106910006E67655F6D6500697269732D636F6E7474
:10692000726F6C732D6F70746100636F6E6E656350
:10693000746564004D7174745365727669636500A3
:10694000636F6E6E6563745F6661696C6564006930
:106950007269732F776F6C64732F74756E6E656CCC
:10696000312F74656C656D657472792F76320070A5
:1069700075626C6973685F6661696C656400313962
:10698000322E3136382E312E313030007B22747366
:106990005F6D73223A256C752C2277696E645F6D8A
:1069A0007073223A252E32662C227261696E223A69
:1069B00025642C226176675F74656D705F63223A8F
:1069C000252E32662C226176675F72685F70637471
:1069D000223A252E32662C227461726765745F70CC
:1069E0006F73223A252E32662C22656D65726765BB
:1069F0006E63795F636C6F7365223A25642C227332
:106A0000757065727669736F725F737461746522F5
:106A10003A25752C22636F6E74726F6C5F656E61C0
:106A2000626C6564223A25642C226D6F6462757312
:106A30005F776561746865725F6672657368223A34
:106A400025642C226D6F646275735F6377745F6673
:106A500072657368223A25642C226D6F64627573C7
:106A60005F6465677261646564223A25642C226DF7
:106A70006F646275735F7761746368646F675F6684
:106A800061756C74223A25642C226D6F6462757393
:106A90005F6C6F6F705F6167655F6D73223A256C25
:106AA000752C226D7174745F6C6F6F705F616765B8
:106AB0005F6D73223A256C752C226D6F646275735D
:106AC0005F726561645F6661696C75726573223AB5
:106AD000256C752C226D6F646275735F77656174C8
:106AE0006865725F6661696C75726573223A256CC0
:106AF000752C226D6F646275735F6377745F666176
:106B0000696C75726573223A256C752C226D7174EF
:106B1000745F636F6E6E6563746564223A25642CDE
:106B2000226E6574776F726B5F7265616479223A69
:106B300025642C226D7174745F636F6E6E6563746F
:106B40005F6661696C75726573223A256C752C22DB
:106B50006D7174745F7075626C6973685F6661698A
:106B60006C75726573223A256C752C22696F5F65AE
:106B70007870616E73696F6E5F626F756E64223AD2
:106B800025642C22696F5F77726974655F6865613F
:106B90006C746879223A25642C22696F5F6F757472
:106BA0007075745F756E6365727461696E223A25E3
:106BB000642C22696F5F77726974655F6661696CC6
:106BC00075726573223A256C752C22696F5F636F4D
:106BD0006E73656375746976655F6661696C7572FD
:106BE0006573223A256C757D0000000000000000EE
:106BF00000000000FDBF04080000000000000000CD
:106C0000A12C04080000000000000000FB2E040876
:106C10000D2F0408FD2E04081B2F0408092F04085B
:106C20000000000000000000372F0408412F040876
:106C30004D0304084B2F0408552F04085F2F040848
:106C4000772F0408952E0408D92E04086D2F040808
:106C5000232F04082D2F0408852E0408FDBF0408E7
:106C6000A52F0408B93604084B1604084916040871
:106C700072656164536F636B65740000000000000F
:106C80000000000095330408B933040801360408F5
:106C900051360408000000000000000061370408BD
:106CA0007B3704084D0304085F37040841524455FC
:106CB000494E4F204F50544120414E414C4F4700C8
:106CC0000000000000000000714104088541040834
:106CD0001B7C0408FB7B04080D610408C3850408C1
:106CE00073610408DB850408055D0408CD410408D0
:106CF00055840408F77B0408D1410408D93E0408F0
:106D0000AD7C040841524455494E4F204F505441E8
:106D1000204449474954414C000000000000000055
:106D200000000000796204088D6204081B7C0408DE
:106D3000FB7B0408816A0408C3850408E56A04082B
:106D4000DB85040825690408CD410408558404083E
:106D5000F77B0408A1620408D93E0408AD7C04084E
:106D600041524455494E4F204F50544120444947C9
:106D70004954414C204D45434800000000000000AC
:106D800000000000656B0408796B04081B7C040894
:106D9000FB7B0408816A0408C3850408E56A0408CB
:106DA000DB85040825690408CD41040855840408DE
:106DB000F77B0408A1620408D93E0408AD7C0408EE
:106DC00041524455494E4F204F5054412044494769
:106DD0004954414C205354534F4C49440000000047
:106DE0000000000000000000FD6B0408116C0408A6
:106DF0001B7C0408FB7B0408816A0408C385040823
:106E0000E56A0408DB85040825690408CD41040807
:106E100055840408F77B0408A1620408D93E0408DD
:106E2000AD7C04080000000000000000697D04083B
:106E30009D7D04081B7C0408FB7B040887800408F4
:106E4000C38504089F800408DB850408717E04085C
:106E5000CD41040855840408F77B04081D7C040810
:106E6000D93E0408AD7C04080000000000000000CA
:106E7000CD870408F18704080D5B003D005D2025E7
:106E8000642525202825642F25642070616765739B
:106E9000290000000000000000000000B386040884
:106EA000BB860408B5860408C98604089D8C0408BE
:106EB0004B16040849160408493243536C61766541
:106EC00000000000000000000000000031880408FD
:106ED000F5C104084D0304084F880408F18804082C
:106EE000058904085D88040875880408C18B0408B6
:106EF00049890408D38804080D880408898904088E
:106F000019880408C18904082188040851880408E4
:106F10005788040805880408A388040800000000B6
:106F200000000000D58C0408F58C04080000000067
:106F300000000000918E0408A58E040800000000E7
:106F400000000000558F04082D8F0408418F0408AD
:106F50000000000000000000FDBF04080000000069
:106F60000000000000C1814001C0804101C080419B
:106F700000C1814001C0804100C1814000C1814009
:106F800001C0804101C0804100C1814000C18140F9
:106F900001C0804100C1814001C0804101C08041E9
:106FA00000C1814001C0804100C1814000C18140D9
:106FB00001C0804100C1814001C0804101C08041C9
:106FC00000C1814000C1814001C0804101C08041B9
:106FD00000C1814001C0804100C1814000C18140A9
:106FE00001C0804101C0804100C1814000C1814099
:106FF00001C0804100C1814001C0804101C0804189
:1070000000C1814000C1814001C0804101C0804178
:1070100000C1814001C0804100C1814000C1814068
:1070200001C0804100C1814001C0804101C0804158
:1070300000C1814001C0804100C1814000C1814048
:1070400001C0804101C0804100C1814000C1814038
:1070500001C0804100C1814001C0804101C0804128
:1070600000C1814000C0C101C30302C2C60607C7F8
:1070700005C5C404CC0C0DCD0FCFCE0E0ACACB0B68
:10708000C90908C8D81819D91BDBDA1A1EDEDF1F98
:10709000DD1D1CDC14D4D515D71716D6D21213D388
:1070A00011D1D010F03031F133F3F23236F6F73738
:1070B000F53534F43CFCFD3DFF3F3EFEFA3A3BFB28
:1070C00039F9F83828E8E929EB2B2AEAEE2E2FEFD8
:1070D0002DEDEC2CE42425E527E7E62622E2E32348
:1070E000E12120E0A06061A163A3A26266A6A76778
:1070F000A56564A46CACAD6DAF6F6EAEAA6A6BABE8
:1071000069A9A86878B8B979BB7B7ABABE7E7FBF17
:107110007DBDBC7CB47475B577B7B67672B2B37307
:10712000B17170B0509091519353529296565797B7
:10713000559594549C5C5D9D5F9F9E5E5A9A9B5BA7
:1071400099595898884849894B8B8A4A4E8E8F4F57
:107150008D4D4C8C448485458747468682424383C7
:10716000418180400000000001000000020000009A
:1071700000010000FD910408199204083B900408E6
:107180004790040851920408D9900408B790040865
:10719000AF900408819104085D910408959004085B
:1071A0007F900408519004080B9104086B90040828
:1071B0006374782D3E736C61766520213D202D31FE
:1071C000002F686F6D652F62696C6C792F41726456
:1071D00075696E6F2F6C69627261726965732F4198
:1071E000726475696E6F4D6F646275732F7372632D
:1071F0002F6C69626D6F646275732F6D6F64627559
:10720000732D7274752E63707000696E74205F6DDB
:107210006F646275735F7274755F6275696C645FC9
:10722000726571756573745F6261736973286D6FE0
:10723000646275735F742A2C20696E742C20696EE9
:10724000742C20696E742C2075696E74385F742AF2
:107250002900726561645F626974730072656164BC
:107260005F696E7075745F626974730072656164E2
:107270005F72656769737465727300726561645FDC
:10728000696E7075745F7265676973746572730097
:10729000496C6C6567616C206E62206F6620766158
:1072A0006C75657320256420696E20257320286D18
:1072B0006178202564290A00496C6C6567616C203F
:1072C0006461746120616464726573732030782531
:1072D000305820696E2025730A00496C6C6567611F
:1072E0006C20646174612061646472657373203022
:1072F0007825305820696E2077726974655F6269FD
:10730000740A00496C6C6567616C2064617461206B
:1073100076616C756520307825305820696E20774D
:10732000726974655F6269742072657175657374E2
:107330002061742061646472657373202530580A7B
:1073400000496C6C6567616C2064617461206164E4
:10735000647265737320307825305820696E207709
:10736000726974655F72656769737465720A004952
:107370006C6C6567616C206E756D626572206F66FE
:107380002076616C75657320256420696E207772A4
:107390006974655F6269747320286D617820256463
:1073A000290A00496C6C6567616C20646174612016
:1073B0006164647265737320307825305820696E7B
:1073C0002077726974655F626974730A00496C6C36
:1073D0006567616C206E756D626572206F662076E0
:1073E000616C75657320256420696E2077726974FD
:1073F000655F72656769737465727320286D617863
:10740000202564290A00496C6C6567616C20646101
:10741000746120616464726573732030782530581C
:1074200020696E2077726974655F7265676973742D
:107430006572730A004C4D42332E312E3400496C74
:107440006C6567616C206E62206F662076616C757A
:10745000657320285725642C205225642920696EE5
:107460002077726974655F616E645F726561645FE5
:1074700072656769737465727320286D617820572F
:1074800025642C20522564290A00496C6C656761CB
:107490006C2064617461207265616420616464724F
:1074A000657373203078253058206F7220777269A9
:1074B0007465206164647265737320307825305878
:1074C0002077726974655F616E645F726561645F85
:1074D0007265676973746572730A00556E6B6E6FBF
:1074E000776E204D6F646275732066756E63746984
:1074F0006F6E20636F64653A2030782530580A003B
:10750000496C6C6567616C2066756E6374696F6E3B
:1075100000496C6C6567616C206461746120616412
:10752000647265737300496C6C6567616C2064619B
:1075300074612076616C756500536C6176652064BA
:107540006576696365206F72207365727665722057
:107550006661696C7572650041636B6E6F776C650F
:1075600064676500536C6176652064657669636560
:10757000206F722073657276657220697320627560
:107580007379004E656761746976652061636B6E1F
:107590006F776C65646765004D656D6F72792070FB
:1075A0006172697479206572726F720047617465E7
:1075B000776179207061746820756E617661696C9D
:1075C00061626C65005461726765742064657669F8
:1075D0006365206661696C656420746F20726573F1
:1075E000706F6E6400496E76616C6964204352432B
:1075F00000496E76616C6964206461746100496E53
:1076000076616C696420657863657074696F6E205B
:10761000636F646500546F6F206D616E79206461E3
:10762000746100526573706F6E7365206E6F7420A5
:1076300066726F6D20726571756573746564207311
:107640006C61766500000000000000000000000092
:1076500001A10408F5C104084D03040853A004085F
:107660003BA004084BA0040843A0040803A004089E
:107670002BA0040817A004089DA004085FA004081C
:107680005BA004080000000000000000EDA1040859
:1076900009A204085B20253032643A253032643A6E
:1076A000253032642E25303364205D20005B202598
:1076B0006C75205D20000000CC760708DB7607089B
:1076C000EA760708F9760708087707085B44424717
:1076D0005F4552524F5220205D20005B4442475F7D
:1076E0005741524E494E475D20005B4442475F4937
:1076F0004E464F2020205D20005B4442475F4445BA
:1077000042554720205D20005B4442475F5645526A
:10771000424F53455D200000E9A504084B160408BC
:107720004916040869AB04084B16040849160408F6
:10773000000002580004025800080258000C0258C9
:10774000001002580014025800180258001C025879
:1077500000200258002402580028025800000000AF
:107760000000000045A70408C5A704084D0304084D
:107770003DA60408B1A8040895A904080DA90408A9
:10778000BDAA0408F1A5040855A60408F5A6040836
:1077900041726475696E6F204F7074610000000063
:1077A000000000000000000081AC04089DAC04084B
:1077B0002FF305088BE9050899E6050887E7050812
:1077C000D1F30508B5E20508B7E2050805F6050896
:1077D00055F6050855E3050879AD0408C1AE04085F
:1077E00025E3050879AC040871AE04089DAE0408D1
:1077F0003DE3050835AE040841AC040845AC040877
:1078000047AC040849AC04085FAC0408B3AC0408F6
:10781000F3AC040827AD04084FAD040885B0040894
:1078200089B004088DB004081003410072006400A0
:10783000750069006E006F0000000000000000008D
:1078400095B20408A9B204087FB7040845E005080A
:107850000000000000000000BDB20408D1B204081E
:10786000C5B8040845E0050800000000000000005D
:107870006DB2040881B2040897B0040845E0050819
:1078800075BA04084B160408491604088025000040
:1078900000000800FFFFFFFF5F72785F73697A6581
:1078A000203D3D2030005F74785F6C6973742E65F5
:1078B0006D7074792829005F72785F6C6973742E1B
:1078C000656D7074792829002F686F6D652F626966
:1078D0006C6C792F2E61726475696E6F31352F7003
:1078E00061636B616765732F61726475696E6F2F79
:1078F00068617264776172652F6D6265645F6F7035
:1079000074612F342E352E302F636F7265732F61A3
:10791000726475696E6F2F5553422F55534243441D
:10792000432E637070007265736F6C7665722E768D
:10793000616C69642829000000000000000000005C
:107940001DB2040851B20408B1B00408ADB5040872
:10795000C9B5040865B30408A9B9040867B20408E6
:10796000E5B204089FB00408A5B0040899B504085E
:10797000A9B0040891B0040893B0040895B00408B5
:107980001603430044004300200044004500560015
:107990004900430045000000A1BF04084B1604083D
:1079A0004916040891BF04084B1604084916040838
:1079B000555342657674002F686F6D652F62696C50
:1079C0006C792F2E61726475696E6F31352F70611D
:1079D000636B616765732F61726475696E6F2F6881
:1079E000617264776172652F6D6265645F6F707438
:1079F000612F342E352E302F636F7265732F6172B5
:107A00006475696E6F2F6D6265642F706C6174664A
:107A10006F726D2F696E636C7564652F706C617425
:107A2000666F726D2F43616C6C6261636B2E6800D0
:107A3000626F6F6C282A7468697329000000000067
:107A400000000000F5BB040851BC0408B1B00408F4
:107A5000ADB50408C9B5040865B30408A9B904089C
:107A600067B20408E5B204089FB00408A5B0040892
:107A700099B50408A9B0040867BB0408A5BD0408AB
:107A800095B0040815BB04083DBB040881BE04087A
:107A9000A9BA0408B5BA04088DA80408D9A804082E
:107AA00049A90408B9BA040821A7040889A7040849
:107AB000BDBA0408D8FEFFFF0000000041BC040866
:107AC0006FBC0408FF070608CF0706083108060840
:107AD000CB070608CB070608CB07060835080608BB
:107AE00039080608350806087DBA040883BA040870
:107AF0008FBA040893BA040899BA04089FBA040814
:107B0000A3BA040835BB04085FBB0408A5BA04087F
:107B1000A7BA0408D4FEFFFF0000000049BC040817
:107B200067BC0408C0FEFFFF000000003DA704087A
:107B3000BFA704084D030408BBBA0408A9A8040899
:107B40008DA9040807A9040885BF0408AFBA040872
:107B5000B7BA0408CDBA0408000000000000000015
:107B600003C004085254582056352E352E33007267
:107B700074785F74696D6572007274785F69646CA3
:107B80006500000000000000000000000000000090
:107B900000000000000000000000000000000000E5
:107BA00000000000000000000000000000000000D5
:107BB00000000000000000000000000005000000C0
:107BC000E803000005000000284D0024100000001C
:107BD00000000000000000000000000000000000A5
:107BE0000000000000000000000000000000000095
:107BF0000000000000000000000000000000000085
:107C00000000000000000000000000000000000074
:107C100000100000307C07086C7C07082DEA04087F
:107C20000DEA0408547C070804000000000000006E
:107C3000797B070800000000304E0024440000005B
:107C4000784E0024800300000100000001000000C5
:107C5000000000000000000000000000684D00244B
:107C6000340000009C4D0024500000006F7B07088A
:107C700000000000EC4D002444000000F8510024F6
:107C800000030000280000000100000000000000C8
:107C90006D616C6C6F635F6D7574657800656E7691
:107CA0005F6D757465780073696E676C65746F6E6F
:107CB0005F6D75746578006D61696E005072652046
:107CC0006D61696E20746872656164206E6F7420E6
:107CD00063726561746564004661696C65642074F3
:107CE0006F2073746172742052544F53000000006F
:107CF000A77C07080B000000D4FD00241C00000036
:107D0000434D5349532D52544F53206572726F7235
:107D10003A20537461636B206F766572666C6F777F
:107D200000434D5349532D52544F53206572726F87
:107D3000723A20495352205175657565206F7665FA
:107D400072666C6F7700434D5349532D52544F5315
:107D5000206572726F723A20557365722054696D96
:107D600065722043616C6C6261636B20517565754F
:107D700065206F766572666C6F7700434D5349538B
:107D80002D52544F53206572726F723A20535444EF
:107D900020432F432B2B206C696272617279206C17
:107DA00069627370616365206E6F742061766169CA
:107DB0006C61626C6500434D5349532D52544F53CF
:107DC000206572726F723A2053544420432F432B24
:107DD0002B206C696272617279206D7574657820F0
:107DE000696E697469616C697A6174696F6E206625
:107DF00061696C656400434D5349532D52544F5390
:107E0000206572726F723A20556E6B6E6F776E00DE
:107E10004E6F7420616C6C6F77656420696E2049C9
:107E2000535220636F6E7465787400537973746570
:107E30006D206973206F7574206F66206D656D6F9E
:107E4000727900506172616D65746572206572723D
:107E50006F72005265736F75726365206E6F742068
:107E6000617661696C61626C65004F706572617406
:107E7000696F6E206E6F7420636F6D706C657465D2
:107E8000642077697468696E207468652074696D10
:107E9000656F757420706572696F6400556E7370DC
:107EA000656369666965642052544F532065727238
:107EB0006F720000107E07082B7E0708437E0708BC
:107EC000537E07086A7E07089C7E07082E2F6D6286
:107ED00065642D6F732F636D7369732F64657669A5
:107EE00063652F72746F732F736F757263652F6D77
:107EF0006265645F7274785F69646C652E6370702C
:107F0000007469636B735F736C657074203C2072DE
:107F1000746F733A3A4B65726E656C3A3A77616981
:107F2000745F666F725F7533325F6D617800667281
:107F30006571203D3D20313030300068616E646CE9
:107F40006572203D3D202849525148616E646C6540
:107F5000725F74294E5649435F4765745665637472
:107F60006F722869727129002E2F6D6265642D6F02
:107F7000732F706C6174666F726D2F696E636C75B0
:107F800064652F706C6174666F726D2F43616C6CE9
:107F90006261636B2E680000F9EF04084B16040859
:107FA000491604084572726F722066726F6D206503
:107FB000746865726E65742048414C202848414CB5
:107FC0005F4554485F444D414572726F7243616C26
:107FD0006C6261636B290A004572726F722066726F
:107FE0006F6D2065746865726E65742048414C2021
:107FF0002848414C5F4554485F4D41434572726F7C
:108000007243616C6C6261636B290A0073746D3337
:10801000325F656D61635F74687265616400000062
:1080200051FC04084B16040849160408000000001F
:108030000000000085F504088BF5040859F60408D3
:108040008FF5040881F8040893F50408DDF50408A9
:1080500079FB04086DF60408C9F90408D5F9040889
:1080600093F5040893F5040895F5040897F50408BA
:10807000ABF50408BDF50408A5F5040825780080D3
:1080800000000000000000000000000000000000F0
:1080900000000000000000000000000000000000E0
:1080A00000000000000000000000000000000000D0
:1080B000000000000000000000000000000000734D
:1080C00079735F6D626F785F6E65772073697A652B
:1080D000206572726F720A007379735F6D626F78D8
:1080E0005F6E657720637265617465206572726F7B
:1080F000720A007379735F6D626F785F667265658F
:10810000206572726F720A007379735F6D626F78A7
:108110005F747279706F7374206572726F720A0087
:108120007379735F617263685F6D626F785F6665B4
:108130007463682074696D652D6F75740A007379B6
:10814000735F617263685F6D626F785F7472796686
:108150006574636820656D7074790A007379735F64
:1081600073656D5F6E657720637265617465206508
:1081700072726F720A007379735F617263685F7302
:10818000656D5F776169742074696D65206F7574C2
:108190000A007379735F73656D5F7369676E616CF5
:1081A000206572726F720A006C7769705F6D75740A
:1081B0006578007379735F6D757465785F6E657748
:1081C000206572726F720A007379735F6D757465E2
:1081D000785F6C6F636B206572726F720A007379DF
:1081E000735F6D757465785F756E6C6F636B20651A
:1081F00072726F720A006C7769705F7379735F6D6A
:1082000075746578007379735F696E69742065723F
:10821000726F722C206D7574657820696E6974694F
:10822000616C697A6174696F6E206661696C6564FE
:108230000A007379735F617263685F70726F74654F
:108240006374206572726F720A007379735F617272
:1082500063685F756E70726F7465637420657272A7
:108260006F720A006C7769705F756E6E616D656420
:108270005F746872656164007379735F74687265B6
:1082800061645F6E6577206E756D626572206572E0
:10829000726F720A00756E61626C6520746F206186
:1082A0006C6C6F63617465207468726561642073BF
:1082B0007461636B0A007379735F746872656164DB
:1082C0005F6E657720637265617465206572726F99
:1082D000720A0000E1820708E2820708E0820708CC
:1082E0000000006C7769705F74637069700001034F
:1082F0001C06000000000000FFFFFFFF2563256350
:108300002564000018000F0011150124585C00249A
:1083100010000800D60101245C5C00241000080055
:108320007F170124605C0024CC000400DE110124CE
:10833000645C00241000080078050124685C0024B7
:1083400060020500FB0501246C5C00241C00040095
:10835000DC020124705C002420000500D20301240B
:10836000745C0024100010007C160124785C00244A
:10837000100008004F0301247C5C0024100008005A
:1083800059020124805C0024A400040043FF00245F
:10839000845C00241C00040002180124885C002472
:1083A00010001000750401248C5C002428000400D7
:1083B000A0FE0024905C00244C830708AC830708CF
:1083C0008883070894830708A08307085883070851
:1083D000048307081C83070828830708708307089D
:1083E0007C83070810830708648307083483070821
:1083F000408307080102030405060707070707076C
:1084000007000000941801248C1801248818012406
:108410008418012403060C1830607800FA0000006C
:1084200061680508E803000079450508E8030000D5
:108430005135050860EA000035300508F4010000F8
:10844000C131050864000000D13D0508E8030000C3
:10845000494B0508FFFFFFFFFFFF00000000000081
:10846000253032783A253032783A253032783A253C
:108470003032783A253032783A25303278000000B0
:10848000000000000000000089B10508F1B10508F6
:1084900041B4050851B305087DB1050819990508CF
:1084A0003D8E05085D8E05089599050865B105089E
:1084B000AD990508C99805086DB1050875B105089D
:1084C000898C0508E99905084D9A0508AD9A0508B3
:1084D000159B0508359B0508899B0508159C050813
:1084E0003D9C0508879C05089F9C0508099D05087B
:1084F000B79C0508C9A00508A59E0508C1A00508E8
:10850000E5A1050871A10508A98F0508818C05085A
:10851000998C0508998C0508B98D0508918C05087A
:10852000918C0508A98D05080000000000000000DE
:10853000D58D05086D92050859930508F78E050835
:108540008B8C0508DD8C0508A18C0508018D0508BC
:10855000918C0508398D0508718D0508BD960508B3
:108560004B16040849160408A39605084B16040880
:108570004916040800000000000000008F9705085D
:10858000B5970508D1960508EB960508D796050816
:10859000F1960508F996050803970508119705084F
:1085A000DB960508E3960508E79605085597050844
:1085B000B1A205084B1604084916040845F400004A
:1085C00044F444F43CF444F439F43AF445F447F404
:1085D00045F43BF447F447F441F441F400002E2FF6
:1085E0006D6265642D6F732F706C6174666F726D50
:1085F0002F696E636C7564652F706C6174666F7241
:108600006D2F53696E676C65746F6E5074722E684F
:108610000070203D3D207265696E746572707265F0
:10862000745F636173743C54202A3E28265F646142
:10863000746129000000000000000000000000003C
:10864000000000000000000000000000000000002A
:10865000000000000000000000000000000000001A
:10866000000000000000000000000000000000000A
:1086700000000000000000000000000000000000FA
:1086800000000000000000000000000000000000EA
:1086900000000000000000000000000000000000DA
:1086A00000000000000000000000000000000000CA
:1086B00000000000000000000000000000000000BA
:1086C000D1AF0508F9AF0508A1B00508DBB0050872
:1086D00021B0050839B0050855F004086DF004080C
:1086E00021A50508D5A4050871A60508E1A405087B
:1086F000B5A60508D5A5050801A5050809A605081C
:108700003DA6050815A5050849A50508BBA405084B
:1087100041A70508C1A4050855B00508FDA705082F
:1087200035A5050843A50508A9EE0408ADEE040823
:10873000B1EE040805F0040801F0040831A50508AD
:108740005DB105083CFFFFFF3CFFFFFF3CFFFFFF63
:108750003CFFFFFF3CFFFFFF3CFFFFFF3CFFFFFF35
:10876000000000003CFFFFFF3CFFFFFF3CFFFFFF5E
:108770003CFFFFFF3CFFFFFF3CFFFFFF3CFFFFFF15
:108780003CFFFFFF3CFFFFFF3CFFFFFF3CFFFFFF05
:108790003CFFFFFF3CFFFFFF3CFFFFFF3CFFFFFFF5
:1087A0003CFFFFFF3CFFFFFF3CFFFFFF000000001E
:1087B0003CFFFFFF3CFFFFFF3CFFFFFF3CFFFFFFD5
:1087C0003CFFFFFF3CFFFFFF000000000000000037
:1087D000D1AF0508F9AF0508A1B00508DBB0050861
:1087E00021B0050839B005080000000000000000B5
:1087F0009DAF05089FAF0508A5AF05089FAF050809
:10880000ADAF0508A5AF0508A5AF0508A5AF0508DC
:10881000A5AF0508B5AF0508B9AF0508C1AF050894
:10882000FDBF0408FDBF040855B0050877B0050872
:1088300079B0050881B0050829A80508ADEE04083F
:10884000B1EE0408B5EE040801F00408FDBF040809
:108850005DB10508000000000000000000000000FD
:10886000000000000000000000000000C400000044
:1088700000000000000000000000000000000000F8
:1088800000000000000000000000000000000000E8
:1088900000000000000000000000000000000000D8
:1088A00000000000000000000000000000000000C8
:1088B0000000000000000000C400000000000000F4
:1088C00000000000000000000000000000000000A8
:1088D00000000000C400000000000000D1AF050847
:1088E000F9AF0508A1B00508DBB0050821B00508FF
:1088F00039B0050800000000000000009DAF050829
:108900009FAF0508A5AF05089FAF0508ADAF0508E7
:10891000A5AF0508A5AF0508A5AF0508A5AF0508D3
:10892000B5AF0508B9AF0508C1AF0508FDBF04081C
:10893000FDBF040855B0050877B0050879B00508F3
:1089400081B005082BA80508ADEE0408B1EE0408B7
:10895000B5EE040801F00408FDBF04085DB1050888
:108960000000000000000000000000000000000007
:1089700000000000000000000000000000000000F7
:1089800000000000000000000000000000000000E7
:1089900000000000000000000000000000000000D7
:1089A00000000000000000000000000000000000C7
:1089B00000000000000000000000000000000000B7
:1089C00000000000000000000000000000000000A7
:1089D0000000000000000000000000000000000097
:1089E000000000000000000000000000D1AF0508FA
:1089F000F9AF0508A1B00508DBB0050821B00508EE
:108A000039B00508000000000000000021A505089D
:108A1000D5A4050871A60508E1A40508B5A60508B2
:108A2000D5A5050801A5050809A605083DA6050860
:108A300015A5050849A50508BBA4050841A7050813
:108A4000C1A4050855B00508FDA7050835A505080A
:108A500043A50508A9EE0408ADEE0408B1EE04082C
:108A600005F0040801F0040831A505085DB105080A
:108A7000188B0708EC890708EC890708D0870708D6
:108A8000DC880708188B0708288C070800000000FE
:108A900000000000000000000000000000000000D6
:108AA0000000000000000000C40000000000000002
:108AB00000000000000000000000000000000000B6
:108AC00000000000000000000000000000000000A6
:108AD0000000000000000000000000000000000096
:108AE0000000000000000000000000000000000086
:108AF0000000000000000000000000000000000076
:108B00000000000000000000000000000000000065
:108B10000000000000000000D1AF0508F9AF050813
:108B2000A1B00508DBB0050821B0050839B005087B
:108B300061A905087FA9050821A50508D5A4050890
:108B400071A60508E1A40508B5A60508D5A5050880
:108B500001A5050809A605083DA6050815A50508EF
:108B600049A50508BBA4050841A70508C1A4050837
:108B700055B00508FDA7050835A5050843A5050856
:108B80002BA80508ADEE0408B1EE040805F00408B2
:108B900001F0040831A505085DB105083CFFFFFFA1
:108BA0003CFFFFFF3CFFFFFF3CFFFFFF3CFFFFFFE1
:108BB0003CFFFFFF3CFFFFFF000000003CFFFFFF0A
:108BC0003CFFFFFF3CFFFFFF3CFFFFFF3CFFFFFFC1
:108BD0003CFFFFFF3CFFFFFF3CFFFFFF3CFFFFFFB1
:108BE0003CFFFFFF3CFFFFFF3CFFFFFF3CFFFFFFA1
:108BF0003CFFFFFF3CFFFFFF3CFFFFFF3CFFFFFF91
:108C00003CFFFFFF3CFFFFFF3CFFFFFF3CFFFFFF80
:108C10003CFFFFFF3CFFFFFF3CFFFFFF3CFFFFFF70
:108C20003CFFFFFF0000000000000000000000000B
:108C30000000000000000000000000000000000034
:108C400069A9050893A905080000000000000000BC
:108C50000000000000000000000000000000000014
:108C60000000000000000000000000000000000004
:108C700000000000000000000000000000000000F4
:108C800000000000000000000000000000000000E4
:108C900029A80508000000000000000000000000F6
:108CA00000000000000000000000000000000000C4
:108CB000000000000000000000000000B9AD050841
:108CC00001AA0508BDAA0508D5A90508B1A9050886
:108CD000C3A905080DAA0508F5AA0508E5AB05080E
:108CE000DDAB050819AC050865AD050881AC0508C4
:108CF0003DAC0508E9A90508F9A90508E1AC050896
:108D0000FDBF040895AF05084B1604084916040872
:108D10000000000000000000000000000000000053
:108D2000B9AD0508FDBF0408FDBF0408FDBF040878
:108D3000FDBF0408FDBF0408FDBF0408FDBF040813
:108D4000E5AB0508DDAB050819AC050865AD050800
:108D500081AC05083DAC0508FDBF0408FDBF040853
:108D6000E1AC0508FDBF04080000000000000000A1
:108D7000D1AF0508F9AF0508A1B00508DBB00508BB
:108D800021B0050839B0050800000000000000000F
:108D90009DAF05089FAF0508A5AF05089FAF050863
:108DA000ADAF0508A5AF0508A5AF0508A5AF050837
:108DB000A5AF0508B5AF0508B9AF0508C1AF0508EF
:108DC000FDBF0408FDBF040855B0050877B00508CD
:108DD00079B0050881B00508A9EE0408ADEE0408D5
:108DE000B1EE0408B5EE040801F00408FDBF040864
:108DF0005DB105082E2F6D6265642D6F732F636F53
:108E00006E6E65637469766974792F6E6574736FBD
:108E1000636B65742F736F757263652F5443505382
:108E20006F636B65742E637070005F777269746531
:108E30007273203D3D2030005F726561646572731E
:108E4000203D3D2030000000CDBB05084B16040836
:108E5000491604080000000000000000CDB9050814
:108E6000E1B90508B9AD050885B7050855B8050885
:108E700025B90508DFB6050829B70508F1B60508C4
:108E80000DB70508E5AB0508DDAB050819AC05080D
:108E900065AD050881AC05083DAC0508D1BA0508EB
:108EA00051B70508E1AC0508DBB605080000000075
:108EB00000000000D9BB0508EDBB0508B9AD0508E9
:108EC00001AA0508BDAA0508D5A90508B1A9050884
:108ED000C3A905080DAA0508F5AA0508E5AB05080C
:108EE000DDAB050819AC050865AD050881AC0508C2
:108EF0003DAC0508E9A90508F9A90508E1AC050894
:108F0000D5BB050819D105084B16040849160408F5
:108F100009D105084B160408491604080000000092
:108F2000000000008DD305089DD305085DA404084A
:108F30007DA404082E2F6D6265642D6F732F6472FB
:108F400069766572732F736F757263652F51535015
:108F5000492E63707000737563636573730000005E
:108F6000000000000000000069D605088DD6050845
:108F700041D6050855D605082E2F6D6265642D6F04
:108F8000732F647269766572732F736F7572636580
:108F90002F53657269616C426173652E6370700056
:108FA0005F7374617469635F70696E6D6170203D99
:108FB0003D204E554C4C0000000000000000000019
:108FC000A1D60508A1D6050835DB05089DDB0508F7
:108FD0000000000000000000FDBF040800000000C9
:108FE00000000000A1D60508A1D60508A5DD0508EA
:108FF000C1DD0508DBDD050829DE050827DD0508DC
:1090000033DD05083FDD050847DD050881DD05087E
:1090100093DD05084FDD050878FFFFFF0000000025
:10902000B9DD0508D5DD05084FDE050821DE050898
:109030002DDD05084BDD050823DD050843DD0508AA
:1090400021D105082BD1050839DD05087DBA0408B2
:1090500083BA04088FBA04088BDD05089DDD050876
:1090600079DD0508A3BA04082E2F6D6265642D6FA3
:10907000732F647269766572732F736F757263658F
:109080002F5761746368646F672E63707000746932
:109090006D656F7574203C3D206765745F6D617808
:1090A0005F74696D656F757428290074696D656FEB
:1090B0007574203E2030002E2F6D6265642D6F7315
:1090C0002F647269766572732F7573622F736F7573
:1090D0007263652F4173796E634F702E63707000F9
:1090E0005F77616974203D3D204E554C4C005F6CAC
:1090F000697374203D3D204E554C4C00000000002B
:10910000000000000000000000000000FDBF040897
:1091100045E005082E2F6D6265642D6F732F647214
:1091200069766572732F7573622F736F75726365DD
:109130002F5553424465766963652E637070005FF6
:109140006C6F636B6564203E203000446576696314
:10915000652073746174652069732022506F776590
:1091600072656422206F72202244657461636865B1
:1091700064220054686520656E64706F696E7420A7
:109180006973206E6F7420696E64657861626C65C6
:109190002E005F7472616E736665722E75736572F0
:1091A0005F63616C6C6261636B203D3D2052657151
:1091B0007565737458666572446F6E6500546865B2
:1091C00020737461636B2069732077616974696EC1
:1091D00067206F6E206120757365722063616C6C0F
:1091E0006261636B20666F722074686520627566C9
:1091F00066657220746F2066696C6C206F722073D4
:1092000074617475732E005F7472616E736665723B
:109210002E757365725F63616C6C6261636B203D78
:109220003D20536574436F6E66696775726174693A
:109230006F6E005F7472616E736665722E75736512
:10924000725F63616C6C6261636B203D3D205365AE
:1092500074496E74657266616365005F7472616EF5
:10926000736665722E757365725F63616C6C6261A3
:10927000636B203D3D2052657175657374002163F9
:109280006F6E666967757265642829005468652089
:1092900073697A65206F6620746865206461746103
:1092A00020746F2072656164206973206C6573732C
:1092B000207468616E20746865206D61782070612B
:1092C000636B65742073697A6520666F72207468B9
:1092D000697320656E64706F696E742E00546865E2
:1092E00020656E64706F696E74206973206E6F7490
:1092F00020696E64657861626C650053697A6520E7
:109300006265696E67207772697474656E2069732F
:1093100020746F6F206C617267652E002128696E62
:10932000666F2D3E666C616773202620454E445063
:109330004F494E545F454E41424C454429006D61B2
:10934000785F7061636B65745F73697A65203C3D1B
:10935000203130323400215F696E697469616C6953
:109360007A656400000000000000000000000000BA
:10937000000000002FF305088BE9050899E60508B1
:1093800087E70508D1F30508B5E20508B7E2050847
:1093900005F6050855F6050855E30508BDE205087C
:1093A000FDBF040825E305082DE305084DE3050886
:1093B00035E305083DE3050845E3050841AC04082D
:1093C00045AC040847AC0408B3E20508FDBF040837
:1093D000FDBF0408FDBF0408FDBF0408FDBF04086D
:1093E00095E30508C1E3050875E3050804030904CE
:1093F00016033000310032003300340035003600EF
:109400003700380039001603550053004200200091
:10941000440045005600490043004500080355003C
:109420005300420012036D006200650064002E00CC
:109430006F007200670006033000310065717565CA
:109440007565002E2F6D6265642D6F732F657665CF
:109450006E74732F736F757263652F6D6265645FD1
:109460007368617265645F7175657565732E63708D
:109470007000737461747573203D3D206F734F4BA2
:10948000007368617265645F6576656E745F71759F
:10949000657565002E2F6D6265642D6F732F686191
:1094A0006C2F736F757263652F6D6265645F637295
:1094B00069746963616C5F73656374696F6E5F6122
:1094C00070692E6300216172655F696E74657272E6
:1094D000757074735F656E61626C65642829000045
:1094E000E8940708C06B0024F5AB060845AB0608F6
:1094F00089AB06089DAD0608C5AD060855AB060844
:1095000065AF060825AB060801000000636F756CA7
:1095100064206E6F742070696E6F75740070696E70
:109520006D6170206D69732D6D6174636800706981
:109530006E6D6170206E6F7420666F756E6420664C
:109540006F72207065726970686572616C002E2F91
:109550006D6265642D6F732F68616C2F736F757208
:1095600063652F6D6265645F7469636B65725F61CB
:1095700070692E63006D617463685F7469636B204A
:10958000213D2071756575652D3E7469636B5F6C57
:109590006173745F72656164005469636B65722006
:1095A0006672657175656E6379206973207A65727C
:1095B0006F005469636B6572206E756D6265722011
:1095C0006F662062697420697320677265617465D3
:1095D00072207468616E203332206F72206C657364
:1095E00073207468616E2034206269747300000017
:1095F000F8950708F86B002425C306083DC3060844
:1096000085C3060899C3060849C3060865C306084A
:10961000FD02060849C20608000000002E2F6D62F8
:1096200065642D6F732F68616C2F736F757263653E
:109630002F6D70752F6D6265645F6D70755F763725
:109640006D2E6300726567696F6E73203E3D203436
:109650000064656661756C74000000000000000025
:1096600000000000FD050608610606080000000075
:10967000000000000000000000000000FDBF040822
:10968000FDBF0408FDBF0408FDBF040823DD050875
:10969000E906060821D105082BD10508ED060608C4
:1096A0007DBA040883BA04088FBA040893BA040880
:1096B00099BA04089FBA0408A3BA04082F002E2FF1
:1096C0006D6265642D6F732F706C6174666F726D5F
:1096D0002F736F757263652F46696C65506174688E
:1096E0002E637070006C656E20213D203000772B5A
:1096F0000053747265616D206F626A206661696CE7
:10970000757265000000000000000000000000000D
:1097100000000000FDBF0408FDBF0408FDBF0408F1
:10972000FDBF040823DD0508E906060821D1050868
:109730002BD10508ED0606087DBA040883BA040893
:109740008FBA040893BA040899BA04089FBA0408A7
:10975000A3BA0408FCFFFFFF0000000000000000A7
:1097600000000000000000000000000000000000F9
:1097700000000000FF070608CF07060831080608AA
:10978000CB070608CB070608CB07060835080608EE
:1097900039080608350806087DBA040883BA0408A3
:1097A0008FBA040893BA040899BA04089FBA040847
:1097B000A3BA0408FDBF0408FDBF0408A5BA040845
:1097C000A7BA0408FCFFFFFF000000000000000033
:1097D000000000002E2F6D6265642D6F732F706C7A
:1097E0006174666F726D2F736F757263652F537935
:1097F0007354696D65722E63707000215F746963C4
:109800006B696E6700215F7469636B696E67202600
:109810002620215F77616B655F74696D655F736595
:10982000740000000000000000000000690B060842
:109830000A52252D34643A202530386C58000A53DA
:10984000502020203A202530386C580A4C522020D5
:10985000203A202530386C580A50432020203A20E6
:109860002530386C580A78505352203A2025303829
:109870006C580A50535020203A202530386C580A32
:109880004D535020203A202530386C58000A435060
:109890005549443A202530386C58000A48465352FE
:1098A000203A202530386C580A4D4D4653523A2004
:1098B0002530386C580A42465352203A2025303819
:1098C0006C580A55465352203A202530386C580AB5
:1098D00044465352203A202530386C580A414653AA
:1098E00052203A202530386C58000A4D4D464152DE
:1098F0003A202530386C58000A42464152203A201E
:109900002530386C58000A4D6F6465203A20546841
:1099100072656164000A50726976203A2055736559
:1099200072000A50726976203A2050726976696C2A
:1099300065676564000A4D6F6465203A2048616E72
:10994000646C6572000A537461636B3A2050535023
:10995000000A537461636B3A204D5350000A2B2B5D
:10996000204D6265644F53204661756C74204861D8
:109970006E646C6572202B2B0A0A4661756C7454F8
:109980007970653A20004D656D4D616E6167654681
:1099900061756C74004275734661756C7400557323
:1099A0006167654661756C740048617264466175F3
:1099B0006C74000A0A436F6E746578743A000A0A80
:1099C0002D2D204D6265644F53204661756C7420C7
:1099D00048616E646C6572202D2D0A0A004661751F
:1099E0006C7420657863657074696F6E002E2E2E1E
:1099F0000A002E2F6D6265642D6F732F706C617479
:109A0000666F726D2F736F757263652F6D6265641B
:109A10005F637269746963616C2E63006372697459
:109A20006963616C5F73656374696F6E5F726565AE
:109A30006E7472616E63795F636F756E74657220A8
:109A40003C2055494E5433325F4D4158003C756EB1
:109A50006E616D65643E00203C68616E646C657289
:109A60003E000A0A2B2B204D6265644F532045723D
:109A7000726F7220496E666F202B2B0A4572726FCF
:109A800072205374617475733A20307825582043DE
:109A90006F64653A202564204D6F64756C653A20CB
:109AA00025640A4572726F72204D65737361676534
:109AB0003A20004B65726E656C204572726F723A87
:109AC000203078256C582C20005468726561643A07
:109AD000203078256C582C20004D757465783A201C
:109AE0003078256C582C200053656D6170686F725A
:109AF000653A203078256C582C20004D656D6F72CA
:109B000079506F6F6C3A203078256C582C200045C6
:109B100076656E74466C6167733A203078256C58B0
:109B20002C200054696D65723A203078256C582CD1
:109B300020004D65737361676551756575653A20E1
:109B40003078256C582C2000417373657274696FEE
:109B50006E206661696C65643A20000A4C6F63612F
:109B600074696F6E3A203078256C58000A46696C2B
:109B7000653A20002B2564000A4572726F722056E8
:109B8000616C75653A203078256C58000A4375720F
:109B900072656E74205468726561643A202573257D
:109BA000732049643A203078256C5820456E7472D1
:109BB000793A203078256C5820537461636B53696F
:109BC0007A653A203078256C5820537461636B4D68
:109BD000656D3A203078256C582053503A20307803
:109BE000256C5820000A466F72206D6F72652069DF
:109BF0006E666F2C2076697369743A20687474708D
:109C0000733A2F2F6D6265642E636F6D2F732F650E
:109C100072726F723F6572726F723D3078253038A4
:109C200058266F737665723D256C6426636F726586
:109C30003D30782530386C5826636F6D703D256453
:109C4000267665723D256C75267467743D4F5054B9
:109C500041000A2D2D204D6265644F5320457272DC
:109C60006F7220496E666F202D2D0A004661746167
:109C70006C2052756E2D74696D65206572726F72FD
:109C80000044656570536C6565704C6F636B206F45
:109C9000766572666C6F7720283E2030784646469F
:109CA00046290044656570536C6565704C6F636B45
:109CB00020756E646572666C6F7720283C203029B1
:109CC00000457863657074696F6E002E2F6D626554
:109CD000642D6F732F706C6174666F726D2F736F6C
:109CE000757263652F6D6265645F7265746172671A
:109CF00065742E6370700028677561726420262079
:109D00004358415F47554152445F4D41534B2920D1
:109D10003D3D20300028677561726420262043583D
:109D2000415F47554152445F4D41534B29203D3DD2
:109D3000204358415F47554152445F494E49545F63
:109D4000494E5F50524F4752455353004572726F10
:109D500072202D2077726974696E6720746F20619C
:109D60002066696C6520696E20616E20495352201F
:109D70006F7220637269746963616C2073656374C8
:109D8000696F6E0D0A000D004572726F72202D20F2
:109D900072656164696E672066726F6D206120660E
:109DA000696C6520696E20616E20495352206F7284
:109DB00020637269746963616C2073656374696F91
:109DC0006E0D0A004F70657261746F72206E657758
:109DD000206F7574206F66206D656D6F72790D0A46
:109DE0000000000000000000000000002918060824
:109DF000611E0608A5180608511806081518060859
:109E00002518060823DD05082118060821D10508B4
:109E10002BD105081B1806087DBA040883BA04086C
:109E20008FBA040893BA040899BA0408751806088A
:109E3000A3BA0408FFFFFFFF6E000000FFFFFFFF53
:109E400069000000FFFFFFFF000000002F73746433
:109E5000657272002F737464696E002F7374646F7F
:109E60007574002E2F6D6265642D6F732F706C6199
:109E700074666F726D2F736F757263652F6D626597
:109E8000645F73746174732E630073746174732000
:109E9000213D204E554C4C002E2F6D6265642D6F78
:109EA000732F72746F732F736F757263652F45769E
:109EB000656E74466C6167732E637070005F6964D1
:109EC000006170706C69636174696F6E5F756E6E4E
:109ED000616D65645F6576656E745F666C616773FE
:109EE000006170706C69636174696F6E5F756E6E2E
:109EF000616D65645F6D75746578002E2F6D6265A8
:109F0000642D6F732F72746F732F736F7572636527
:109F10002F4D757465782E637070005F6964207CC6
:109F20007C206D6265645F6765745F6572726F72D5
:109F30005F696E5F70726F67726573732829004D79
:109F400075746578206C6F636B206661696C6564FD
:109F5000004D7574657820756E6C6F636B2066615B
:109F6000696C6564002E2F6D6265642D6F732F72AE
:109F7000746F732F736F757263652F53656D6170A6
:109F8000686F72652E637070005F696420213D20E8
:109F90006E756C6C7074720053656D6170686F7271
:109FA000652061637175697265206661696C6564BD
:109FB000002E2F6D6265642D6F732F72746F732F77
:109FC000736F757263652F54686973546872656145
:109FD000642E6370700028666C616773203D3D20BD
:109FE0006F73466C6167734572726F7254696D6509
:109FF0006F75742026262072656C5F74696D65200C
:10A00000213D20776169745F666F725F7533325FDF
:10A01000666F726576657229207C7C2028666C618B
:10A020006773203D3D206F73466C616773457272A4
:10A030006F725265736F7572636520262620726594
:10A040006C5F74696D65203D3D2072656C5F74695D
:10A050006D652E7A65726F282929006170706C69B0
:10A06000636174696F6E5F756E6E616D65645F7458
:10A070006872656164002E2F6D6265642D6F732FA9
:10A0800072746F732F736F757263652F5468726586
:10A0900061642E637070006E756C6C707472203D1C
:10A0A0003D205F74696400000000000000000000B3
:10A0B0003D25060879250608018080808080808003
:10A0C0000480808080808080088080808080808084
:10A0D0001080808080808080208080808080808050
:10A0E0004000040810204002040810204000010035
:10A0F00002000400060008000A000C001000200006
:10A100004000800000010000000001020304010281
:10A11000030406070809000001000E0605000E06EC
:10A1200002000E0600000E0602000E0600000000EF
:10A1300008000000005C0040CA1300001600000088
:10A1400000540040CA13000016010000001C005813
:10A15000CA1B00001800000000540040CA13000091
:10A1600018010000001C0058CA1B00001A00000063
:10A1700000580040CA1300003C000000001C0058BA
:10A18000CA1300005100000000580040CA1300002C
:10A190005E000000001C0058CA130000740000009C
:10A1A00000580040CA13000077000000005C004027
:10A1B000CA1300007B000000001C0058CA130000F6
:10A1C000FFFF0000FFFFFFFF00000000170000007E
:10A1D00000540040CA13000017010000001C005882
:10A1E000CA1B00001900000000540040CA13000000
:10A1F00019010000001C0058CA1B00001B000000D1
:10A2000000580040CA13000029000000005C004014
:10A21000CA1300003D000000001C0058CA130000D3
:10A220005000000000580040CA1300005F0000000A
:10A23000001C0058CA1300007500000000580040C0
:10A24000CA13000078000000005C0040CA13000040
:10A250007C000000001C0058CA130000FFFF000033
:10A26000FFFFFFFF00000000290000000050005227
:10A27000D22700003B00000000500052D22700000F
:10A280005800000000500052D22B0000FFFF0000D9
:10A29000FFFFFFFF000000002A00000000500052F6
:10A2A000D22700003C00000000500052D2270000DE
:10A2B0005900000000500052D22B0000FFFF0000A8
:10A2C000FFFFFFFF000000004200000000500052AE
:10A2D000D22700005700000000500052D227000093
:10A2E000FFFF0000FFFFFFFF000000000100000073
:10A2F00000500052D22700003D00000000500052E4
:10A30000D22700005600000000500052D227000063
:10A31000FFFF0000FFFFFFFF000000001200000031
:10A3200000500052D22700005A0000000050005296
:10A33000D2270000FFFF0000FFFFFFFF000000002A
:10A340001600000000500052D22B00001A0000003E
:10A3500000500052D227000066000000005000525A
:10A36000D22B0000FFFF0000FFFFFFFF00000000F6
:10A370000000000000440040D21F00000B0000005D
:10A3800000100140D21F00000B010000000C00581B
:10A39000D20F000010000000004C0040D22300004B
:10A3A0001D00000000480040D21F00001F000000F8
:10A3B000004C0040D2230000290000000050004063
:10A3C000D22300003300000000440040D21F0000F0
:10A3D0003B00000000480040D21F00003E0000008B
:10A3E000007C0040D22300004A00000000780040BA
:10A3F000D21F00005900000000780040D21F00006A
:10A400006D00000000140140D21F00006F0000002A
:10A4100000140140D21F0000FFFF0000FFFFFFFFFC
:10A42000000000000100000000440040D21F0000B6
:10A430000C00000000100140D21F00000C010000C1
:10A44000000C0058D20F00000F000000004C00402C
:10A45000D22300001E00000000480040D21F000070
:10A460001E010000004C0040D22300002800000024
:10A4700000500040D223000034000000004400409F
:10A48000D21F00003C00000000480040D21F000026
:10A490003F000000007C0040D22300004900000083
:10A4A00000780040D21F00005800000000780040F3
:10A4B000D21F00006800000000140140D21F0000FD
:10A4C0006C00000000140140D21F0000FFFF0000DC
:10A4D000FFFFFFFF0000000001000000004C0040F3
:10A4E000D22300000300000000440040D21F0000FF
:10A4F0000800000000780040D22F00000A00000091
:10A5000000100140D21F00000A010000000C00589A
:10A51000D20F00000B000000004C0040D21B0000D6
:10A520001300000000780040D22F0000150000004A
:10A5300000500040D23B0000170000000010014016
:10A54000D21F000017010000000C0058D2230000A9
:10A5500018000000004C0040D22300001B00000047
:10A5600000480040D21F00001C00000000500040C6
:10A57000D23B00001F00000000100140D213000079
:10A580002700000000140140D21F00002B00000033
:10A5900000480040D21F00002B010000004C00408A
:10A5A000D223000030000000004C0040D223000005
:10A5B0003200000000500040D223000036000000AE
:10A5C00000440040D21F0000390000000048004055
:10A5D000D21F000040000000007C0040D223000099
:10A5E0004700000000780040D21F00005600000025
:10A5F00000780040D21F00006900000000140140F4
:10A60000D21F00007E000000004C0040D22300005A
:10A6100089000000004C0040D22300009900000097
:10A62000007C0040D2230000FFFF0000FFFFFFFF7F
:10A630000000000000000000004C0040D223000099
:10A640000200000000440040D21F0000090000008A
:10A6500000100140D21F000009010000000C00584A
:10A66000D20F00000C000000004C0040D21B000084
:10A670000F00000000780040D22F000014000000FE
:10A6800000780040D22F00001600000000100140AA
:10A69000D21F00001601000000500040D23B000015
:10A6A00016020000000C0058D22300001900000020
:10A6B000004C0040D22300001A0000000048004077
:10A6C000D21F00001D00000000500040D23B0000DF
:10A6D0001E00000000100140D21300002600000000
:10A6E00000140140D21F00002A0000000048004072
:10A6F000D21F00002A010000004C0040D2230000BD
:10A700002C00000000500040D22300003100000067
:10A71000004C0040D22300003500000000440040FF
:10A72000D21F00003800000000480040D21F000087
:10A7300041000000007C0040D223000048000000DF
:10A7400000780040D21F0000570000000078004051
:10A75000D21F00006E00000000140140D21F000054
:10A760007D000000004C0040D22300009800000053
:10A77000007C0040D2230000FFFF0000FFFFFFFF2E
:10A78000000000000B00000000000840D22B000079
:10A790000C00000000000840D22B0000FFFF00006A
:10A7A000FFFFFFFF00000000536574537973436C93
:10A7B0006F636B206661696C65640A0049324331DE
:10A7C00032333A20496E76616C696420636C6F6342
:10A7D0006B20736F7572636500493243343A2049C8
:10A7E0006E76616C696420636C6F636B20736F7548
:10A7F000726365004932433A20756E6B6E6F776EF7
:10A8000020696E7374616E6365002E2F6D626564DE
:10A810002D6F732F746172676574732F54415247A3
:10A8200045545F53544D2F5441524745545F535440
:10A830004D333248372F73657269616C5F6465769A
:10A840006963652E6300756172745F727473202191
:10A850003D2028554152544E616D65294E43007587
:10A860006172745F63747320213D202855415254F6
:10A870004E616D65294E43002E2F6D6265642D6F0C
:10A88000732F746172676574732F54415247455436
:10A890005F53544D2F5553425068795F53544D3395
:10A8A000322E63707000687063642E494E5F65706D
:10A8B0005B305D2E6D61787061636B6574203E3D29
:10A8C0002073697A6500726574203D3D2048414CD3
:10A8D0005F4F4B0072657420213D2048414C5F4220
:10A8E000555359006C656E203E3D206D61785F7058
:10A8F00061636B65740000004000000040000000D0
:10A900004000000040000000400000008001000006
:10A910000000000000000000B7940608EF9406084D
:10A920001D970608A1980608B9940608BD96060862
:10A93000E9960608B5940608B5940608BD9406087D
:10A94000C3940608C1950608B5940608C99406087C
:10A95000D1940608FF940608E19506082395060899
:10A9600051950608D5940608FD98060881950608B5
:10A970003D96060861960608199606082F95060862
:10A9800085960608A19506085D9806080005000052
:10A99000310000003C0000003C0000003F000000CF
:10A9A0003F0000003F0000003F00000000000000EA
:10A9B0000000000000000000000000000000000097
:10A9C0000000000000000000000000000000000087
:10A9D00050696E6D6170206572726F723A20777285
:10A9E0006F6E6720706F7274206E756D6265722E67
:10A9F000002E2F6D6265642D6F732F746172676511
:10AA000074732F5441524745545F53544D2F677010
:10AA1000696F5F6170692E630070696E20213D204F
:10AA20002850696E4E616D65294E43002E2F6D6270
:10AA300065642D6F732F746172676574732F544151
:10AA4000524745545F53544D2F6932635F617069BB
:10AA50002E630028687A203D3D2031303030303080
:10AA600029207C7C2028687A203D3D2034303030FD
:10AA7000303029207C7C2028687A203D3D203130F0
:10AA80003030303030290068616E646C652D3E498D
:10AA90006E69742E54696D696E6720213D20300007
:10AAA0006F626A5F732D3E69326320213D20284921
:10AAB00032434E616D65294E43000000A0860100BF
:10AAC00080380100C0D40100000000007A0D0000B1
:10AAD000FA0000005C120000A00F000080020000DD
:10AAE0001400000000000000801A060000E20400CC
:10AAF0000053070000000000840300006400000011
:10AB00001405000058020000FA0000006400000074
:10AB10000000000040420F0000350C00804F120082
:10AB200000000000C201000032000000F40100003B
:10AB3000040100003C000000640000000000000070
:10AB400048414C5F5243435F4F7363436F6E666986
:10AB500067204552524F520A0048414C5F524343CE
:10AB600045785F506572697068434C4B436F6E6601
:10AB70006967204552524F520A0048414C5F4C5081
:10AB800054494D5F496E6974204552524F520A0034
:10AB90000080000010000000007D00001000000098
:10ABA0002E2F6D6265642D6F732F746172676574EB
:10ABB000732F5441524745545F53544D2F70696E63
:10ABC0006D61702E630000000000000000000001B5
:10ABD000010000000000000222000000000000044C
:10ABE0002300000000000008FFFF0000000000003C
:10ABF0000100000002000000040000000800000046
:10AC00001000000020000000400000008000000054
:10AC10000001000000020000000400000008000025
:10AC20000010000000200000004000000080000034
:10AC3000436F6D6D616E6420706172616D2065722D
:10AC4000726F723A2077726F6E672061646472650A
:10AC500073732073697A650A00496E76616C696462
:10AC600020616C742062797465732073697A650061
:10AC700043616E6E6F7420696E697469616C697A84
:10AC8000652055415254207769746820626175646B
:10AC900020726174652025750A00506172697479AB
:10ACA000206973206E6F7420737570706F72746595
:10ACB00064207769746820392D6269742064617436
:10ACC0006120666F726D6174004F6E6C7920372C55
:10ACD0002038206F7220392D62697420646174619C
:10ACE00020666F726D617473206172652073757078
:10ACF000706F72746564004572726F723A206E658F
:10AD0000772073657269616C206F626A6563742075
:10AD10006973207573696E672073616D6520554195
:10AD2000525420617320535444494F002E2F6D62BA
:10AD300065642D6F732F746172676574732F54414E
:10AD4000524745545F53544D2F73657269616C5F70
:10AD50006170692E63006F626A5F732D3E75617268
:10AD60007420213D2028554152544E616D65294E75
:10AD700043006F626A5F732D3E696E646578203EA2
:10AD80003D203000466F7263654F73634F75746F7B
:10AD90006644656570536C65657020636C6F636BAA
:10ADA0002069737375650D0A00466F72636550659F
:10ADB000726970684F75746F6644656570536C6531
:10ADC000657020636C6F636B2069737375650D0A22
:10ADD00000524E4720636C6F636B20636F6E666931
:10ADE0006775726174696F6E206572726F720A00A6
:10ADF00074726E675F696E69743A2048414C5F52A5
:10AE00004E475F496E69740A0000000040420F001F
:10AE10002000000048414C5F495744475F496E6934
:10AE200074206572726F720A000000007374643AD5
:10AE30003A6261645F657863657074696F6E000083
:10AE400094AF070864AE070894AF070884AE0708FC
:10AE500020AF0708A8AE07085CAE070894AF070844
:10AE6000BCAE07084E31305F5F6378786162697607
:10AE70003131355F5F666F726365645F756E7769E8
:10AE80006E6445004E31305F5F6378786162697649
:10AE90003131395F5F666F726569676E5F657863D0
:10AEA000657074696F6E4500537431336261645F1D
:10AEB000657863657074696F6E000000537439655E
:10AEC0007863657074696F6E000000000000000018
:10AED00050AE0708B1C40608BDC40608B5C40608CC
:10AEE0000000000020AF0708F0AE07085CAF0708BD
:10AEF0004E31305F5F637878616269763132305FFE
:10AF00005F73695F636C6173735F747970655F69A8
:10AF10006E666F450000000000000000E4AE070808
:10AF200045D2060859D2060861D3060861D306083F
:10AF300061D4060891D3060831D30608B1D20608B9
:10AF400075D2060894AF07084CAF070853743974DC
:10AF50007970655F696E666F0000000020AF0708BA
:10AF600068AF070844AF07084E31305F5F637878F9
:10AF7000616269763131375F5F636C6173735F74EF
:10AF80007970655F696E666F450000000000000023
:10AF90005CAF0708D5D30608E9D3060861D30608D5
:10AFA00061D3060861D4060891D3060849D406087F
:10AFB00005D40608C9D3060862617369635F7374B8
:10AFC00072696E673A3A5F4D5F636F6E7374727544
:10AFD0006374206E756C6C206E6F742076616C6982
:10AFE0006400000062617369635F737472696E6705
:10AFF0003A3A5F4D5F6372656174650020AF070880
:10B0000014B007085CAE070820AF070824B0070893
:10B01000FCAF0708537431316C6F6769635F657209
:10B02000726F7200537431326C656E6774685F655D
:10B0300072726F720000000000000000FCAF070891
:10B0400075D80608B5D8060871D8060800000000B3
:10B0500008B00708C9D80608DDD8060871D8060860
:10B0600062617369635F737472696E673A3A5F53C2
:10B070005F636F6E737472756374206E756C6C2091
:10B080006E6F742076616C696400000062617369A0
:10B09000635F737472696E673A3A5F535F63726598
:10B0A000617465002C2066756E6374696F6E3A205A
:10B0B00000000000617373657274696F6E20222551
:10B0C0007322206661696C65643A2066696C65204C
:10B0D000222573222C206C696E652025642573253A
:10B0E000730A000000202020202020202020282873
:10B0F0002828282020202020202020202020202038
:10B100002020202020881010101010101010101077
:10B1100010101010100404040404040404040410A7
:10B120001010101010104141414141410101010135
:10B1300001010101010101010101010101010101FF
:10B14000101010101010424242424242020202020B
:10B1500002020202020202020202020202020202CF
:10B16000101010102000000000000000000000007F
:10B1700000000000000000000000000000000000CF
:10B1800000000000000000000000000000000000BF
:10B1900000000000000000000000000000000000AF
:10B1A000000000000000000000000000000000009F
:10B1B000000000000000000000000000000000008F
:10B1C000000000000000000000000000000000007F
:10B1D000000000000000000000000000000000006F
:10B1E0000000000000000000900E0024430000005A
:10B1F000504F5349580000002E0000005375636300
:10B20000657373004E6F74206F776E657200000077
:10B210004E6F20737563682066696C65206F7220BD
:10B220006469726563746F72790000004E6F2073F9
:10B230007563682070726F6365737300496E74651F
:10B24000727275707465642073797374656D2063B0
:10B25000616C6C00492F4F206572726F72000000A4
:10B260004E6F207375636820646576696365206F2F
:10B27000722061646472657373000000417267201C
:10B280006C69737420746F6F206C6F6E67000000C0
:10B290004578656320666F726D6174206572726FA8
:10B2A00072000000536F636B657420616C7265619E
:10B2B000647920636F6E6E656374656400000000DE
:10B2C0004261642066696C65206E756D626572000E
:10B2D0004E6F206368696C6472656E0044657374B8
:10B2E000696E6174696F6E20616464726573732046
:10B2F0007265717569726564000000004E6F206DA3
:10B300006F72652070726F63657373657300000000
:10B310004E6F7420656E6F7567682073706163652A
:10B32000000000005065726D697373696F6E206470
:10B33000656E696564000000426164206164647246
:10B3400065737300446576696365206F722072656A
:10B35000736F7572636520627573790046696C65F9
:10B36000206578697374730043726F73732D64651D
:10B3700076696365206C696E6B0000004E6F207308
:10B380007563682064657669636500004E6F74209C
:10B3900061206469726563746F727900486F7374B9
:10B3A00020697320646F776E00000000436F6E6E3B
:10B3B000656374696F6E20616C7265616479206980
:10B3C0006E2070726F67726573730000497320613D
:10B3D000206469726563746F72790000496E7661EA
:10B3E0006C696420617267756D656E7400000000A1
:10B3F0004E6574776F726B20696E746572666163F7
:10B4000065206973206E6F7420636F6E666967755F
:10B4100072656400436F6E6E656374696F6E206160
:10B42000626F72746564206279206E6574776F72E2
:10B430006B000000546F6F206D616E79206F706536
:10B440006E2066696C657320696E2073797374650C
:10B450006D00000046696C652064657363726970F5
:10B46000746F722076616C756520746F6F206C61EB
:10B47000726765004E6F742061206368617261635A
:10B48000746572206465766963650000546578743C
:10B490002066696C652062757379000046696C6589
:10B4A00020746F6F206C617267650000486F737461
:10B4B00020697320756E726561636861626C6500F6
:10B4C0004E6F207370616365206C656674206F6ECB
:10B4D00020646576696365004E6F742073757070C3
:10B4E0006F72746564000000496C6C6567616C2064
:10B4F0007365656B00000000526561642D6F6E6CB2
:10B50000792066696C652073797374656D0000003D
:10B51000546F6F206D616E79206C696E6B730000E3
:10B5200042726F6B656E2070697065004D61746862
:10B53000656D617469637320617267756D656E74A2
:10B54000206F7574206F6620646F6D61696E206F67
:10B55000662066756E6374696F6E00005265737560
:10B560006C7420746F6F206C61726765000000005E
:10B570004E6F206D657373616765206F662064652B
:10B580007369726564207479706500004964656E42
:10B590007469666965722072656D6F766564000016
:10B5A000496C6C6567616C206279746520736571A4
:10B5B00075656E6365000000446561646C6F636B64
:10B5C000000000004E6574776F726B206973207500
:10B5D0006E726561636861626C6500004E6F206C1D
:10B5E0006F636B004E6F7420612073747265616DC0
:10B5F0000000000053747265616D20696F63746CA4
:10B600002074696D656F7574000000004E6F2073C3
:10B61000747265616D207265736F75726365730016
:10B620005669727475616C20636972637569742000
:10B63000697320676F6E650050726F746F636F6C13
:10B64000206572726F720000556E6B6E6F776E20A0
:10B6500070726F746F636F6C000000004D756C74D6
:10B6600069686F7020617474656D70746564000042
:10B67000426164206D6573736167650046756E6332
:10B6800074696F6E206E6F7420696D706C656D6586
:10B690006E746564000000004469726563746F72C3
:10B6A00079206E6F7420656D7074790046696C65E1
:10B6B000206F722070617468206E616D6520746FF8
:10B6C0006F206C6F6E670000546F6F206D616E7934
:10B6D0002073796D626F6C6963206C696E6B7300A7
:10B6E0004E6F2062756666657220737061636520B7
:10B6F000617661696C61626C650000004E6F206468
:10B7000061746100416464726573732066616D6980
:10B710006C79206E6F7420737570706F72746564CD
:10B720002062792070726F746F636F6C2066616D38
:10B73000696C790050726F746F636F6C2077726FF1
:10B740006E67207479706520666F7220736F636B0B
:10B7500065740000536F636B6574206F7065726170
:10B7600074696F6E206F6E206E6F6E2D736F636BDA
:10B770006574000050726F746F636F6C206E6F742D
:10B7800020617661696C61626C650000436F6E6E6A
:10B79000656374696F6E2072656675736564000019
:10B7A000436F6E6E656374696F6E20726573657446
:10B7B0002062792070656572000000004164647247
:10B7C00065737320616C726561647920696E2075A0
:10B7D0007365000041646472657373206E6F74203A
:10B7E000617661696C61626C65000000536F66741C
:10B7F000776172652063617573656420636F6E6E37
:10B80000656374696F6E2061626F7274000000007E
:10B81000536F636B6574206973206E6F7420636F60
:10B820006E6E656374656400536F636B6574206945
:10B830007320616C726561647920636F6E6E6563FD
:10B84000746564004F7065726174696F6E20636126
:10B850006E63656C656400005374617465206E6F7F
:10B8600074207265636F76657261626C65000000BA
:10B8700050726576696F7573206F776E657220649C
:10B88000696564004F7065726174696F6E206E6FD8
:10B890007420737570706F72746564206F6E20739E
:10B8A0006F636B657400000056616C756520746F82
:10B8B0006F206C6172676520666F722064656669CF
:10B8C0006E656420646174612074797065000000A5
:10B8D0004D65737361676520746F6F206C6F6E6761
:10B8E00000000000436F6E6E656374696F6E2074B4
:10B8F000696D6564206F757400000000494E460054
:10B90000696E66004E414E006E616E00303132331A
:10B91000343536373839414243444546000000004B
:10B9200030313233343536373839616263646566B5
:10B9300000000000286E756C6C29000030000000CB
:10B9400020202020202020202020202020202020F7
:10B9500030303030303030303030303030303030E7
:10B9600020202020202020202020202020202020D7
:10B9700030303030303030303030303030303030C7
:10B9800020202020202020202020202020202020B7
:10B9900030303030303030303030303030303030A7
:10B9A000496E66696E697479000000004E614E0050
:10B9B0000080E03779C34143176E05B5B5B89346AB
:10B9C000F5F93FE9034F384D321D30F94877825A77
:10B9D0003CBF737FDD4F1575000000000000F03F95
:10B9E000000000000000244000000000000059405A
:10B9F0000000000000408F40000000000088C340AD
:10BA000000000000006AF8400000000080842E4121
:10BA100000000000D01263410000000084D797416D
:10BA20000000000065CDCD41000000205FA0024273
:10BA3000000000E876483742000000A2941A6D42E8
:10BA4000000040E59C30A2420000901EC4BCD642DB
:10BA500000003426F56B0C430080E03779C3414386
:10BA600000A0D8855734764300C84E676DC1AB43FC
:10BA7000003D9160E458E143408CB5781DAF15441A
:10BA800050EFE2D6E41A4B4492D54D06CFF08044F5
:10BA9000F64AE1C7022DB544B49DD9794378EA440A
:10BAA00005000000190000007D00000000000000FB
:10BAB000A90BFF7FAB08B100FFFF010412040000D7
:10BAC000990BFF7FA908B100FFFF01040A040000E1
:10BAD000890BFF7FA908B100FFFF010408040000E3
:10BAE000790BFF7FB0B0AC00FFFF01041804000029
:10BAF000690BFF7FAF08B100FFFF010D22040000BA
:10BB00003E04600080010400000000004D0BFF7F38
:10BB1000B0B0A800FFFF0100410BFF7FB0AE0100F5
:10BB2000FFFF011022045A002C0458003C0442007C
:10BB300054040000250BFF7FB0AB0200FFFF01178C
:10BB40001404000020049001003E048E01005422E1
:10BB500078008A0104000000010BFF7FB0AB0200F7
:10BB6000FFFF01101E047600340474004A045000E4
:10BB700070040000E50AFF7FB0AD0200FFFF011F67
:10BB8000500400006004F201007204C80100C20108
:10BB900004F00100D401040000DC0104E201000013
:10BBA000B90AFF7F8408B101B0B0B000FFFF0108FF
:10BBB00016042E0034040000A10AFF7FB0B0AC00D0
:10BBC000FFFF010410040000910AFF7FAD08B100DF
:10BBD000FFFF010D104400007E04000096014800A4
:10BBE00000000000750AFF7F80C92A01B0B0B0AF25
:10BBF000FFFF010D1C38000074040000E80136004E
:10BC000000000000550AFF7FB0AC2F00FFFF010EBF
:10BC1000200400004A0400009E0192010000000080
:10BC2000390AFF7FB0B0A800FFFF01002D0AFF7F97
:10BC3000B0A80100FFFF010E0A0400001266820195
:10BC40000088010400000000110AFF7FB0A8010075
:10BC5000FFFF010C0A0400000E3444004A040000F7
:10BC6000F909FF7FB0AA0100FFFF01100C040000DA
:10BC70002C0C3A004004000044043A00DD09FF7F28
:10BC8000B0AB0200FFFF010C100400001A042000FA
:10BC900026040000C9120181B0B0AF80000000008E
:10BCA00008B10181B0B0008400000000AD09FF7F41
:10BCB000B0A90600FFFF01083C0466005E12000008
:10BCC00008B10181B0B000840000000008B101811A
:10BCD000B0B00084000000008109FF7FB0B0AE006A
:10BCE000FFFF01040E0400003F010181B00CB1AA66
:10BCF000000000006509FF7F08C7B201B0B0B0AC1A
:10BD0000FFFF010814040000620400004D09FF7FDA
:10BD1000B0AD0400FFFF010E203400005C04AA0156
:10BD200000B001040000000008B10181B0B000843F
:10BD3000000000002509FF7FB0AF0800FFFF0119D8
:10BD40001A0400005404D0030078FE0100009A0396
:10BD500004DA0300AC032E000000000008B10181EA
:10BD6000B0B000840000000008B10181B0B00084D0
:10BD700000000000E508FF7FB0A90200FFFF010CF2
:10BD80000E040000120424002A04000008B10181FE
:10BD9000B0B0008400000000C108FF7FB0A9060019
:10BDA000FFFF0108380462005A12000008B1018147
:10BDB000B0B000840000000008B10181B0B0008480
:10BDC0000000000008B10181B0B000840000000054
:10BDD0008908FF7FB0B0AC00FFFF01181404000019
:10BDE0002204700030046E003E046C004A045000CF
:10BDF000680400006508FF7FA908B100FF10210159
:10BE000018080400000E04640014043C013602000B
:10BE10000048044C00500400000100000000000035
:10BE200008B10181B0B00084000000002D08FF7F40
:10BE3000B0B0A800FFFF01002108FF7FB0B0A8004C
:10BE4000FFFF010008B10181B0B0008400000000D4
:10BE50000908FF7FB0AD0A00FFFF0138121A000089
:10BE60002E049E02003E0400004404A2020050146E
:10BE700000007C04DE0100860104DC01009801045E
:10BE8000BE0100B80104A60200D8011600008A0213
:10BE900002AE0200C507FF7FB0B0AA00FFFF010C91
:10BEA000060E00001604660032400000AD07FF7F5A
:10BEB000B0AB0C00FFFF010C240400002C04320086
:10BEC000380400009507FF7FB0AA0B00FFFF010CAC
:10BED000240C4A0034043A004604000008B10181F1
:10BEE000B0B000840000000008B10181B0B000844F
:10BEF000000000006507FF7FB0B0A800FFFF010051
:10BF00005907FF7FB0AD0200FFFF010C06040000DF
:10BF1000203C6C00720400004107FF7FB0B0A80015
:10BF2000FFFF010C040400000A04100018040000C4
:10BF30002907FF7FB0B0AE00FF10190111100400F7
:10BF4000002C3A6E017A047E008201040000010098
:10BF5000000000000507FF7FB0B0AE00FF10190120
:10BF600011100400002C3A6E017A047E0082010454
:10BF70000000010000000000E106FF7FB0A90600FC
:10BF8000FFFF0114080400006004B80100C60104AA
:10BF90000000F40104A00200C106FF7FB0AF1E0044
:10BFA000FFFF010F180C000026E0018802008E023E
:10BFB00004000000A506FF7FB0AB0200FFFF010FE9
:10BFC000040400001EA602C60200CC020400000009
:10BFD0008906FF7FB0B0A800FFFF010C0404000039
:10BFE0000A041000180400007106FF7FB0A90600C3
:10BFF000FFFF0114080400006204BA0100C8010434
:10C000000000F60104A202005106FF7FB0AE1B0043
:10C01000FFFF010F120C0000208801AA0100B001EF
:10C02000040000003506FF7FB0B0A800FFFF010C40
:10C03000040400000A041000180400001D06FF7F1D
:10C04000B0B0A800FFFF010C040400000A041000B7
:10C05000180400000506FF7FB0AB0C00FFFF0112C3
:10C060000C3000005A048A010062047A0086010440
:10C0700000000000E505FF7FB0B0AE00FF10190121
:10C08000105204A00101AC0104B00100B4010E0083
:10C090000001000000000000C105FF7FB0A91000F2
:10C0A000FFFF01352204D401002A04BE01003C1226
:10C0B000D401005204CE01006212D401007804D0F1
:10C0C0000100880112D401009E0104D20100B001D8
:10C0D00004D40100CA010400000000007D05FF7FB8
:10C0E000A908B100FFFF01084A04500056040000EF
:10C0F0006905FF7FAD08B100FF101901100E0400A3
:10C1000000202A52015E0462006604000001000063
:10C11000000000004505FF7FAD08B100FF101901C8
:10C12000100E040000202A52015E04620066040022
:10C1300000010000000000002105FF7FA908B100F8
:10C14000FFFF010C080800001A0422002A04000066
:10C1500008B10181B0B0008400000000FD04FF7F41
:10C16000B0AC0700FFFF01270E0800002004BC014F
:10C17000002A0A00004C04AE01005604AC0100681D
:10C18000048E0100880104C00100A8010400000021
:10C1900008B10181B0B000840000000008B1018145
:10C1A000B0B0008400000000B104FF7FB0B0A80070
:10C1B000FFFF010008B10181B0B000840000000061
:10C1C0009904FF7FB0B0A800FFFF010008B1018112
:10C1D000B0B000840000000008B10181B0B000845C
:10C1E0000000000001970181B0B00B840000000046
:10C1F000A8010181B0B00CB10000000008B10181BC
:10C20000B0B000840000000008B10181B0B000842B
:10C21000000000004504FF7FB0B0A800FFFF010050
:10C220003904FF7FB0B0A800FFFF01002D04FF7F9D
:10C23000B0A93C00FFFF010E1C0400003A0480017D
:10C24000008601040000000008B10181B0B0008444
:10C250000000000008B10181B0B0008400000000BF
:10C2600008B10181B0B000840000000008B1018174
:10C27000B0B000840000000008B10181B0B00084BB
:10C280000000000008B10181B0B00084000000008F
:10C2900008B10181B0B0008400000000BD03FF7F41
:10C2A000B0AA0500FFFF01161614000036048C0129
:10C2B000005004000074049801007C1C0000000081
:10C2C00008B10181B0B000840000000008B1018114
:10C2D000B0B00084000000008103FF7FB0B0A80070
:10C2E000FFFF01007503FF7FB0A80300FFFF010CF3
:10C2F000040C0000141436003C0400005D03FF7FB2
:10C30000A908B100FFFF010C020A000026043E004C
:10C31000440400004503FF7FA908B100FFFF0100AE
:10C320003903FF7FB0B0AC00FFFF01141E04000012
:10C3300024045A002E045800360A42005404000017
:10C340001903FF7FB0A80900FFFF010C060A0000D7
:10C350001C163C00420400000103FF7FB0AA0D0040
:10C36000FFFF010C0A0A00002A16420048040000E0
:10C37000E902FF7FB0AD1000FFFF010C0E1A0000B4
:10C3800042165A006004000008B10181B0B0008478
:10C3900000000000C502FF7FB0AB0A00FFFF0121D3
:10C3A000060A000026048C010030040000560496A2
:10C3B00001006004000086010498010092011E0043
:10C3C0000000000008B10181B0B00084000000004E
:10C3D00008B10181B0B00084000000007D02FF7F41
:10C3E000B0AD0200FFFF01140C2000003004C201B8
:10C3F000009E0104A40100BE0104000008B10181F7
:10C40000B0B00084000000005102FF7FB0AC070014
:10C41000FFFF0129081000002E28E601006004003B
:10C42000007C04D20100860104D00100980104B20E
:10C430000100AC0104EE0100CC011400000000007A
:10C4400008B10181B0B000840000000008B1018192
:10C45000B0B000840000000008B10181B0B00084D9
:10C460000000000008B10181B0B0008400000000AD
:10C4700008B10181B0B000840000000008B1018162
:10C48000B0B0008400000000D101FF7FB0B0AC006C
:10C49000FFFF010C082600003C047E00503A00001B
:10C4A000B901FF7FB0A90800FFFF010C08280000B8
:10C4B0003E0400005A100000A101FF7FB0AC010053
:10C4C000FFFF010C08240000400472007A04000001
:10C4D0008901FF7FB0AB0200FFFF010C04200000C8
:10C4E000380456005E0400007101FF7FB0A8070009
:10C4F000FFFF01040628000008B10181B0B00084EC
:10C50000000000005501FF7FB0AF1800FF101901B7
:10C510001124A6070000EE0704D80901BA08A801F3
:10C5200000000100000000003101FF7FB0AF0400F7
:10C53000FF101D0112200436012A042E017646BC8C
:10C540000100C40104000001000000000000000020
:10C550000901FF7FA908B100FFFF0100FD00FF7F77
:10C560008408B101B0B0B000FF1019010C02060838
:10C57000010C0410051C0A000001007F00007D0072
:10C58000000000000000000008B10181B0B000848C
:10C590000000000008B10181B0B00084000000007C
:10C5A00008B10181B0B0008400000000AD00FF7F41
:10C5B000A908B100FFFF01080E041C00180E0000BE
:10C5C0009900FF7FA908B100FFFF01080E041C00BD
:10C5D000180E00008500FF7FB0A80100FFFF0108D2
:10C5E0000E0418001E04000008B10181B0B00084E0
:10C5F0000000000008B10181B0B00084000000001C
:10C60000D83CFC7F01000000E83DFC7FA4F4FF7FE4
:10C61000543EFC7FACF4FF7F6A3EFC7FB4F4FF7FA6
:10C62000803EFC7FBCF4FF7FDC3EFC7F010000000D
:10C63000FC3EFC7FBCF4FF7F803FFC7F01000000DC
:10C640004640FC7FC8F4FF7F4C40FC7FCCF4FF7F6A
:10C65000AC40FC7FE0F4FF7F4041FC7FFCF4FF7FB7
:10C660005842FC7F10F5FF7F6043FC7F0100000013
:10C67000A844FC7FA908B180F044FC7F01000000C1
:10C68000F444FC7FB0B0A8801845FC7F0100000096
:10C690001846FC7F0CF5FF7F5846FC7F1CF5FF7F9A
:10C6A0008C46FC7F24F5FF7F7847FC7FB0AC098087
:10C6B000B048FC7F30F5FF7FE849FC7F48F5FF7FFD
:10C6C000164BFC7FA908B180644BFC7FAB08B1809E
:10C6D000A84BFC7FAF08B180B44CFC7FB0B0A88001
:10C6E000C24CFC7F3CF5FF7FC84CFC7F40F5FF7FD0
:10C6F000604DFC7F54F5FF7FBC4DFC7F64F5FF7FF0
:10C70000184EFC7F78F5FF7F4C4EFC7FB0A801806F
:10C71000A84EFC7FB0A902800C4FFC7F01000000F6
:10C72000384FFC7FB0AB0680B44FFC7FB0AC0180CB
:10C73000DE4FFC7FB0AB02800450FC7F58F5FF7FDA
:10C740008852FC7F010000009C52FC7F54F5FF7F63
:10C75000A052FC7F01000000E852FC7F50F5FF7FF3
:10C760005C53FC7F5CF5FF7F5C53FC7F60F5FF7FD3
:10C770005C53FC7F64F5FF7FF053FC7F6CF5FF7F1B
:10C780002C54FC7F010000004854FC7FAB3F248008
:10C79000C854FC7F01000000D454FC7F58F5FF7F93
:10C7A0004C55FC7F010000006855FC7FB0B0AA80AA
:10C7B0008C55FC7F010000009E55FC7FB0B0A88026
:10C7C000AC55FC7FB0AD02802456FC7FB0AA01803E
:10C7D0005456FC7FB0AD0280CC56FC7F30F5FF7F15
:10C7E0007857FC7FB0AA01802458FC7FB0A9028052
:10C7F0007C58FC7FB0AF1C80F45AFC7FB0B0A8809E
:10C80000105BFC7FB0AA0180665BFC7F010000002A
:10C810007A5BFC7F14F5FF7F805BFC7F01000000EA
:10C82000C85BFC7F10F5FF7FD05DFC7F30F5FF7F9C
:10C83000D05DFC7F34F5FF7FD05DFC7F0100000000
:10C84000DC5DFC7FB0B0A880005EFC7FB0AA0180F8
:10C85000A45EFC7F20F5FF7FCC5EFC7FA908B18041
:10C86000705FFC7FB0AB02804460FC7FB0AF328071
:10C87000CC61FC7FAA1BB2808862FC7FB0B0AC8028
:10C880002063FC7F010000003463FC7F00F5FF7F24
:10C890003863FC7F010000008063FC7FFCF4FF7FB5
:10C8A000F063FC7F08F5FF7FF063FC7F0CF5FF7FF2
:10C8B000F063FC7F010000001C64FC7F08F5FF7F33
:10C8C0002A64FC7FB0B0AA807C64FC7FB0B0AC80EE
:10C8D000A264FC7F01000000E064FC7FF4F4FF7FB1
:10C8E0006065FC7F01000000AC65FC7FB0AC05809A
:10C8F000E865FC7FB0B0AA800266FC7F0100000002
:10C90000A466FC7FF0F4FF7F1067FC7F010000004D
:10C910001467FC7FB0AC3F80D867FC7F010000004B
:10C92000EC67FC7FFCF4FF7F0068FC7FB0B0AA805E
:10C930002C68FC7F008402803A68FC7F01000000C4
:10C940003868FC7FA908B1808A68FC7FB0B0AA80F3
:10C95000F668FC7F010000000669FC7FA908B18031
:10C96000A269FC7FB0B0A880B469FC7F0100000020
:10C97000186AFC7FB8F4FF7F1C6AFC7FBCF4FF7F61
:10C98000386AFC7F01000000626AFC7FB8F4FF7F18
:10C99000686AFC7F01000000B06AFC7FB4F4FF7F8E
:10C9A000E86BFC7FF0F4FF7F586CFC7F00F5FF7FA5
:10C9B000A06CFC7F10F5FF7FF86CFC7F20F5FF7FFB
:10C9C000F86CFC7F24F5FF7FF86CFC7F0100000011
:10C9D000FC6CFC7FB0AB0680566DFC7FB0AB048076
:10C9E0007E6DFC7F01000000786DFC7FB0B0AA80F6
:10C9F000A86DFC7F01000000AE6DFC7FB0B0AC8084
:10CA0000EC6DFC7FA908B180F86DFC7FB0AF0280AF
:10CA10003C6FFC7F01000000786FFC7FAB08B180A9
:10CA2000A46FFC7F01000000C66FFC7FA908B180E5
:10CA3000F86FFC7FB0AF0A80F471FC7FB0A805806E
:10CA40000872FC7FB0AE01808273FC7FB0B0AE8014
:10CA5000EA73FC7FB0AB02800C74FC7F0100000025
:10CA60003C74FC7FB0B0AA806C74FC7F01000000B5
:10CA7000EC77FC7FB0B0AC802878FC7F78F4FF7F47
:10CA80003478FC7FB0A801806878FC7FB0B0A880C3
:10CA90008879FC7F01000000A679FC7FA908B1809D
:10CAA000C279FC7F01000000127BFC7FB0AD0280E8
:10CAB0001C7CFC7F4CF4FF7F907CFC7F5CF4FF7F50
:10CAC000A87CFC7FB0AF0480287EFC7F01000000C2
:10CAD000287EFC7FB0AF02809C7FFC7F01000000BD
:10CAE0009C7FFC7FB0AF0280B880FC7F010000001B
:10CAF000B880FC7FB0AF02806481FC7F0100000041
:10CB00006281FC7FB0A90280A681FC7FB0AB02806D
:10CB1000DC81FC7FB0AE0180A082FC7F01000000C0
:10CB20009E82FC7FB0AE01806883FC7FB0AB028048
:10CB30009083FC7FB0AE01804885FC7F010000003F
:10CB40004685FC7FB0A902808485FC7F010000003F
:10CB50008285FC7FB0AD0280EE85FC7F0100000085
:10CB6000EC85FC7FB0AD02805C86FC7FB0AA0180C2
:10CB70008086FC7FB0AD0280D887FC7F010000007A
:10CB8000D687FC7FB0A902801488FC7F01000000DA
:10CB90001288FC7FB0AC01806088FC7F010000003F
:10CBA0005E88FC7FB0AC0180BA88FC7F0100000089
:10CBB000B888FC7FB0AB02803C89FC7F010000009C
:10CBC0003A89FC7FB0AE0180A489FC7F010000009F
:10CBD000A289FC7FB0AA0180D289FC7F01000000FD
:10CBE000208AFC7FB0AD0280288BFC7FB0AF048030
:10CBF000548CFC7F01000000528CFC7FB0AA0180A5
:10CC0000A08CFC7F010000009E8CFC7FB0B0A8804F
:10CC1000E88CFC7F1CF3FF7F6C8DFC7FB0B0A8809C
:10CC2000B68DFC7F30F3FF7F3C8EFC7F4CF3FF7FA3
:10CC3000648FFC7F64F3FF7F7490FC7F0100000031
:10CC4000C490FC7FB0A90480C494FC7FB0AB028088
:10CC50002295FC7FB0AC01806E95FC7F0100000046
:10CC60007496FC7FB0A80180A896FC7FB0B0AA8023
:10CC7000F096FC7F010000002C97FC7F38F3FF7FCB
:10CC80008498FC7F4CF3FF7F9C98FC7FB0AA0180C6
:10CC9000F098FC7F01000000EE98FC7FB0AD0280B0
:10CCA0004E99FC7F010000004C99FC7FB0A90280E6
:10CCB0008A99FC7F010000008899FC7FB0AD02805A
:10CCC000F899FC7F01000000F699FC7FB0AE01806E
:10CCD000669AFC7F01000000649AFC7F0CF3FF7FE2
:10CCE0008C9BFC7F24F3FF7F3C9CFC7FB0A90480DD
:10CCF000909DFC7FB0AA0180EC9DFC7FB0AD0280CE
:10CD0000649EFC7F01000000849EFC7FB0B0A88080
:10CD1000909EFC7F10F3FF7FA89EFC7FB0A801804F
:10CD2000DC9EFC7F01000000FC9EFC7FB0B0A88070
:10CD3000089FFC7F08F3FF7F209FFC7FB0A8018045
:10CD4000549FFC7F01000000A09FFC7FB0B0A88032
:10CD5000E89FFC7FB0AE058064A0FC7F010000006E
:10CD600074A0FC7FB0B0AC80F4A0FC7FB0B0A88011
:10CD700008A1FC7F0100000018A1FC7FA908B18078
:10CD800074A1FC7F010000009CA1FC7FC8F2FF7F22
:10CD900020A2FC7FA908B1809AA2FC7F01000000BC
:10CDA000E4A2FC7FD0F2FF7FB4A3FC7FB0B0AA80E6
:10CDB000ECA3FC7FE4F2FF7FD4A4FC7F20F3FF7F91
:10CDC00036A5FC7F2CF3FF7F9EA5FC7F48F3FF7FF9
:10CDD00006A6FC7FB0AB088016A7FC7FA908B1802F
:10CDE00044A7FC7F010000007CA7FC7FB0B0AE80B0
:10CDF0004CA8FC7FAB08B18098A8FC7FAF08B1803D
:10CE000040A9FC7FB0AF0280C0ACFC7FA908B18014
:10CE10006CADFC7F0100000094AEFC7FB0AD0280E1
:10CE2000F8AEFC7F0100000048B0FC7FB0A9048090
:10CE30005CB1FC7F01000000E4B1FC7FB0AB02807C
:10CE400046B2FC7FB0A8018056B2FC7FB0AC018036
:10CE50008AB2FC7FB0AF02805AB3FC7F01000000B1
:10CE600058B3FC7FB0AC0180DAB3FC7F0100000056
:10CE7000D8B3FC7FB0AF0280A2B4FC7F01000000F9
:10CE8000A0B4FC7FB0AC01800AB5FC7F01000000BB
:10CE900008B5FC7FB0AF0280BCB5FC7FB0AC0180B0
:10CEA00012B6FC7FB0AD02801AB7FC7FB0A801803B
:10CEB0002AB7FC7FB0AB02805AB7FC7F01000000AC
:10CEC000B2B7FC7FA908B180BEB7FC7F01000000AB
:10CED000F8B7FC7FB0AE018094B8FC7F0100000081
:10CEE00094B9FC7F54F2FF7FBAB9FC7F01000000C7
:10CEF000E2B9FC7FA908B180F8B9FC7FB0B0A88086
:10CF000088BAFC7FB0A80380B8BAFC7FAA3F018032
:10CF100014BBFC7FB0AA3F80E8BBFC7F010000008F
:10CF200044BCFC7F2CF2FF7F48BCFC7F010000006A
:10CF300090BCFC7F28F2FF7F5CBDFC7F54F2FF7F3A
:10CF40005CBDFC7F58F2FF7F5CBDFC7F01000000F0
:10CF500084BDFC7F54F2FF7F9CBDFC7F010000007C
:10CF6000C8BDFC7FB0B0A880E4BDFC7FAD08B18037
:10CF70006ABEFC7F010000009EBEFC7F38F2FF7F8E
:10CF8000B0BEFC7F01000000C4BEFC7FB0B0AA8030
:10CF900000BFFC7F0100000020BFFC7FB0B0A88074
:10CFA00054BFFC7F01000000ACBFFC7FB0A83F80F5
:10CFB000CCBFFC7FB0B0A880E0BFFC7F01000000C8
:10CFC00018C0FC7FFCF1FF7F48C0FC7F010000001F
:10CFD00080C0FC7FB0B0A88092C0FC7F0100000040
:10CFE0009EC0FC7FB0B0A880C6C0FC7F01000000DE
:10CFF000C6C0FC7FB0B0A880E0C0FC7FB0B0AA8003
:10D000000AC1FC7FB0B0AC8054C1FC7FC0F1FF7F8F
:10D0100070C1FC7FAB08B180E4C1FC7FBCF1FF7F35
:10D02000F8C1FC7FB0B0A88028C2FC7F01000000DE
:10D0300060C2FC7FAB08B1808CC2FC7F01000000A5
:10D04000C2CFFC7FB0A80180F2CFFC7F01000000BE
:10D050000ED0FC7FB0B0A88044D0FC7FB0B0AA80D6
:10D06000A0D0FC7F01000000B0D0FC7FB0B0AA804F
:10D07000E8D0FC7FB0B0A8802CD1FC7F010000007C
:10D08000E4D1FC7F60F1FF7F24D2FC7FB0AA0B804B
:10D0900088D2FC7F01000000ACD2FC7F54F1FF7FFE
:10D0A000DCD2FC7F0100000008D3FC7F50F1FF7F41
:10D0B00040D3FC7FB0B0A88064D3FC7F4CF1FF7FED
:10D0C00090D3FC7F50F1FF7F94D3FC7F54F1FF7F1E
:10D0D000ACD3FC7F01000000B8D3FC7F50F1FF7F90
:10D0E00048D4FC7F64F1FF7F60D4FC7F68F1FF7F50
:10D0F00078D4FC7FB0B0A88098D4FC7F01000000F9
:10D100009ED4FC7F5CF1FF7FA0D4FC7F0100000077
:10D11000D0D4FC7F58F1FF7FD0D4FC7F5CF1FF7F3F
:10D12000D0D4FC7FB0B0AA8014D5FC7FB0B0A8806A
:10D1300024D5FC7F0100000052D5FC7FB0A80180FF
:10D14000B4D5FC7F40F1FF7FD8D5FC7FB0B0AA807A
:10D15000ECD5FC7FB0B0B080ECD5FC7FB0A80180EE
:10D1600028D6FC7FB0B0AC8056D6FC7FB0B0B08083
:10D1700054D6FC7FB0B0AA809CD6FC7FA93F028029
:10D180000CD7FC7FA908B18020D7FC7FB0B0B0805D
:10D1900020D7FC7FB0B0A88040D7FC7FA908B18021
:10D1A00066D7FC7FB0B0B08064D7FC7FB0B0A880F9
:10D1B00098D7FC7FA908B180D4D7FC7FB0B0B080ED
:10D1C000D4D7FC7FB0B0A88020D8FC7FA908B1805C
:10D1D00058D8FC7F0100000088D8FC7FB4F0FF7FA6
:10D1E0008CD8FC7F01000000D4D8FC7FB0F0FF7F1A
:10D1F00070D9FC7FCCF0FF7F70D9FC7FD0F0FF7F2F
:10D2000070D9FC7F0100000040DAFC7FB0B0A8803C
:10D210004EDAFC7FA908B18060DAFC7F01000000D3
:10D2200060DAFC7FB4F0FF7F74DAFC7F010000005D
:10D2300082DAFC7FB0AB0280BADAFC7FB0B0AA80A1
:10D240000EDBFC7FAB08B18030DBFC7FB0AA058031
:10D25000B8DBFC7F01000000DCDBFC7FA908B180AB
:10D2600010DCFC7F0100000034DCFC7FB0B0A88043
:10D2700050DCFC7FB0AC0380C8DCFC7FB0AA01802E
:10D28000ECDCFC7FB0B0A88022DDFC7F58F0FF7F93
:10D290005ADDFC7FB0B0A88064DDFC7F60F0FF7FCA
:10D2A000B4DDFC7FB0B0A880DCDDFC7F01000000B5
:10D2B0006CDFFC7F60F0FF7F98DFFC7F01000000E7
:10D2C00024E0FC7FA908B1809CE0FC7FB0AC018029
:10D2D0001EE1FC7FB0B0A88058E1FC7FB0B0AA800E
:10D2E000A8E1FC7F3CF0FF7F08E2FC7FB0B0AA80A1
:10D2F000A8E2FC7FB0B0A880B4E2FC7FA908B180AE
:10D30000C8E2FC7FAB08B18030E3FC7F34F0FF7FE4
:10D3100078E3FC7F44F0FF7FD4E3FC7FB0B0A880CB
:10D32000FCE3FC7FAD08B18056E4FC7FB0AB048029
:10D330009CE4FC7F3CF0FF7F14E5FC7FB0B0A8804C
:10D3400034E5FC7F010000007CE5FC7FB0A9028091
:10D35000D2E5FC7F01000000F2E5FC7F2CF0FF7FAE
:10D36000F8E5FC7F0100000040E6FC7F28F0FF7F2D
:10D37000FCE6FC7F50F0FF7FFCE6FC7F54F0FF7F73
:10D38000FCE6FC7F0100000026E7FC7FB0B0B08027
:10D3900024E7FC7F0100000024E7FC7FB0B0A880F8
:10D3A0002CE7FC7FB0B0B0802CE7FC7FA908B180EF
:10D3B00064E7FC7F008402807CE7FC7FB0B0B08033
:10D3C0007CE7FC7F0084028096E7FC7FB0B0B080F1
:10D3D00096E7FC7FAD08B180C8E7FC7F0100000044
:10D3E000E8E7FC7FA908B18006E8FC7F01000000A7
:10D3F00088E8FC7FE8EFFF7F50E9FC7FA908B18057
:10D4000062E9FC7F010000006CE9FC7FB0B0A880FD
:10D4100094E9FC7FAB08B180BCE9FC7F010000000F
:10D4200002EAFC7FD8EFFF7F08EAFC7F01000000E2
:10D4300050EAFC7FD4EFFF7F4CEBFC7FB0B0B080B4
:10D440004CEBFC7F0100000048EBFC7FF4EFFF7F1A
:10D4500048EBFC7FF8EFFF7F48EBFC7FFCEFFF7FA2
:10D4600048EBFC7F0100000094EBFC7FF8EFFF7FAE
:10D4700092EBFC7FB0AF0480F4ECFC7F0100000075
:10D4800074EDFC7FB0B0AC8098EDFC7F0100000033
:10D49000B6EDFC7FDCEFFF7FB6EDFC7F0100000006
:10D4A000C0EDFC7FA908B180CCEDFC7FB0AA09805B
:10D4B000FEEDFC7F0100000014EEFC7FB0B0A88000
:10D4C00036EEFC7FB0B0AC8058EEFC7F010000006F
:10D4D00078EEFC7FB0B0A880A8EEFC7FB0B0AA8048
:10D4E000C8EEFC7FB0B0A880DCEEFC7F010000003D
:10D4F000ECEEFC7F0084028008EFFC7F010000005E
:10D5000008EFFC7F78EFFF7F1CEFFC7F010000003D
:10D5100058EFFC7FB0B0AA8070EFFC7F6CEFFF7F0C
:10D52000FCEFFC7F7CEFFF7F68F0FC7F8CEFFF7FE0
:10D53000ECF0FC7F9CEFFF7F4CF1FC7FACEFFF7FBA
:10D5400088F1FC7F0100000084EFFE7FAB08B18012
:10D550003CF0FE7FA4EFFF7F6CF0FE7FAB08B18054
:10D56000F8F0FE7FA0EFFF7FD4F5FE7F0100000002
:10D5700094F7FE7FB4EFFF7F68F8FE7FD4EFFF7F64
:10D58000E0F8FE7F0100000070F9FE7FD0EFFF7F22
:10D5900090F9FE7F010000009CF9FE7FECEFFF7F19
:10D5A0009CF9FE7FF0EFFF7FA8F9FE7F01000000ED
:10D5B000CCF9FE7FB0AB028074FAFE7F0100000060
:10D5C00040FBFE7FB0B0A8807CFBFE7F0100000026
:10D5D000CCFBFE7FAB08B180FCFBFE7FB0B0A88027
:10D5E00064FCFE7F0100000048FDFE7FB0B0AC800F
:10D5F0006CFDFE7F0100000098FDFE7FB0AA038055
:10D60000C8FDFE7F010000006C00FF7F94EFFF7FEC
:10D61000AC00FF7F01000000D000FF7FB0AC0180B4
:10D620003401FF7F010000006801FF7FB0AA018084
:10D63000C001FF7FB0B0A880D801FF7F70EFFF7FEF
:10D640000002FF7F7CEFFF7F2802FF7F01000000C8
:10D65000A802FF7FB0B0A880F802FF7F01000000A1
:10D66000F402FF7FB0B0AA807C03FF7F68EFFF7FEA
:10D670009C03FF7FB0B0A880A803FF7F01000000DB
:10D68000D807FF7FB0A902807408FF7FB0B0A880E0
:10D69000C408FF7F01000000D008FF7FB0B0AA805F
:10D6A0000809FF7FAE71B280C809FF7F010000004A
:10D6B000C409FF7FAB3F38801C0AFF7F01000000D8
:10D6C000280AFF7FB0B0AA80640AFF7F0100000033
:10D6D000080BFF7FAB0EB280700BFF7FB0AF0880EE
:10D6E0003C0EFF7F01000000400EFF7FAC3F038037
:10D6F000B810FF7F010000009412FF7F00840480B7
:10D70000A812FF7F01000000A412FF7FB0AD0480CB
:10D710006015FF7FB0A803808015FF7FCCEEFF7FF0
:10D720008415FF7FD0EEFF7F9015FF7F0100000082
:10D7300000000000FF01020000000011FFFFFFFFDA
:10D74000FFFFFFFFFFFF000000F001088600000060
:10D750000000000000000000000000008500000044
:10D760000000000000000000000000008700000032
:10D770000000000000000000000000008400000025
:10D780000000000000000000000000002700000072
:10D790000000000000000000000000002600000063
:10D7A0000000000000000000000000000800000071
:10D7B00000000000000000000000000080000000E9
:10D7C00000000000000000000000000083000000D6
:10D7D00000000000000000000000000081000000C8
:10D7E00000000000000000000000000082000000B7
:10D7F00000000000000000000000000078000000B1
:10D8000000000000000000000000000077000000A1
:10D81000000000000000000000000000690000009F
:10D820000000000000000000000000006E0000008A
:10D8300000000000000000000000000000080000E0
:10D8400000000000000000000000000022080000AE
:10D850000000000000000000000000005C0000006C
:10D8600000000000000000000000000010000000A8
:10D870000000000000000000000000005A0000004E
:10D880000000000000000000000000005800000040
:10D890000000000000000000000000005600000032
:10D8A0000000000000000000000000005400000024
:10D8B0000000000000000000000000007B000000ED
:10D8C0000000000000000000000000007C000000DC
:10D8D0000000000000000000000000004500000003
:10D8E00000000000000000000000000086000000B2
:10D8F00000000000000000000000000085000000A3
:10D900000000000000000000000000008700000090
:10D910000000000000000000000000008400000083
:10D920000000000000000000000000006E00000089
:10D9300000000000000000000000000005000000E2
:10D9400000000000000000000000000006000000D1
:10D9500000000000000000000000000007000000C0
:10D9600000000000000000000000000008000000AF
:10D97000000000000000000000000000090000009E
:10D980000000000000000000000000000A0000008D
:10D990000000000000000000000000000B0000007C
:10D9A0000000000000000000000000000C0000006B
:10D9B0000000000000000000000000000D0000005A
:10D9C0000000000000000000000000000E00000049
:10D9D0000000000000000000000000000F00000038
:10D9E0000000000000000000000000001000000027
:10D9F0000000000000000000000000001100000016
:10DA00000000000000000000000000001200000004
:10DA100000000000000000000000000013000000F3
:10DA200000000000000000000000000014000000E2
:10DA300000000000000000000000000015000000D1
:10DA400000000000000000000000000016000000C0
:10DA500000000000000000000000000017000000AF
:10DA6000000000000000000000000000180000009E
:10DA7000000000000000000000000000190000008D
:10DA80000000000000000000000000001A0000007C
:10DA90000000000000000000000000001B0000006B
:10DAA0000000000000000000000000001C0000005A
:10DAB0000000000000000000000000001D00000049
:10DAC0000000000000000000000000001E00000038
:10DAD0000000000000000000000000001F00000027
:10DAE0000000000000000000000000002000000016
:10DAF0000000000000000000000000002100000005
:10DB000000000000000000000000000022000000F3
:10DB100000000000000000000000000023000000E2
:10DB200000000000000000000000000024000000D1
:10DB300000000000000000000000000025000000C0
:10DB400000000000000000000000000026000000AF
:10DB5000000000000000000000000000270000009E
:10DB6000000000000000000000000000280000008D
:10DB7000000000000000000000000000290000007C
:10DB80000000000000000000000000002A0000006B
:10DB90000000000000000000000000002B0000005A
:10DBA0000000000000000000000000002C00000049
:10DBB0000000000000000000000000002D00000038
:10DBC0000000000000000000000000002E00000027
:10DBD0000000000000000000000000002F00000016
:10DBE0000000000000000000000000003000000005
:10DBF00000000000000000000000000031000000F4
:10DC000000000000000000000000000032000000E2
:10DC100000000000000000000000000033000000D1
:10DC200000000000000000000000000034000000C0
:10DC300000000000000000000000000035000000AF
:10DC4000000000000000000000000000360000009E
:10DC5000000000000000000000000000370000008D
:10DC6000000000000000000000000000380000007C
:10DC7000000000000000000000000000390000006B
:10DC80000000000000000000000000003A0000005A
:10DC90000000000000000000000000003B00000049
:10DCA0000000000000000000000000003C00000038
:10DCB0000000000000000000000000003D00000027
:10DCC0000000000000000000000000003E00000016
:10DCD0000000000000000000000000003F00000005
:10DCE00000000000000000000000000040000000F4
:10DCF00000000000000000000000000041000000E3
:10DD000000000000000000000000000042000000D1
:10DD100000000000000000000000000043000000C0
:10DD200000000000000000000000000044000000AF
:10DD3000000000000000000000000000450000009E
:10DD4000000000000000000000000000460000008D
:10DD5000000000000000000000000000470000007C
:10DD6000000000000000000000000000480000006B
:10DD7000000000000000000000000000490000005A
:10DD80000000000000000000000000004A00000049
:10DD90000000000000000000000000004B00000038
:10DDA0000000000000000000000000004C00000027
:10DDB0000000000000000000000000004D00000016
:10DDC0000000000000000000000000004E00000005
:10DDD0000000000000000000000000004F000000F4
:10DDE00000000000000000000000000050000000E3
:10DDF00000000000000000000000000051000000D2
:10DE000000000000000000000000000052000000C0
:10DE100000000000000000000000000053000000AF
:10DE2000000000000000000000000000540000009E
:10DE3000000000000000000000000000550000008D
:10DE4000000000000000000000000000560000007C
:10DE5000000000000000000000000000570000006B
:10DE6000000000000000000000000000580000005A
:10DE70000000000000000000000000005900000049
:10DE80000000000000000000000000005A00000038
:10DE90000000000000000000000000005B00000027
:10DEA0000000000000000000000000005C00000016
:10DEB0000000000000000000000000005D00000005
:10DEC0000000000000000000000000005E000000F4
:10DED0000000000000000000000000005F000000E3
:10DEE00000000000000000000000000060000000D2
:10DEF00000000000000000000000000061000000C1
:10DF000000000000000000000000000062000000AF
:10DF1000000000000000000000000000630000009E
:10DF2000000000000000000000000000640000008D
:10DF3000000000000000000000000000650000007C
:10DF4000000000000000000000000000660000006B
:10DF5000000000000000000000000000670000005A
:10DF60000000000000000000000000006800000049
:10DF70000000000000000000000000006900000038
:10DF80000000000000000000000000006A00000027
:10DF90000000000000000000000000006B00000016
:10DFA0000000000000000000000000006C00000005
:10DFB0000000000000000000000000006D000000F4
:10DFC0000000000000000000000000006E000000E3
:10DFD0000000000000000000000000006F000000D2
:10DFE00000000000000000000000000070000000C1
:10DFF00000000000000000000000000071000000B0
:10E00000000000000000000000000000720000009E
:10E01000000000000000000000000000730000008D
:10E02000000000000000000000000000740000007C
:10E03000000000000000000000000000750000006B
:10E04000000000000000000000000000760000005A
:10E050000000000000000000000000007700000049
:10E060000000000000000000000000007800000038
:10E070000000000000000000000000007900000027
:10E080000000000000000000000000007A00000016
:10E090000000000000000000000000007B00000005
:10E0A0000000000000000000000000007C000000F4
:10E0B0000000000000000000000000007D000000E3
:10E0C0000000000000000000000000007E000000D2
:10E0D0000000000000000000000000007F000000C1
:10E0E00000000000000000000000000080000000B0
:10E0F000000000000000000000000000810000009F
:10E10000000000000000000000000000820000008D
:10E11000000000000000000000000000830000007C
:10E12000000000000000000000000000840000006B
:10E13000000000000000000000000000850000005A
:10E140000000000000000000000000008600000049
:10E150000000000000000000000000008700000038
:10E160000000000000000000000000008800000027
:10E170000000000000000000000000008900000016
:10E180000000000000000000000000008A00000005
:10E190000000000000000000000000008B000000F4
:10E1A0000000000000000000000000008C000000E3
:10E1B0000000000000000000000000008D000000D2
:10E1C0000000000000000000000000008E000000C1
:10E1D0000000000000000000000000008F000000B0
:10E1E000000000000000000000000000900000009F
:10E1F000000000000000000000000000910000008E
:10E20000000000000000000000000000920000007C
:10E21000000000000000000000000000930000006B
:10E22000000000000000000000000000940000005A
:10E230000000000000000000000000009500000049
:10E240000000000000000000000000009600000038
:10E250000000000000000000000000009700000027
:10E260000000000000000000000000009800000016
:10E270000000000000000000000000009900000005
:10E280000000000000000000000000009A000000F4
:10E290000000000000000000000000009B000000E3
:10E2A0000000000000000000000000009C000000D2
:10E2B0000000000000000000000000009D000000C1
:10E2C0000000000000000000000000009E000000B0
:10E2D0000000000000000000000000009F0000009F
:10E2E000000000000000000000000000A00000008E
:10E2F000000000000000000000000000A10000007D
:10E30000000000000000000000000000A20000006B
:10E31000000000000000000000000000A30000005A
:10E32000000000000000000000000000A400000049
:10E33000000000000000000000000000A500000038
:10E34000000000000000000000000000A600000027
:10E35000000000000000000000000000A700000016
:10E36000000000000000000000000000647B0708BF
:10E37000D3B3FB020000000000000000000000001A
:10E38000000000000000000000000000000000008D
:10E39000000000000000000000000000000000007D
:10E3A000000000000000000000000000000000006D
:10E3B000000000000000000000000000000000005D
:10E3C000000000000000000000000000000000004D
:10E3D000000000000000000000000000000000003D
:10E3E000000000000000000000000000000000002D
:10E3F000000000000000000000000000000000001D
:10E40000000000000000000000000000000000000C
:10E4100045ED040881F904089DF504085DF9040838
:10E4200039F90408A1F5040800C000C0000000008C
:10E43000FC0C00240108080808000000000000008F
:10E440000000000000022001486048600000000059
:10E4500000000000888801D1F400030000000000E3
:10E46000000000000000000154C8455000000000FA
:10E47000000000000000000002200116080010004B
:10E4800025000000001C04B12F0000000100000066
:10E49000010000001302060813020608FFFFFFFF39
:10E4A000FFFFFFFFFFFFFFFF000000000000000074
:10E4B000000000000000000000000000000000005C
:10E4C000000000000000000000000000000000004C
:10E4D000000000000000000000000000000000003C
:10E4E000000000000000000000000000000000002C
:10E4F000000000000000000000000000000000001C
:10E50000000000000000000000000000000000000B
:10E5100000000000000000000000000000000000FB
:10E5200000000000000000000000000000000000EB
:10E5300000000000000000000000000000000000DB
:10E5400000000000000000000000000000000000CB
:10E5500000000000000000000000000000000000BB
:10E5600000000000000000000000000000000000AB
:10E57000000000000000000000000000000000009B
:10E58000000000000000000000000000000000008B
:10E59000000000000000000000000000182001241E
:10E5A00001000000100000000090D0030090D00394
:10E5B00001000000F918060821CF0608900E00247B
:10E5C000000000007C110024E41100244C120024FF
:10E5D000000000000000000000000000000000003B
:10E5E000000000000000000000000000000000002B
:10E5F000000000000000000000000000000000001B
:10E60000000000000000000000000000000000000A
:10E6100000000000000000000000000000000000FA
:10E6200000000000000000000000000000000000EA
:10E6300000000000000000000000000000000000DA
:10E6400000000000000000000000000000000000CA
:10E6500000000000000000000000000000000000BA
:10E6600000000000000000000100000000000000A9
:10E670000E33CDAB34126DE6ECDE05000B0000006E
:10E68000000000000000000000000000000000008A
:10E69000000000000000000000000000000000007A
:10E6A000000000000000000000000000000000006A
:10E6B000000000000000000000000000000000005A
:10E6C000000000000000000000000000000000004A
:10E6D000000000000000000000000000000000003A
:10E6E000000000000000000000000000000000002A
:10E6F000000000000000000000000000000000001A
:10E700000000000000000000000000000000000009
:10E7100000000000000000000000000000000000F9
:10E7200000000000000000000000000000000000E9
:10E7300000000000000000000000000000000000D9
:10E7400000000000000000000000000000000000C9
:10E7500000000000000000000000000000000000B9
:10E7600000000000000000000000000000000000A9
:10E770000000000000000000000000000000000099
:10E780000000000000000000000000000000000089
:10E790000000000000000000000000000000000079
:10E7A0000000000000000000000000000000000069
:10E7B0000000000000000000000000000000000059
:10E7C0000000000000000000000000000000000049
:10E7D0000000000000000000000000000000000039
:10E7E0000000000000000000000000000000000029
:10E7F0000000000000000000000000000000000019
:10E800000000000000000000000000000000000008
:10E8100000000000000000000000000000000000F8
:10E8200000000000000000000000000000000000E8
:10E8300000000000000000000000000000000000D8
:10E8400000000000000000000000000000000000C8
:10E8500000000000000000000000000000000000B8
:10E8600000000000000000000000000000000000A8
:10E870000000000000000000000000000000000098
:10E880000000000000000000000000000000000088
:10E890000000000000000000000000000000000078
:10E8A0000000000000000000000000000000000068
:10E8B0000000000000000000000000000000000058
:10E8C0000000000000000000000000000000000048
:10E8D0000000000000000000000000000000000038
:10E8E0000000000000000000000000000000000028
:10E8F0000000000000000000000000000000000018
:10E900000000000000000000000000000000000007
:10E9100000000000000000000000000000000000F7
:10E9200000000000000000000000000000000000E7
:10E9300000000000000000000000000000000000D7
:10E9400000000000000000000000000000000000C7
:10E9500000000000000000000000000000000000B7
:10E9600000000000000000000000000000000000A7
:10E970000000000000000000000000000000000097
:10E980000000000000000000000000000000000087
:10E990000000000000000000000000000000000077
:10E9A0000000000000000000000000000000000067
:10E9B0000000000000000000000000000000000057
:10E9C0000000000000000000000000000000000047
:10E9D0000000000000000000000000000000000037
:10E9E00000000000000000004300000000000000E4
:10E9F0000000000000000000000000000000000017
:10EA000000000000000000004300000000000000C3
:10EA100000000000000000000000000000000000F6
:10EA200000000000000000004300000000000000A3
:10EA300000000000000000000000000000000000D6
:10EA40000000000000000000430000000000000083
:10EA500000000000000000000000000000000000B6
:10EA60000000000000000000430000000000000063
:10EA70000000000000000000000000000000000096
:10EA80000000000000000000430000000000000043
:10EA90000000000000000000000000000000000076
:10EAA0000000000000000000430000000000000023
:10EAB0000000000000000000000000000000000056
:10EAC0000000000000000000B54D0708B50207086F
:10EAD00000000000E4B00708F8B10708B0B007086C
:10EAE000B0B00708B0B00708B0B00708B0B007086A
:10EAF000B0B00708B0B00708B0B00708B0B007085A
:10EB0000FFFFFFFFFFFFFFFFFFFFFFFFFFFF000013
:10EB1000010041534349490000000000000000008B
:10EB200000000000000000000000000000000000E5
:10EB3000000041534349490000000000000000006C
:10EB400000000000000000000000000000000000C5
:10EB50000000000000000000000000002414002459
:10EB6000241400242C1400242C1400243414002415
:10EB7000341400243C1400243C14002444140024C5
:10EB8000441400244C1400244C1400245414002475
:10EB9000541400245C1400245C1400246414002425
:10EBA000641400246C1400246C14002474140024D5
:10EBB000741400247C1400247C1400248414002485
:10EBC000841400248C1400248C1400249414002435
:10EBD000941400249C1400249C140024A4140024E5
:10EBE000A4140024AC140024AC140024B414002495
:10EBF000B4140024BC140024BC140024C414002445
:10EC0000C4140024CC140024CC140024D4140024F4
:10EC1000D4140024DC140024DC140024E4140024A4
:10EC2000E4140024EC140024EC140024F414002454
:10EC3000F4140024FC140024FC1400240415002403
:10EC4000041500240C1500240C15002414150024B0
:10EC5000141500241C1500241C1500242415002460
:10EC6000241500242C1500242C1500243415002410
:10EC7000341500243C1500243C15002444150024C0
:10EC8000441500244C1500244C1500245415002470
:10EC9000541500245C1500245C1500246415002420
:10ECA000641500246C1500246C15002474150024D0
:10ECB000741500247C1500247C1500248415002480
:10ECC000841500248C1500248C1500249415002430
:10ECD000941500249C1500249C150024A4150024E0
:10ECE000A4150024AC150024AC150024B415002490
:10ECF000B4150024BC150024BC150024C415002440
:10ED0000C4150024CC150024CC150024D4150024EF
:10ED1000D4150024DC150024DC150024E41500249F
:10ED2000E4150024EC150024EC150024F41500244F
:10ED3000F4150024FC150024FC15002404160024FE
:10ED4000041600240C1600240C16002414160024AB
:10ED5000141600241C1600241C160024241600245B
:10ED6000241600242C1600242C160024341600240B
:10ED7000341600243C1600243C16002444160024BB
:10ED8000441600244C1600244C160024541600246B
:10ED9000541600245C1600245C160024641600241B
:10EDA000641600246C1600246C16002474160024CB
:10EDB000741600247C1600247C160024841600247B
:10EDC000841600248C1600248C160024941600242B
:10EDD000941600249C1600249C160024A4160024DB
:10EDE000A4160024AC160024AC160024B41600248B
:10EDF000B4160024BC160024BC160024C41600243B
:10EE0000C4160024CC160024CC160024D4160024EA
:10EE1000D4160024DC160024DC160024E41600249A
:10EE2000E4160024EC160024EC160024F41600244A
:10EE3000F4160024FC160024FC16002404170024F9
:10EE4000041700240C1700240C17002414170024A6
:10EE5000141700241C1700241C1700242417002456
:10EE6000241700242C1700242C1700243417002406
:10EE7000341700243C1700243C17002444170024B6
:10EE8000441700244C1700244C1700245417002466
:10EE9000541700245C1700245C1700246417002416
:10EEA000641700246C1700246C17002474170024C6
:10EEB000741700247C1700247C1700248417002476
:10EEC000841700248C1700248C1700249417002426
:10EED000941700249C1700249C170024A4170024D6
:10EEE000A4170024AC170024AC170024B417002486
:10EEF000B4170024BC170024BC170024C417002436
:10EF0000C4170024CC170024CC170024D4170024E5
:10EF1000D4170024DC170024DC170024E417002495
:10EF2000E4170024EC170024EC170024F417002445
:10EF3000F4170024FC170024FC17002404180024F4
:10EF4000041800240C1800240C18002414180024A1
:10EF5000141800241C1800241C180024FFFFFFFFB5
:10EF6000000002000000000095A50408BD0204088E
:10EF7000C909040825160408ED1C0408412E0408DC
:10EF8000AD5C0408257504086D870408A58C040889
:10EF9000098F0408998F0408CDA104087DA30408F3
:10EFA00071AB0408A9BF0408CDC1040829C4040832
:10EFB0005DEE040895EE0408ADF10408812606080C
:10EFC00081CC06080000000099020408000000003F
:040000050806900158
:00000001FF
